word_id	ref	surface	lemma	morph
01010101	Matt.1.1	Βίβλος	biblos	N-:----NSF-
01010102	Matt.1.1	γενέσεως	genesis	N-:----GSF-
01010103	Matt.1.1	Ἰησοῦ	iēsous	N-:----GSM-
01010104	Matt.1.1	χριστοῦ	christos	N-:----GSM-
01010105	Matt.1.1	υἱοῦ	huios	N-:----GSM-
01010106	Matt.1.1	Δαυὶδ	dauid	N-:----GSM-
01010107	Matt.1.1	υἱοῦ	huios	N-:----GSM-
01010108	Matt.1.1	Ἀβραάμ	abraam	N-:----GSM-
01010201	Matt.1.2	Ἀβραὰμ	abraam	N-:----NSM-
01010202	Matt.1.2	ἐγέννησεν	gennaō	V-:3AAI-S--
01010203	Matt.1.2	τὸν	ho	RA:----ASM-
01010204	Matt.1.2	Ἰσαάκ	isaak	N-:----ASM-
01010205	Matt.1.2	Ἰσαὰκ	isaak	N-:----NSM-
01010206	Matt.1.2	δὲ	de	C-:--------
01010207	Matt.1.2	ἐγέννησεν	gennaō	V-:3AAI-S--
01010208	Matt.1.2	τὸν	ho	RA:----ASM-
01010209	Matt.1.2	Ἰακώβ	iakōb	N-:----ASM-
01010210	Matt.1.2	Ἰακὼβ	iakōb	N-:----NSM-
01010211	Matt.1.2	δὲ	de	C-:--------
01010212	Matt.1.2	ἐγέννησεν	gennaō	V-:3AAI-S--
01010213	Matt.1.2	τὸν	ho	RA:----ASM-
01010214	Matt.1.2	Ἰούδαν	ioudas	N-:----ASM-
01010215	Matt.1.2	καὶ	kai	C-:--------
01010216	Matt.1.2	τοὺς	ho	RA:----APM-
01010217	Matt.1.2	ἀδελφοὺς	adelphos	N-:----APM-
01010218	Matt.1.2	αὐτοῦ	autos	RP:----GSM-
01010301	Matt.1.3	Ἰούδας	ioudas	N-:----NSM-
01010302	Matt.1.3	δὲ	de	C-:--------
01010303	Matt.1.3	ἐγέννησεν	gennaō	V-:3AAI-S--
01010304	Matt.1.3	τὸν	ho	RA:----ASM-
01010305	Matt.1.3	Φαρὲς	phares	N-:----ASM-
01010306	Matt.1.3	καὶ	kai	C-:--------
01010307	Matt.1.3	τὸν	ho	RA:----ASM-
01010308	Matt.1.3	Ζάρα	zara	N-:----ASM-
01010309	Matt.1.3	ἐκ	ek	P-:--------
01010310	Matt.1.3	τῆς	ho	RA:----GSF-
01010311	Matt.1.3	Θαμάρ	thamar	N-:----GSF-
01010312	Matt.1.3	Φαρὲς	phares	N-:----NSM-
01010313	Matt.1.3	δὲ	de	C-:--------
01010314	Matt.1.3	ἐγέννησεν	gennaō	V-:3AAI-S--
01010315	Matt.1.3	τὸν	ho	RA:----ASM-
01010316	Matt.1.3	Ἑσρώμ	hesrōm	N-:----ASM-
01010317	Matt.1.3	Ἑσρὼμ	hesrōm	N-:----NSM-
01010318	Matt.1.3	δὲ	de	C-:--------
01010319	Matt.1.3	ἐγέννησεν	gennaō	V-:3AAI-S--
01010320	Matt.1.3	τὸν	ho	RA:----ASM-
01010321	Matt.1.3	Ἀράμ	aram	N-:----ASM-
01010401	Matt.1.4	Ἀρὰμ	aram	N-:----NSM-
01010402	Matt.1.4	δὲ	de	C-:--------
01010403	Matt.1.4	ἐγέννησεν	gennaō	V-:3AAI-S--
01010404	Matt.1.4	τὸν	ho	RA:----ASM-
01010405	Matt.1.4	Ἀμιναδάβ	aminadab	N-:----ASM-
01010406	Matt.1.4	Ἀμιναδὰβ	aminadab	N-:----NSM-
01010407	Matt.1.4	δὲ	de	C-:--------
01010408	Matt.1.4	ἐγέννησεν	gennaō	V-:3AAI-S--
01010409	Matt.1.4	τὸν	ho	RA:----ASM-
01010410	Matt.1.4	Ναασσών	naassōn	N-:----ASM-
01010411	Matt.1.4	Ναασσὼν	naassōn	N-:----NSM-
01010412	Matt.1.4	δὲ	de	C-:--------
01010413	Matt.1.4	ἐγέννησεν	gennaō	V-:3AAI-S--
01010414	Matt.1.4	τὸν	ho	RA:----ASM-
01010415	Matt.1.4	Σαλμών	salmōn	N-:----ASM-
01010501	Matt.1.5	Σαλμὼν	salmōn	N-:----NSM-
01010502	Matt.1.5	δὲ	de	C-:--------
01010503	Matt.1.5	ἐγέννησεν	gennaō	V-:3AAI-S--
01010504	Matt.1.5	τὸν	ho	RA:----ASM-
01010505	Matt.1.5	Βόες	boes	N-:----ASM-
01010506	Matt.1.5	ἐκ	ek	P-:--------
01010507	Matt.1.5	τῆς	ho	RA:----GSF-
01010508	Matt.1.5	Ῥαχάβ	rhachab	N-:----GSF-
01010509	Matt.1.5	Βόες	boes	N-:----NSM-
01010510	Matt.1.5	δὲ	de	C-:--------
01010511	Matt.1.5	ἐγέννησεν	gennaō	V-:3AAI-S--
01010512	Matt.1.5	τὸν	ho	RA:----ASM-
01010513	Matt.1.5	Ἰωβὴδ	iōbēd	N-:----ASM-
01010514	Matt.1.5	ἐκ	ek	P-:--------
01010515	Matt.1.5	τῆς	ho	RA:----GSF-
01010516	Matt.1.5	Ῥούθ	rhouth	N-:----GSF-
01010517	Matt.1.5	Ἰωβὴδ	iōbēd	N-:----NSM-
01010518	Matt.1.5	δὲ	de	C-:--------
01010519	Matt.1.5	ἐγέννησεν	gennaō	V-:3AAI-S--
01010520	Matt.1.5	τὸν	ho	RA:----ASM-
01010521	Matt.1.5	Ἰεσσαί	iessai	N-:----ASM-
01010601	Matt.1.6	Ἰεσσαὶ	iessai	N-:----NSM-
01010602	Matt.1.6	δὲ	de	C-:--------
01010603	Matt.1.6	ἐγέννησεν	gennaō	V-:3AAI-S--
01010604	Matt.1.6	τὸν	ho	RA:----ASM-
01010605	Matt.1.6	Δαυὶδ	dauid	N-:----ASM-
01010606	Matt.1.6	τὸν	ho	RA:----ASM-
01010607	Matt.1.6	βασιλέα	basileus	N-:----ASM-
01010608	Matt.1.6	Δαυὶδ	dauid	N-:----NSM-
01010609	Matt.1.6	δὲ	de	C-:--------
01010610	Matt.1.6	ἐγέννησεν	gennaō	V-:3AAI-S--
01010611	Matt.1.6	τὸν	ho	RA:----ASM-
01010612	Matt.1.6	Σολομῶνα	solomōn	N-:----ASM-
01010613	Matt.1.6	ἐκ	ek	P-:--------
01010614	Matt.1.6	τῆς	ho	RA:----GSF-
01010615	Matt.1.6	τοῦ	ho	RA:----GSM-
01010616	Matt.1.6	Οὐρίου	ourias	N-:----GSM-
01010701	Matt.1.7	Σολομὼν	solomōn	N-:----NSM-
01010702	Matt.1.7	δὲ	de	C-:--------
01010703	Matt.1.7	ἐγέννησεν	gennaō	V-:3AAI-S--
01010704	Matt.1.7	τὸν	ho	RA:----ASM-
01010705	Matt.1.7	Ῥοβοάμ	rhoboam	N-:----ASM-
01010706	Matt.1.7	Ῥοβοὰμ	rhoboam	N-:----NSM-
01010707	Matt.1.7	δὲ	de	C-:--------
01010708	Matt.1.7	ἐγέννησεν	gennaō	V-:3AAI-S--
01010709	Matt.1.7	τὸν	ho	RA:----ASM-
01010710	Matt.1.7	Ἀβιά	abia	N-:----ASM-
01010711	Matt.1.7	Ἀβιὰ	abia	N-:----NSM-
01010712	Matt.1.7	δὲ	de	C-:--------
01010713	Matt.1.7	ἐγέννησεν	gennaō	V-:3AAI-S--
01010714	Matt.1.7	τὸν	ho	RA:----ASM-
01010715	Matt.1.7	Ἀσάφ	asaph	N-:----ASM-
01010801	Matt.1.8	Ἀσὰφ	asaph	N-:----NSM-
01010802	Matt.1.8	δὲ	de	C-:--------
01010803	Matt.1.8	ἐγέννησεν	gennaō	V-:3AAI-S--
01010804	Matt.1.8	τὸν	ho	RA:----ASM-
01010805	Matt.1.8	Ἰωσαφάτ	iōsaphat	N-:----ASM-
01010806	Matt.1.8	Ἰωσαφὰτ	iōsaphat	N-:----NSM-
01010807	Matt.1.8	δὲ	de	C-:--------
01010808	Matt.1.8	ἐγέννησεν	gennaō	V-:3AAI-S--
01010809	Matt.1.8	τὸν	ho	RA:----ASM-
01010810	Matt.1.8	Ἰωράμ	iōram	N-:----ASM-
01010811	Matt.1.8	Ἰωρὰμ	iōram	N-:----NSM-
01010812	Matt.1.8	δὲ	de	C-:--------
01010813	Matt.1.8	ἐγέννησεν	gennaō	V-:3AAI-S--
01010814	Matt.1.8	τὸν	ho	RA:----ASM-
01010815	Matt.1.8	Ὀζίαν	ozias	N-:----ASM-
01010901	Matt.1.9	Ὀζίας	ozias	N-:----NSM-
01010902	Matt.1.9	δὲ	de	C-:--------
01010903	Matt.1.9	ἐγέννησεν	gennaō	V-:3AAI-S--
01010904	Matt.1.9	τὸν	ho	RA:----ASM-
01010905	Matt.1.9	Ἰωαθάμ	iōatham	N-:----ASM-
01010906	Matt.1.9	Ἰωαθὰμ	iōatham	N-:----NSM-
01010907	Matt.1.9	δὲ	de	C-:--------
01010908	Matt.1.9	ἐγέννησεν	gennaō	V-:3AAI-S--
01010909	Matt.1.9	τὸν	ho	RA:----ASM-
01010910	Matt.1.9	Ἀχάζ	achaz	N-:----ASM-
01010911	Matt.1.9	Ἀχὰζ	achaz	N-:----NSM-
01010912	Matt.1.9	δὲ	de	C-:--------
01010913	Matt.1.9	ἐγέννησεν	gennaō	V-:3AAI-S--
01010914	Matt.1.9	τὸν	ho	RA:----ASM-
01010915	Matt.1.9	Ἑζεκίαν	hezekias	N-:----ASM-
01011001	Matt.1.10	Ἑζεκίας	hezekias	N-:----NSM-
01011002	Matt.1.10	δὲ	de	C-:--------
01011003	Matt.1.10	ἐγέννησεν	gennaō	V-:3AAI-S--
01011004	Matt.1.10	τὸν	ho	RA:----ASM-
01011005	Matt.1.10	Μανασσῆ	manassēs	N-:----ASM-
01011006	Matt.1.10	Μανασσῆς	manassēs	N-:----NSM-
01011007	Matt.1.10	δὲ	de	C-:--------
01011008	Matt.1.10	ἐγέννησεν	gennaō	V-:3AAI-S--
01011009	Matt.1.10	τὸν	ho	RA:----ASM-
01011010	Matt.1.10	Ἀμώς	amōs	N-:----ASM-
01011011	Matt.1.10	Ἀμὼς	amōs	N-:----NSM-
01011012	Matt.1.10	δὲ	de	C-:--------
01011013	Matt.1.10	ἐγέννησεν	gennaō	V-:3AAI-S--
01011014	Matt.1.10	τὸν	ho	RA:----ASM-
01011015	Matt.1.10	Ἰωσίαν	iōsias	N-:----ASM-
01011101	Matt.1.11	Ἰωσίας	iōsias	N-:----NSM-
01011102	Matt.1.11	δὲ	de	C-:--------
01011103	Matt.1.11	ἐγέννησεν	gennaō	V-:3AAI-S--
01011104	Matt.1.11	τὸν	ho	RA:----ASM-
01011105	Matt.1.11	Ἰεχονίαν	iechonias	N-:----ASM-
01011106	Matt.1.11	καὶ	kai	C-:--------
01011107	Matt.1.11	τοὺς	ho	RA:----APM-
01011108	Matt.1.11	ἀδελφοὺς	adelphos	N-:----APM-
01011109	Matt.1.11	αὐτοῦ	autos	RP:----GSM-
01011110	Matt.1.11	ἐπὶ	epi	P-:--------
01011111	Matt.1.11	τῆς	ho	RA:----GSF-
01011112	Matt.1.11	μετοικεσίας	metoikesia	N-:----GSF-
01011113	Matt.1.11	Βαβυλῶνος	babylōn	N-:----GSF-
01011201	Matt.1.12	Μετὰ	meta	P-:--------
01011202	Matt.1.12	δὲ	de	C-:--------
01011203	Matt.1.12	τὴν	ho	RA:----ASF-
01011204	Matt.1.12	μετοικεσίαν	metoikesia	N-:----ASF-
01011205	Matt.1.12	Βαβυλῶνος	babylōn	N-:----GSF-
01011206	Matt.1.12	Ἰεχονίας	iechonias	N-:----NSM-
01011207	Matt.1.12	ἐγέννησεν	gennaō	V-:3AAI-S--
01011208	Matt.1.12	τὸν	ho	RA:----ASM-
01011209	Matt.1.12	Σαλαθιήλ	salathiēl	N-:----ASM-
01011210	Matt.1.12	Σαλαθιὴλ	salathiēl	N-:----NSM-
01011211	Matt.1.12	δὲ	de	C-:--------
01011212	Matt.1.12	ἐγέννησεν	gennaō	V-:3AAI-S--
01011213	Matt.1.12	τὸν	ho	RA:----ASM-
01011214	Matt.1.12	Ζοροβαβέλ	zorobabel	N-:----ASM-
01011301	Matt.1.13	Ζοροβαβὲλ	zorobabel	N-:----NSM-
01011302	Matt.1.13	δὲ	de	C-:--------
01011303	Matt.1.13	ἐγέννησεν	gennaō	V-:3AAI-S--
01011304	Matt.1.13	τὸν	ho	RA:----ASM-
01011305	Matt.1.13	Ἀβιούδ	abioud	N-:----ASM-
01011306	Matt.1.13	Ἀβιοὺδ	abioud	N-:----NSM-
01011307	Matt.1.13	δὲ	de	C-:--------
01011308	Matt.1.13	ἐγέννησεν	gennaō	V-:3AAI-S--
01011309	Matt.1.13	τὸν	ho	RA:----ASM-
01011310	Matt.1.13	Ἐλιακίμ	eliakim	N-:----ASM-
01011311	Matt.1.13	Ἐλιακὶμ	eliakim	N-:----NSM-
01011312	Matt.1.13	δὲ	de	C-:--------
01011313	Matt.1.13	ἐγέννησεν	gennaō	V-:3AAI-S--
01011314	Matt.1.13	τὸν	ho	RA:----ASM-
01011315	Matt.1.13	Ἀζώρ	azōr	N-:----ASM-
01011401	Matt.1.14	Ἀζὼρ	azōr	N-:----NSM-
01011402	Matt.1.14	δὲ	de	C-:--------
01011403	Matt.1.14	ἐγέννησεν	gennaō	V-:3AAI-S--
01011404	Matt.1.14	τὸν	ho	RA:----ASM-
01011405	Matt.1.14	Σαδώκ	sadōk	N-:----ASM-
01011406	Matt.1.14	Σαδὼκ	sadōk	N-:----NSM-
01011407	Matt.1.14	δὲ	de	C-:--------
01011408	Matt.1.14	ἐγέννησεν	gennaō	V-:3AAI-S--
01011409	Matt.1.14	τὸν	ho	RA:----ASM-
01011410	Matt.1.14	Ἀχίμ	achim	N-:----ASM-
01011411	Matt.1.14	Ἀχὶμ	achim	N-:----NSM-
01011412	Matt.1.14	δὲ	de	C-:--------
01011413	Matt.1.14	ἐγέννησεν	gennaō	V-:3AAI-S--
01011414	Matt.1.14	τὸν	ho	RA:----ASM-
01011415	Matt.1.14	Ἐλιούδ	elioud	N-:----ASM-
01011501	Matt.1.15	Ἐλιοὺδ	elioud	N-:----NSM-
01011502	Matt.1.15	δὲ	de	C-:--------
01011503	Matt.1.15	ἐγέννησεν	gennaō	V-:3AAI-S--
01011504	Matt.1.15	τὸν	ho	RA:----ASM-
01011505	Matt.1.15	Ἐλεάζαρ	eleazar	N-:----ASM-
01011506	Matt.1.15	Ἐλεάζαρ	eleazar	N-:----NSM-
01011507	Matt.1.15	δὲ	de	C-:--------
01011508	Matt.1.15	ἐγέννησεν	gennaō	V-:3AAI-S--
01011509	Matt.1.15	τὸν	ho	RA:----ASM-
01011510	Matt.1.15	Ματθάν	matthan	N-:----ASM-
01011511	Matt.1.15	Ματθὰν	matthan	N-:----NSM-
01011512	Matt.1.15	δὲ	de	C-:--------
01011513	Matt.1.15	ἐγέννησεν	gennaō	V-:3AAI-S--
01011514	Matt.1.15	τὸν	ho	RA:----ASM-
01011515	Matt.1.15	Ἰακώβ	iakōb	N-:----ASM-
01011601	Matt.1.16	Ἰακὼβ	iakōb	N-:----NSM-
01011602	Matt.1.16	δὲ	de	C-:--------
01011603	Matt.1.16	ἐγέννησεν	gennaō	V-:3AAI-S--
01011604	Matt.1.16	τὸν	ho	RA:----ASM-
01011605	Matt.1.16	Ἰωσὴφ	iōsēph	N-:----ASM-
01011606	Matt.1.16	τὸν	ho	RA:----ASM-
01011607	Matt.1.16	ἄνδρα	anēr	N-:----ASM-
01011608	Matt.1.16	Μαρίας	maria	N-:----GSF-
01011609	Matt.1.16	ἐξ	ek	P-:--------
01011610	Matt.1.16	ἧς	hos	RR:----GSF-
01011611	Matt.1.16	ἐγεννήθη	gennaō	V-:3API-S--
01011612	Matt.1.16	Ἰησοῦς	iēsous	N-:----NSM-
01011613	Matt.1.16	ὁ	ho	RA:----NSM-
01011614	Matt.1.16	λεγόμενος	legō	V-:-PPPNSM-
01011615	Matt.1.16	χριστός	christos	N-:----NSM-
01011701	Matt.1.17	Πᾶσαι	pas	A-:----NPF-
01011702	Matt.1.17	οὖν	oun	C-:--------
01011703	Matt.1.17	αἱ	ho	RA:----NPF-
01011704	Matt.1.17	γενεαὶ	genea	N-:----NPF-
01011705	Matt.1.17	ἀπὸ	apo	P-:--------
01011706	Matt.1.17	Ἀβραὰμ	abraam	N-:----GSM-
01011707	Matt.1.17	ἕως	heōs	P-:--------
01011708	Matt.1.17	Δαυὶδ	dauid	N-:----GSM-
01011709	Matt.1.17	γενεαὶ	genea	N-:----NPF-
01011710	Matt.1.17	δεκατέσσαρες	dekatessares	A-:----NPF-
01011711	Matt.1.17	καὶ	kai	C-:--------
01011712	Matt.1.17	ἀπὸ	apo	P-:--------
01011713	Matt.1.17	Δαυὶδ	dauid	N-:----GSM-
01011714	Matt.1.17	ἕως	heōs	P-:--------
01011715	Matt.1.17	τῆς	ho	RA:----GSF-
01011716	Matt.1.17	μετοικεσίας	metoikesia	N-:----GSF-
01011717	Matt.1.17	Βαβυλῶνος	babylōn	N-:----GSF-
01011718	Matt.1.17	γενεαὶ	genea	N-:----NPF-
01011719	Matt.1.17	δεκατέσσαρες	dekatessares	A-:----NPF-
01011720	Matt.1.17	καὶ	kai	C-:--------
01011721	Matt.1.17	ἀπὸ	apo	P-:--------
01011722	Matt.1.17	τῆς	ho	RA:----GSF-
01011723	Matt.1.17	μετοικεσίας	metoikesia	N-:----GSF-
01011724	Matt.1.17	Βαβυλῶνος	babylōn	N-:----GSF-
01011725	Matt.1.17	ἕως	heōs	P-:--------
01011726	Matt.1.17	τοῦ	ho	RA:----GSM-
01011727	Matt.1.17	χριστοῦ	christos	N-:----GSM-
01011728	Matt.1.17	γενεαὶ	genea	N-:----NPF-
01011729	Matt.1.17	δεκατέσσαρες	dekatessares	A-:----NPF-
01011801	Matt.1.18	Τοῦ	ho	RA:----GSM-
01011802	Matt.1.18	δὲ	de	C-:--------
01011803	Matt.1.18	Ἰησοῦ	iēsous	N-:----GSM-
01011804	Matt.1.18	χριστοῦ	christos	N-:----GSM-
01011805	Matt.1.18	ἡ	ho	RA:----NSF-
01011806	Matt.1.18	γένεσις	genesis	N-:----NSF-
01011807	Matt.1.18	οὕτως	houtō(s)	D-:--------
01011808	Matt.1.18	ἦν	eimi	V-:3IAI-S--
01011809	Matt.1.18	μνηστευθείσης	mnēsteuomai	V-:-APPGSF-
01011810	Matt.1.18	τῆς	ho	RA:----GSF-
01011811	Matt.1.18	μητρὸς	mētēr	N-:----GSF-
01011812	Matt.1.18	αὐτοῦ	autos	RP:----GSM-
01011813	Matt.1.18	Μαρίας	maria	N-:----GSF-
01011814	Matt.1.18	τῷ	ho	RA:----DSM-
01011815	Matt.1.18	Ἰωσήφ	iōsēph	N-:----DSM-
01011816	Matt.1.18	πρὶν	prin	D-:--------
01011817	Matt.1.18	ἢ	ē	C-:--------
01011818	Matt.1.18	συνελθεῖν	synerchomai	V-:-AAN----
01011819	Matt.1.18	αὐτοὺς	autos	RP:----APM-
01011820	Matt.1.18	εὑρέθη	heuriskō	V-:3API-S--
01011821	Matt.1.18	ἐν	en	P-:--------
01011822	Matt.1.18	γαστρὶ	gastēr	N-:----DSF-
01011823	Matt.1.18	ἔχουσα	echō	V-:-PAPNSF-
01011824	Matt.1.18	ἐκ	ek	P-:--------
01011825	Matt.1.18	πνεύματος	pneuma	N-:----GSN-
01011826	Matt.1.18	ἁγίου	hagios	A-:----GSN-
01011901	Matt.1.19	Ἰωσὴφ	iōsēph	N-:----NSM-
01011902	Matt.1.19	δὲ	de	C-:--------
01011903	Matt.1.19	ὁ	ho	RA:----NSM-
01011904	Matt.1.19	ἀνὴρ	anēr	N-:----NSM-
01011905	Matt.1.19	αὐτῆς	autos	RP:----GSF-
01011906	Matt.1.19	δίκαιος	dikaios	A-:----NSM-
01011907	Matt.1.19	ὢν	eimi	V-:-PAPNSM-
01011908	Matt.1.19	καὶ	kai	C-:--------
01011909	Matt.1.19	μὴ	mē	D-:--------
01011910	Matt.1.19	θέλων	thelō	V-:-PAPNSM-
01011911	Matt.1.19	αὐτὴν	autos	RP:----ASF-
01011912	Matt.1.19	δειγματίσαι	deigmatizō	V-:-AAN----
01011913	Matt.1.19	ἐβουλήθη	boulomai	V-:3API-S--
01011914	Matt.1.19	λάθρᾳ	lathra	D-:--------
01011915	Matt.1.19	ἀπολῦσαι	apolyō	V-:-AAN----
01011916	Matt.1.19	αὐτήν	autos	RP:----ASF-
01012001	Matt.1.20	ταῦτα	houtos	RD:----APN-
01012002	Matt.1.20	δὲ	de	C-:--------
01012003	Matt.1.20	αὐτοῦ	autos	RP:----GSM-
01012004	Matt.1.20	ἐνθυμηθέντος	enthymeomai	V-:-APPGSM-
01012005	Matt.1.20	ἰδοὺ	idou	X-:--------
01012006	Matt.1.20	ἄγγελος	angelos	N-:----NSM-
01012007	Matt.1.20	κυρίου	kyrios	N-:----GSM-
01012008	Matt.1.20	κατ’	kata	P-:--------
01012009	Matt.1.20	ὄναρ	onar	N-:----ASN-
01012010	Matt.1.20	ἐφάνη	phainō	V-:3API-S--
01012011	Matt.1.20	αὐτῷ	autos	RP:----DSM-
01012012	Matt.1.20	λέγων	legō	V-:-PAPNSM-
01012013	Matt.1.20	Ἰωσὴφ	iōsēph	N-:----VSM-
01012014	Matt.1.20	υἱὸς	huios	N-:----NSM-
01012015	Matt.1.20	Δαυίδ	dauid	N-:----GSM-
01012016	Matt.1.20	μὴ	mē	D-:--------
01012017	Matt.1.20	φοβηθῇς	phobeomai	V-:2APS-S--
01012018	Matt.1.20	παραλαβεῖν	paralambanō	V-:-AAN----
01012019	Matt.1.20	Μαρίαν	maria	N-:----ASF-
01012020	Matt.1.20	τὴν	ho	RA:----ASF-
01012021	Matt.1.20	γυναῖκά	gynē	N-:----ASF-
01012022	Matt.1.20	σου	sy	RP:----GS--
01012023	Matt.1.20	τὸ	ho	RA:----NSN-
01012024	Matt.1.20	γὰρ	gar	C-:--------
01012025	Matt.1.20	ἐν	en	P-:--------
01012026	Matt.1.20	αὐτῇ	autos	RP:----DSF-
01012027	Matt.1.20	γεννηθὲν	gennaō	V-:-APPNSN-
01012028	Matt.1.20	ἐκ	ek	P-:--------
01012029	Matt.1.20	πνεύματός	pneuma	N-:----GSN-
01012030	Matt.1.20	ἐστιν	eimi	V-:3PAI-S--
01012031	Matt.1.20	ἁγίου	hagios	A-:----GSN-
01012101	Matt.1.21	τέξεται	tiktō	V-:3FMI-S--
01012102	Matt.1.21	δὲ	de	C-:--------
01012103	Matt.1.21	υἱὸν	huios	N-:----ASM-
01012104	Matt.1.21	καὶ	kai	C-:--------
01012105	Matt.1.21	καλέσεις	kaleō	V-:2FAI-S--
01012106	Matt.1.21	τὸ	ho	RA:----ASN-
01012107	Matt.1.21	ὄνομα	onoma	N-:----ASN-
01012108	Matt.1.21	αὐτοῦ	autos	RP:----GSM-
01012109	Matt.1.21	Ἰησοῦν	iēsous	N-:----ASM-
01012110	Matt.1.21	αὐτὸς	autos	RP:----NSM-
01012111	Matt.1.21	γὰρ	gar	C-:--------
01012112	Matt.1.21	σώσει	sōzō	V-:3FAI-S--
01012113	Matt.1.21	τὸν	ho	RA:----ASM-
01012114	Matt.1.21	λαὸν	laos	N-:----ASM-
01012115	Matt.1.21	αὐτοῦ	autos	RP:----GSM-
01012116	Matt.1.21	ἀπὸ	apo	P-:--------
01012117	Matt.1.21	τῶν	ho	RA:----GPF-
01012118	Matt.1.21	ἁμαρτιῶν	hamartia	N-:----GPF-
01012119	Matt.1.21	αὐτῶν	autos	RP:----GPM-
01012201	Matt.1.22	τοῦτο	houtos	RD:----NSN-
01012202	Matt.1.22	δὲ	de	C-:--------
01012203	Matt.1.22	ὅλον	holos	A-:----NSN-
01012204	Matt.1.22	γέγονεν	ginomai	V-:3XAI-S--
01012205	Matt.1.22	ἵνα	hina	C-:--------
01012206	Matt.1.22	πληρωθῇ	plēroō	V-:3APS-S--
01012207	Matt.1.22	τὸ	ho	RA:----NSN-
01012208	Matt.1.22	ῥηθὲν	legō	V-:-APPNSN-
01012209	Matt.1.22	ὑπὸ	hypo	P-:--------
01012210	Matt.1.22	κυρίου	kyrios	N-:----GSM-
01012211	Matt.1.22	διὰ	dia	P-:--------
01012212	Matt.1.22	τοῦ	ho	RA:----GSM-
01012213	Matt.1.22	προφήτου	prophētēs	N-:----GSM-
01012214	Matt.1.22	λέγοντος	legō	V-:-PAPGSM-
01012301	Matt.1.23	Ἰδοὺ	idou	X-:--------
01012302	Matt.1.23	ἡ	ho	RA:----NSF-
01012303	Matt.1.23	παρθένος	parthenos	N-:----NSF-
01012304	Matt.1.23	ἐν	en	P-:--------
01012305	Matt.1.23	γαστρὶ	gastēr	N-:----DSF-
01012306	Matt.1.23	ἕξει	echō	V-:3FAI-S--
01012307	Matt.1.23	καὶ	kai	C-:--------
01012308	Matt.1.23	τέξεται	tiktō	V-:3FMI-S--
01012309	Matt.1.23	υἱόν	huios	N-:----ASM-
01012310	Matt.1.23	καὶ	kai	C-:--------
01012311	Matt.1.23	καλέσουσιν	kaleō	V-:3FAI-P--
01012312	Matt.1.23	τὸ	ho	RA:----ASN-
01012313	Matt.1.23	ὄνομα	onoma	N-:----ASN-
01012314	Matt.1.23	αὐτοῦ	autos	RP:----GSM-
01012315	Matt.1.23	Ἐμμανουήλ	emmanouēl	N-:----ASM-
01012316	Matt.1.23	ὅ	hos	RR:----NSN-
01012317	Matt.1.23	ἐστιν	eimi	V-:3PAI-S--
01012318	Matt.1.23	μεθερμηνευόμενον	methermēneuō	V-:-PPPNSN-
01012319	Matt.1.23	Μεθ’	meta	P-:--------
01012320	Matt.1.23	ἡμῶν	egō	RP:----GP--
01012321	Matt.1.23	ὁ	ho	RA:----NSM-
01012322	Matt.1.23	θεός	theos	N-:----NSM-
01012401	Matt.1.24	ἐγερθεὶς	egeirō	V-:-APPNSM-
01012402	Matt.1.24	δὲ	de	C-:--------
01012403	Matt.1.24	ὁ	ho	RA:----NSM-
01012404	Matt.1.24	Ἰωσὴφ	iōsēph	N-:----NSM-
01012405	Matt.1.24	ἀπὸ	apo	P-:--------
01012406	Matt.1.24	τοῦ	ho	RA:----GSM-
01012407	Matt.1.24	ὕπνου	hypnos	N-:----GSM-
01012408	Matt.1.24	ἐποίησεν	poieō	V-:3AAI-S--
01012409	Matt.1.24	ὡς	hōs	C-:--------
01012410	Matt.1.24	προσέταξεν	prostassō	V-:3AAI-S--
01012411	Matt.1.24	αὐτῷ	autos	RP:----DSM-
01012412	Matt.1.24	ὁ	ho	RA:----NSM-
01012413	Matt.1.24	ἄγγελος	angelos	N-:----NSM-
01012414	Matt.1.24	κυρίου	kyrios	N-:----GSM-
01012415	Matt.1.24	καὶ	kai	C-:--------
01012416	Matt.1.24	παρέλαβεν	paralambanō	V-:3AAI-S--
01012417	Matt.1.24	τὴν	ho	RA:----ASF-
01012418	Matt.1.24	γυναῖκα	gynē	N-:----ASF-
01012419	Matt.1.24	αὐτοῦ	autos	RP:----GSM-
01012501	Matt.1.25	καὶ	kai	C-:--------
01012502	Matt.1.25	οὐκ	ou	D-:--------
01012503	Matt.1.25	ἐγίνωσκεν	ginōskō	V-:3IAI-S--
01012504	Matt.1.25	αὐτὴν	autos	RP:----ASF-
01012505	Matt.1.25	ἕως	heōs	P-:--------
01012506	Matt.1.25	οὗ	hos	RR:----GSM-
01012507	Matt.1.25	ἔτεκεν	tiktō	V-:3AAI-S--
01012508	Matt.1.25	υἱόν	huios	N-:----ASM-
01012509	Matt.1.25	καὶ	kai	C-:--------
01012510	Matt.1.25	ἐκάλεσεν	kaleō	V-:3AAI-S--
01012511	Matt.1.25	τὸ	ho	RA:----ASN-
01012512	Matt.1.25	ὄνομα	onoma	N-:----ASN-
01012513	Matt.1.25	αὐτοῦ	autos	RP:----GSM-
01012514	Matt.1.25	Ἰησοῦν	iēsous	N-:----ASM-
01020101	Matt.2.1	Τοῦ	ho	RA:----GSM-
01020102	Matt.2.1	δὲ	de	C-:--------
01020103	Matt.2.1	Ἰησοῦ	iēsous	N-:----GSM-
01020104	Matt.2.1	γεννηθέντος	gennaō	V-:-APPGSM-
01020105	Matt.2.1	ἐν	en	P-:--------
01020106	Matt.2.1	Βηθλέεμ	bēthleem	N-:----DSF-
01020107	Matt.2.1	τῆς	ho	RA:----GSF-
01020108	Matt.2.1	Ἰουδαίας	ioudaia	N-:----GSF-
01020109	Matt.2.1	ἐν	en	P-:--------
01020110	Matt.2.1	ἡμέραις	hēmera	N-:----DPF-
01020111	Matt.2.1	Ἡρῴδου	hērōdēs	N-:----GSM-
01020112	Matt.2.1	τοῦ	ho	RA:----GSM-
01020113	Matt.2.1	βασιλέως	basileus	N-:----GSM-
01020114	Matt.2.1	ἰδοὺ	idou	X-:--------
01020115	Matt.2.1	μάγοι	magos	N-:----NPM-
01020116	Matt.2.1	ἀπὸ	apo	P-:--------
01020117	Matt.2.1	ἀνατολῶν	anatolē	N-:----GPF-
01020118	Matt.2.1	παρεγένοντο	paraginomai	V-:3AMI-P--
01020119	Matt.2.1	εἰς	eis	P-:--------
01020120	Matt.2.1	Ἱεροσόλυμα	hierosolyma	N-:----APN-
01020201	Matt.2.2	λέγοντες	legō	V-:-PAPNPM-
01020202	Matt.2.2	Ποῦ	pou	D-:--------
01020203	Matt.2.2	ἐστιν	eimi	V-:3PAI-S--
01020204	Matt.2.2	ὁ	ho	RA:----NSM-
01020205	Matt.2.2	τεχθεὶς	tiktō	V-:-APPNSM-
01020206	Matt.2.2	βασιλεὺς	basileus	N-:----NSM-
01020207	Matt.2.2	τῶν	ho	RA:----GPM-
01020208	Matt.2.2	Ἰουδαίων	ioudaios	A-:----GPM-
01020209	Matt.2.2	εἴδομεν	horaō	V-:1AAI-P--
01020210	Matt.2.2	γὰρ	gar	C-:--------
01020211	Matt.2.2	αὐτοῦ	autos	RP:----GSM-
01020212	Matt.2.2	τὸν	ho	RA:----ASM-
01020213	Matt.2.2	ἀστέρα	astēr	N-:----ASM-
01020214	Matt.2.2	ἐν	en	P-:--------
01020215	Matt.2.2	τῇ	ho	RA:----DSF-
01020216	Matt.2.2	ἀνατολῇ	anatolē	N-:----DSF-
01020217	Matt.2.2	καὶ	kai	C-:--------
01020218	Matt.2.2	ἤλθομεν	erchomai	V-:1AAI-P--
01020219	Matt.2.2	προσκυνῆσαι	proskyneō	V-:-AAN----
01020220	Matt.2.2	αὐτῷ	autos	RP:----DSM-
01020301	Matt.2.3	ἀκούσας	akouō	V-:-AAPNSM-
01020302	Matt.2.3	δὲ	de	C-:--------
01020303	Matt.2.3	ὁ	ho	RA:----NSM-
01020304	Matt.2.3	βασιλεὺς	basileus	N-:----NSM-
01020305	Matt.2.3	Ἡρῴδης	hērōdēs	N-:----NSM-
01020306	Matt.2.3	ἐταράχθη	tarassō	V-:3API-S--
01020307	Matt.2.3	καὶ	kai	C-:--------
01020308	Matt.2.3	πᾶσα	pas	A-:----NSF-
01020309	Matt.2.3	Ἱεροσόλυμα	hierosolyma	N-:----NSF-
01020310	Matt.2.3	μετ’	meta	P-:--------
01020311	Matt.2.3	αὐτοῦ	autos	RP:----GSM-
01020401	Matt.2.4	καὶ	kai	C-:--------
01020402	Matt.2.4	συναγαγὼν	synagō	V-:-AAPNSM-
01020403	Matt.2.4	πάντας	pas	A-:----APM-
01020404	Matt.2.4	τοὺς	ho	RA:----APM-
01020405	Matt.2.4	ἀρχιερεῖς	archiereus	N-:----APM-
01020406	Matt.2.4	καὶ	kai	C-:--------
01020407	Matt.2.4	γραμματεῖς	grammateus	N-:----APM-
01020408	Matt.2.4	τοῦ	ho	RA:----GSM-
01020409	Matt.2.4	λαοῦ	laos	N-:----GSM-
01020410	Matt.2.4	ἐπυνθάνετο	pynthanomai	V-:3IMI-S--
01020411	Matt.2.4	παρ’	para	P-:--------
01020412	Matt.2.4	αὐτῶν	autos	RP:----GPM-
01020413	Matt.2.4	ποῦ	pou	D-:--------
01020414	Matt.2.4	ὁ	ho	RA:----NSM-
01020415	Matt.2.4	χριστὸς	christos	N-:----NSM-
01020416	Matt.2.4	γεννᾶται	gennaō	V-:3PPI-S--
01020501	Matt.2.5	οἱ	ho	RA:----NPM-
01020502	Matt.2.5	δὲ	de	C-:--------
01020503	Matt.2.5	εἶπαν	legō	V-:3AAI-P--
01020504	Matt.2.5	αὐτῷ	autos	RP:----DSM-
01020505	Matt.2.5	Ἐν	en	P-:--------
01020506	Matt.2.5	Βηθλέεμ	bēthleem	N-:----DSF-
01020507	Matt.2.5	τῆς	ho	RA:----GSF-
01020508	Matt.2.5	Ἰουδαίας	ioudaia	N-:----GSF-
01020509	Matt.2.5	οὕτως	houtō(s)	D-:--------
01020510	Matt.2.5	γὰρ	gar	C-:--------
01020511	Matt.2.5	γέγραπται	graphō	V-:3XPI-S--
01020512	Matt.2.5	διὰ	dia	P-:--------
01020513	Matt.2.5	τοῦ	ho	RA:----GSM-
01020514	Matt.2.5	προφήτου	prophētēs	N-:----GSM-
01020601	Matt.2.6	Καὶ	kai	C-:--------
01020602	Matt.2.6	σύ	sy	RP:----NS--
01020603	Matt.2.6	Βηθλέεμ	bēthleem	N-:----VSF-
01020604	Matt.2.6	γῆ	gē	N-:----VSF-
01020605	Matt.2.6	Ἰούδα	ioudas	N-:----GSM-
01020606	Matt.2.6	οὐδαμῶς	oudamōs	D-:--------
01020607	Matt.2.6	ἐλαχίστη	elachistos	A-:----NSFS
01020608	Matt.2.6	εἶ	eimi	V-:2PAI-S--
01020609	Matt.2.6	ἐν	en	P-:--------
01020610	Matt.2.6	τοῖς	ho	RA:----DPM-
01020611	Matt.2.6	ἡγεμόσιν	hēgemōn	N-:----DPM-
01020612	Matt.2.6	Ἰούδα	ioudas	N-:----GSM-
01020613	Matt.2.6	ἐκ	ek	P-:--------
01020614	Matt.2.6	σοῦ	sy	RP:----GS--
01020615	Matt.2.6	γὰρ	gar	C-:--------
01020616	Matt.2.6	ἐξελεύσεται	exerchomai	V-:3FMI-S--
01020617	Matt.2.6	ἡγούμενος	hēgeomai	V-:-PMPNSM-
01020618	Matt.2.6	ὅστις	hostis	RR:----NSM-
01020619	Matt.2.6	ποιμανεῖ	poimainō	V-:3FAI-S--
01020620	Matt.2.6	τὸν	ho	RA:----ASM-
01020621	Matt.2.6	λαόν	laos	N-:----ASM-
01020622	Matt.2.6	μου	egō	RP:----GS--
01020623	Matt.2.6	τὸν	ho	RA:----ASM-
01020624	Matt.2.6	Ἰσραήλ	israēl	N-:----ASM-
01020701	Matt.2.7	Τότε	tote	D-:--------
01020702	Matt.2.7	Ἡρῴδης	hērōdēs	N-:----NSM-
01020703	Matt.2.7	λάθρᾳ	lathra	D-:--------
01020704	Matt.2.7	καλέσας	kaleō	V-:-AAPNSM-
01020705	Matt.2.7	τοὺς	ho	RA:----APM-
01020706	Matt.2.7	μάγους	magos	N-:----APM-
01020707	Matt.2.7	ἠκρίβωσεν	akriboō	V-:3AAI-S--
01020708	Matt.2.7	παρ’	para	P-:--------
01020709	Matt.2.7	αὐτῶν	autos	RP:----GPM-
01020710	Matt.2.7	τὸν	ho	RA:----ASM-
01020711	Matt.2.7	χρόνον	chronos	N-:----ASM-
01020712	Matt.2.7	τοῦ	ho	RA:----GSM-
01020713	Matt.2.7	φαινομένου	phainō	V-:-PMPGSM-
01020714	Matt.2.7	ἀστέρος	astēr	N-:----GSM-
01020801	Matt.2.8	καὶ	kai	C-:--------
01020802	Matt.2.8	πέμψας	pempō	V-:-AAPNSM-
01020803	Matt.2.8	αὐτοὺς	autos	RP:----APM-
01020804	Matt.2.8	εἰς	eis	P-:--------
01020805	Matt.2.8	Βηθλέεμ	bēthleem	N-:----ASF-
01020806	Matt.2.8	εἶπεν	legō	V-:3AAI-S--
01020807	Matt.2.8	Πορευθέντες	poreuomai	V-:-APPNPM-
01020808	Matt.2.8	ἐξετάσατε	exetazō	V-:2AAD-P--
01020809	Matt.2.8	ἀκριβῶς	akribōs	D-:--------
01020810	Matt.2.8	περὶ	peri	P-:--------
01020811	Matt.2.8	τοῦ	ho	RA:----GSN-
01020812	Matt.2.8	παιδίου	paidion	N-:----GSN-
01020813	Matt.2.8	ἐπὰν	epan	C-:--------
01020814	Matt.2.8	δὲ	de	C-:--------
01020815	Matt.2.8	εὕρητε	heuriskō	V-:2AAS-P--
01020816	Matt.2.8	ἀπαγγείλατέ	apangellō	V-:2AAD-P--
01020817	Matt.2.8	μοι	egō	RP:----DS--
01020818	Matt.2.8	ὅπως	hopōs	C-:--------
01020819	Matt.2.8	κἀγὼ	kagō	RP:----NS--
01020820	Matt.2.8	ἐλθὼν	erchomai	V-:-AAPNSM-
01020821	Matt.2.8	προσκυνήσω	proskyneō	V-:1AAS-S--
01020822	Matt.2.8	αὐτῷ	autos	RP:----DSM-
01020901	Matt.2.9	οἱ	ho	RA:----NPM-
01020902	Matt.2.9	δὲ	de	C-:--------
01020903	Matt.2.9	ἀκούσαντες	akouō	V-:-AAPNPM-
01020904	Matt.2.9	τοῦ	ho	RA:----GSM-
01020905	Matt.2.9	βασιλέως	basileus	N-:----GSM-
01020906	Matt.2.9	ἐπορεύθησαν	poreuomai	V-:3API-P--
01020907	Matt.2.9	καὶ	kai	C-:--------
01020908	Matt.2.9	ἰδοὺ	idou	X-:--------
01020909	Matt.2.9	ὁ	ho	RA:----NSM-
01020910	Matt.2.9	ἀστὴρ	astēr	N-:----NSM-
01020911	Matt.2.9	ὃν	hos	RR:----ASM-
01020912	Matt.2.9	εἶδον	horaō	V-:3AAI-P--
01020913	Matt.2.9	ἐν	en	P-:--------
01020914	Matt.2.9	τῇ	ho	RA:----DSF-
01020915	Matt.2.9	ἀνατολῇ	anatolē	N-:----DSF-
01020916	Matt.2.9	προῆγεν	proagō	V-:3IAI-S--
01020917	Matt.2.9	αὐτούς	autos	RP:----APM-
01020918	Matt.2.9	ἕως	heōs	C-:--------
01020919	Matt.2.9	ἐλθὼν	erchomai	V-:-AAPNSM-
01020920	Matt.2.9	ἐστάθη	histēmi	V-:3API-S--
01020921	Matt.2.9	ἐπάνω	epanō	P-:--------
01020922	Matt.2.9	οὗ	hou	D-:--------
01020923	Matt.2.9	ἦν	eimi	V-:3IAI-S--
01020924	Matt.2.9	τὸ	ho	RA:----NSN-
01020925	Matt.2.9	παιδίον	paidion	N-:----NSN-
01021001	Matt.2.10	ἰδόντες	horaō	V-:-AAPNPM-
01021002	Matt.2.10	δὲ	de	C-:--------
01021003	Matt.2.10	τὸν	ho	RA:----ASM-
01021004	Matt.2.10	ἀστέρα	astēr	N-:----ASM-
01021005	Matt.2.10	ἐχάρησαν	chairō	V-:3API-P--
01021006	Matt.2.10	χαρὰν	chara	N-:----ASF-
01021007	Matt.2.10	μεγάλην	megas	A-:----ASF-
01021008	Matt.2.10	σφόδρα	sphodra	D-:--------
01021101	Matt.2.11	καὶ	kai	C-:--------
01021102	Matt.2.11	ἐλθόντες	erchomai	V-:-AAPNPM-
01021103	Matt.2.11	εἰς	eis	P-:--------
01021104	Matt.2.11	τὴν	ho	RA:----ASF-
01021105	Matt.2.11	οἰκίαν	oikia	N-:----ASF-
01021106	Matt.2.11	εἶδον	horaō	V-:3AAI-P--
01021107	Matt.2.11	τὸ	ho	RA:----ASN-
01021108	Matt.2.11	παιδίον	paidion	N-:----ASN-
01021109	Matt.2.11	μετὰ	meta	P-:--------
01021110	Matt.2.11	Μαρίας	maria	N-:----GSF-
01021111	Matt.2.11	τῆς	ho	RA:----GSF-
01021112	Matt.2.11	μητρὸς	mētēr	N-:----GSF-
01021113	Matt.2.11	αὐτοῦ	autos	RP:----GSM-
01021114	Matt.2.11	καὶ	kai	C-:--------
01021115	Matt.2.11	πεσόντες	piptō	V-:-AAPNPM-
01021116	Matt.2.11	προσεκύνησαν	proskyneō	V-:3AAI-P--
01021117	Matt.2.11	αὐτῷ	autos	RP:----DSM-
01021118	Matt.2.11	καὶ	kai	C-:--------
01021119	Matt.2.11	ἀνοίξαντες	anoigō	V-:-AAPNPM-
01021120	Matt.2.11	τοὺς	ho	RA:----APM-
01021121	Matt.2.11	θησαυροὺς	thēsauros	N-:----APM-
01021122	Matt.2.11	αὐτῶν	autos	RP:----GPM-
01021123	Matt.2.11	προσήνεγκαν	prospherō	V-:3AAI-P--
01021124	Matt.2.11	αὐτῷ	autos	RP:----DSM-
01021125	Matt.2.11	δῶρα	dōron	N-:----APN-
01021126	Matt.2.11	χρυσὸν	chrysos	N-:----ASM-
01021127	Matt.2.11	καὶ	kai	C-:--------
01021128	Matt.2.11	λίβανον	libanos	N-:----ASM-
01021129	Matt.2.11	καὶ	kai	C-:--------
01021130	Matt.2.11	σμύρναν	smyrna	N-:----ASF-
01021201	Matt.2.12	καὶ	kai	C-:--------
01021202	Matt.2.12	χρηματισθέντες	chrēmatizō	V-:-APPNPM-
01021203	Matt.2.12	κατ’	kata	P-:--------
01021204	Matt.2.12	ὄναρ	onar	N-:----ASN-
01021205	Matt.2.12	μὴ	mē	D-:--------
01021206	Matt.2.12	ἀνακάμψαι	anakamptō	V-:-AAN----
01021207	Matt.2.12	πρὸς	pros	P-:--------
01021208	Matt.2.12	Ἡρῴδην	hērōdēs	N-:----ASM-
01021209	Matt.2.12	δι’	dia	P-:--------
01021210	Matt.2.12	ἄλλης	allos	A-:----GSF-
01021211	Matt.2.12	ὁδοῦ	hodos	N-:----GSF-
01021212	Matt.2.12	ἀνεχώρησαν	anachōreō	V-:3AAI-P--
01021213	Matt.2.12	εἰς	eis	P-:--------
01021214	Matt.2.12	τὴν	ho	RA:----ASF-
01021215	Matt.2.12	χώραν	chōra	N-:----ASF-
01021216	Matt.2.12	αὐτῶν	autos	RP:----GPM-
01021301	Matt.2.13	Ἀναχωρησάντων	anachōreō	V-:-AAPGPM-
01021302	Matt.2.13	δὲ	de	C-:--------
01021303	Matt.2.13	αὐτῶν	autos	RP:----GPM-
01021304	Matt.2.13	ἰδοὺ	idou	X-:--------
01021305	Matt.2.13	ἄγγελος	angelos	N-:----NSM-
01021306	Matt.2.13	κυρίου	kyrios	N-:----GSM-
01021307	Matt.2.13	φαίνεται	phainō	V-:3PMI-S--
01021308	Matt.2.13	κατ’	kata	P-:--------
01021309	Matt.2.13	ὄναρ	onar	N-:----ASN-
01021310	Matt.2.13	τῷ	ho	RA:----DSM-
01021311	Matt.2.13	Ἰωσὴφ	iōsēph	N-:----DSM-
01021312	Matt.2.13	λέγων	legō	V-:-PAPNSM-
01021313	Matt.2.13	Ἐγερθεὶς	egeirō	V-:-APPNSM-
01021314	Matt.2.13	παράλαβε	paralambanō	V-:2AAD-S--
01021315	Matt.2.13	τὸ	ho	RA:----ASN-
01021316	Matt.2.13	παιδίον	paidion	N-:----ASN-
01021317	Matt.2.13	καὶ	kai	C-:--------
01021318	Matt.2.13	τὴν	ho	RA:----ASF-
01021319	Matt.2.13	μητέρα	mētēr	N-:----ASF-
01021320	Matt.2.13	αὐτοῦ	autos	RP:----GSM-
01021321	Matt.2.13	καὶ	kai	C-:--------
01021322	Matt.2.13	φεῦγε	pheugō	V-:2PAD-S--
01021323	Matt.2.13	εἰς	eis	P-:--------
01021324	Matt.2.13	Αἴγυπτον	aigyptos	N-:----ASF-
01021325	Matt.2.13	καὶ	kai	C-:--------
01021326	Matt.2.13	ἴσθι	eimi	V-:2PAD-S--
01021327	Matt.2.13	ἐκεῖ	ekei	D-:--------
01021328	Matt.2.13	ἕως	heōs	C-:--------
01021329	Matt.2.13	ἂν	an	X-:--------
01021330	Matt.2.13	εἴπω	legō	V-:1AAS-S--
01021331	Matt.2.13	σοι	sy	RP:----DS--
01021332	Matt.2.13	μέλλει	mellō	V-:3PAI-S--
01021333	Matt.2.13	γὰρ	gar	C-:--------
01021334	Matt.2.13	Ἡρῴδης	hērōdēs	N-:----NSM-
01021335	Matt.2.13	ζητεῖν	zēteō	V-:-PAN----
01021336	Matt.2.13	τὸ	ho	RA:----ASN-
01021337	Matt.2.13	παιδίον	paidion	N-:----ASN-
01021338	Matt.2.13	τοῦ	ho	RA:----GSN-
01021339	Matt.2.13	ἀπολέσαι	apollymi	V-:-AAN----
01021340	Matt.2.13	αὐτό	autos	RP:----ASN-
01021401	Matt.2.14	ὁ	ho	RA:----NSM-
01021402	Matt.2.14	δὲ	de	C-:--------
01021403	Matt.2.14	ἐγερθεὶς	egeirō	V-:-APPNSM-
01021404	Matt.2.14	παρέλαβε	paralambanō	V-:3AAI-S--
01021405	Matt.2.14	τὸ	ho	RA:----ASN-
01021406	Matt.2.14	παιδίον	paidion	N-:----ASN-
01021407	Matt.2.14	καὶ	kai	C-:--------
01021408	Matt.2.14	τὴν	ho	RA:----ASF-
01021409	Matt.2.14	μητέρα	mētēr	N-:----ASF-
01021410	Matt.2.14	αὐτοῦ	autos	RP:----GSM-
01021411	Matt.2.14	νυκτὸς	nyx	N-:----GSF-
01021412	Matt.2.14	καὶ	kai	C-:--------
01021413	Matt.2.14	ἀνεχώρησεν	anachōreō	V-:3AAI-S--
01021414	Matt.2.14	εἰς	eis	P-:--------
01021415	Matt.2.14	Αἴγυπτον	aigyptos	N-:----ASF-
01021501	Matt.2.15	καὶ	kai	C-:--------
01021502	Matt.2.15	ἦν	eimi	V-:3IAI-S--
01021503	Matt.2.15	ἐκεῖ	ekei	D-:--------
01021504	Matt.2.15	ἕως	heōs	P-:--------
01021505	Matt.2.15	τῆς	ho	RA:----GSF-
01021506	Matt.2.15	τελευτῆς	teleutē	N-:----GSF-
01021507	Matt.2.15	Ἡρῴδου	hērōdēs	N-:----GSM-
01021508	Matt.2.15	ἵνα	hina	C-:--------
01021509	Matt.2.15	πληρωθῇ	plēroō	V-:3APS-S--
01021510	Matt.2.15	τὸ	ho	RA:----NSN-
01021511	Matt.2.15	ῥηθὲν	legō	V-:-APPNSN-
01021512	Matt.2.15	ὑπὸ	hypo	P-:--------
01021513	Matt.2.15	κυρίου	kyrios	N-:----GSM-
01021514	Matt.2.15	διὰ	dia	P-:--------
01021515	Matt.2.15	τοῦ	ho	RA:----GSM-
01021516	Matt.2.15	προφήτου	prophētēs	N-:----GSM-
01021517	Matt.2.15	λέγοντος	legō	V-:-PAPGSM-
01021518	Matt.2.15	Ἐξ	ek	P-:--------
01021519	Matt.2.15	Αἰγύπτου	aigyptos	N-:----GSF-
01021520	Matt.2.15	ἐκάλεσα	kaleō	V-:1AAI-S--
01021521	Matt.2.15	τὸν	ho	RA:----ASM-
01021522	Matt.2.15	υἱόν	huios	N-:----ASM-
01021523	Matt.2.15	μου	egō	RP:----GS--
01021601	Matt.2.16	Τότε	tote	D-:--------
01021602	Matt.2.16	Ἡρῴδης	hērōdēs	N-:----NSM-
01021603	Matt.2.16	ἰδὼν	horaō	V-:-AAPNSM-
01021604	Matt.2.16	ὅτι	hoti	C-:--------
01021605	Matt.2.16	ἐνεπαίχθη	empaizō	V-:3API-S--
01021606	Matt.2.16	ὑπὸ	hypo	P-:--------
01021607	Matt.2.16	τῶν	ho	RA:----GPM-
01021608	Matt.2.16	μάγων	magos	N-:----GPM-
01021609	Matt.2.16	ἐθυμώθη	thymoomai	V-:3API-S--
01021610	Matt.2.16	λίαν	lian	D-:--------
01021611	Matt.2.16	καὶ	kai	C-:--------
01021612	Matt.2.16	ἀποστείλας	apostellō	V-:-AAPNSM-
01021613	Matt.2.16	ἀνεῖλεν	anaireō	V-:3AAI-S--
01021614	Matt.2.16	πάντας	pas	A-:----APM-
01021615	Matt.2.16	τοὺς	ho	RA:----APM-
01021616	Matt.2.16	παῖδας	pais	N-:----APM-
01021617	Matt.2.16	τοὺς	ho	RA:----APM-
01021618	Matt.2.16	ἐν	en	P-:--------
01021619	Matt.2.16	Βηθλέεμ	bēthleem	N-:----DSF-
01021620	Matt.2.16	καὶ	kai	C-:--------
01021621	Matt.2.16	ἐν	en	P-:--------
01021622	Matt.2.16	πᾶσι	pas	A-:----DPN-
01021623	Matt.2.16	τοῖς	ho	RA:----DPN-
01021624	Matt.2.16	ὁρίοις	horion	N-:----DPN-
01021625	Matt.2.16	αὐτῆς	autos	RP:----GSF-
01021626	Matt.2.16	ἀπὸ	apo	P-:--------
01021627	Matt.2.16	διετοῦς	dietēs	A-:----GSM-
01021628	Matt.2.16	καὶ	kai	C-:--------
01021629	Matt.2.16	κατωτέρω	katōterō	D-:--------
01021630	Matt.2.16	κατὰ	kata	P-:--------
01021631	Matt.2.16	τὸν	ho	RA:----ASM-
01021632	Matt.2.16	χρόνον	chronos	N-:----ASM-
01021633	Matt.2.16	ὃν	hos	RR:----ASM-
01021634	Matt.2.16	ἠκρίβωσεν	akriboō	V-:3AAI-S--
01021635	Matt.2.16	παρὰ	para	P-:--------
01021636	Matt.2.16	τῶν	ho	RA:----GPM-
01021637	Matt.2.16	μάγων	magos	N-:----GPM-
01021701	Matt.2.17	τότε	tote	D-:--------
01021702	Matt.2.17	ἐπληρώθη	plēroō	V-:3API-S--
01021703	Matt.2.17	τὸ	ho	RA:----NSN-
01021704	Matt.2.17	ῥηθὲν	legō	V-:-APPNSN-
01021705	Matt.2.17	διὰ	dia	P-:--------
01021706	Matt.2.17	Ἰερεμίου	ieremias	N-:----GSM-
01021707	Matt.2.17	τοῦ	ho	RA:----GSM-
01021708	Matt.2.17	προφήτου	prophētēs	N-:----GSM-
01021709	Matt.2.17	λέγοντος	legō	V-:-PAPGSM-
01021801	Matt.2.18	Φωνὴ	phōnē	N-:----NSF-
01021802	Matt.2.18	ἐν	en	P-:--------
01021803	Matt.2.18	Ῥαμὰ	rhama	N-:----DSF-
01021804	Matt.2.18	ἠκούσθη	akouō	V-:3API-S--
01021805	Matt.2.18	κλαυθμὸς	klauthmos	N-:----NSM-
01021806	Matt.2.18	καὶ	kai	C-:--------
01021807	Matt.2.18	ὀδυρμὸς	odyrmos	N-:----NSM-
01021808	Matt.2.18	πολύς	polys	A-:----NSM-
01021809	Matt.2.18	Ῥαχὴλ	rhachēl	N-:----NSF-
01021810	Matt.2.18	κλαίουσα	klaiō	V-:-PAPNSF-
01021811	Matt.2.18	τὰ	ho	RA:----APN-
01021812	Matt.2.18	τέκνα	teknon	N-:----APN-
01021813	Matt.2.18	αὐτῆς	autos	RP:----GSF-
01021814	Matt.2.18	καὶ	kai	C-:--------
01021815	Matt.2.18	οὐκ	ou	D-:--------
01021816	Matt.2.18	ἤθελεν	thelō	V-:3IAI-S--
01021817	Matt.2.18	παρακληθῆναι	parakaleō	V-:-APN----
01021818	Matt.2.18	ὅτι	hoti	C-:--------
01021819	Matt.2.18	οὐκ	ou	D-:--------
01021820	Matt.2.18	εἰσίν	eimi	V-:3PAI-P--
01021901	Matt.2.19	Τελευτήσαντος	teleutaō	V-:-AAPGSM-
01021902	Matt.2.19	δὲ	de	C-:--------
01021903	Matt.2.19	τοῦ	ho	RA:----GSM-
01021904	Matt.2.19	Ἡρῴδου	hērōdēs	N-:----GSM-
01021905	Matt.2.19	ἰδοὺ	idou	X-:--------
01021906	Matt.2.19	ἄγγελος	angelos	N-:----NSM-
01021907	Matt.2.19	κυρίου	kyrios	N-:----GSM-
01021908	Matt.2.19	φαίνεται	phainō	V-:3PMI-S--
01021909	Matt.2.19	κατ’	kata	P-:--------
01021910	Matt.2.19	ὄναρ	onar	N-:----ASN-
01021911	Matt.2.19	τῷ	ho	RA:----DSM-
01021912	Matt.2.19	Ἰωσὴφ	iōsēph	N-:----DSM-
01021913	Matt.2.19	ἐν	en	P-:--------
01021914	Matt.2.19	Αἰγύπτῳ	aigyptos	N-:----DSF-
01022001	Matt.2.20	λέγων	legō	V-:-PAPNSM-
01022002	Matt.2.20	Ἐγερθεὶς	egeirō	V-:-APPNSM-
01022003	Matt.2.20	παράλαβε	paralambanō	V-:2AAD-S--
01022004	Matt.2.20	τὸ	ho	RA:----ASN-
01022005	Matt.2.20	παιδίον	paidion	N-:----ASN-
01022006	Matt.2.20	καὶ	kai	C-:--------
01022007	Matt.2.20	τὴν	ho	RA:----ASF-
01022008	Matt.2.20	μητέρα	mētēr	N-:----ASF-
01022009	Matt.2.20	αὐτοῦ	autos	RP:----GSM-
01022010	Matt.2.20	καὶ	kai	C-:--------
01022011	Matt.2.20	πορεύου	poreuomai	V-:2PMD-S--
01022012	Matt.2.20	εἰς	eis	P-:--------
01022013	Matt.2.20	γῆν	gē	N-:----ASF-
01022014	Matt.2.20	Ἰσραήλ	israēl	N-:----GSM-
01022015	Matt.2.20	τεθνήκασιν	thnēskō	V-:3XAI-P--
01022016	Matt.2.20	γὰρ	gar	C-:--------
01022017	Matt.2.20	οἱ	ho	RA:----NPM-
01022018	Matt.2.20	ζητοῦντες	zēteō	V-:-PAPNPM-
01022019	Matt.2.20	τὴν	ho	RA:----ASF-
01022020	Matt.2.20	ψυχὴν	psychē	N-:----ASF-
01022021	Matt.2.20	τοῦ	ho	RA:----GSN-
01022022	Matt.2.20	παιδίου	paidion	N-:----GSN-
01022101	Matt.2.21	ὁ	ho	RA:----NSM-
01022102	Matt.2.21	δὲ	de	C-:--------
01022103	Matt.2.21	ἐγερθεὶς	egeirō	V-:-APPNSM-
01022104	Matt.2.21	παρέλαβε	paralambanō	V-:3AAI-S--
01022105	Matt.2.21	τὸ	ho	RA:----ASN-
01022106	Matt.2.21	παιδίον	paidion	N-:----ASN-
01022107	Matt.2.21	καὶ	kai	C-:--------
01022108	Matt.2.21	τὴν	ho	RA:----ASF-
01022109	Matt.2.21	μητέρα	mētēr	N-:----ASF-
01022110	Matt.2.21	αὐτοῦ	autos	RP:----GSM-
01022111	Matt.2.21	καὶ	kai	C-:--------
01022112	Matt.2.21	εἰσῆλθεν	eiserchomai	V-:3AAI-S--
01022113	Matt.2.21	εἰς	eis	P-:--------
01022114	Matt.2.21	γῆν	gē	N-:----ASF-
01022115	Matt.2.21	Ἰσραήλ	israēl	N-:----GSM-
01022201	Matt.2.22	ἀκούσας	akouō	V-:-AAPNSM-
01022202	Matt.2.22	δὲ	de	C-:--------
01022203	Matt.2.22	ὅτι	hoti	C-:--------
01022204	Matt.2.22	Ἀρχέλαος	archelaos	N-:----NSM-
01022205	Matt.2.22	βασιλεύει	basileuō	V-:3PAI-S--
01022206	Matt.2.22	τῆς	ho	RA:----GSF-
01022207	Matt.2.22	Ἰουδαίας	ioudaia	N-:----GSF-
01022208	Matt.2.22	ἀντὶ	anti	P-:--------
01022209	Matt.2.22	τοῦ	ho	RA:----GSM-
01022210	Matt.2.22	πατρὸς	patēr	N-:----GSM-
01022211	Matt.2.22	αὐτοῦ	autos	RP:----GSM-
01022212	Matt.2.22	Ἡρῴδου	hērōdēs	N-:----GSM-
01022213	Matt.2.22	ἐφοβήθη	phobeomai	V-:3API-S--
01022214	Matt.2.22	ἐκεῖ	ekei	D-:--------
01022215	Matt.2.22	ἀπελθεῖν	aperchomai	V-:-AAN----
01022216	Matt.2.22	χρηματισθεὶς	chrēmatizō	V-:-APPNSM-
01022217	Matt.2.22	δὲ	de	C-:--------
01022218	Matt.2.22	κατ’	kata	P-:--------
01022219	Matt.2.22	ὄναρ	onar	N-:----ASN-
01022220	Matt.2.22	ἀνεχώρησεν	anachōreō	V-:3AAI-S--
01022221	Matt.2.22	εἰς	eis	P-:--------
01022222	Matt.2.22	τὰ	ho	RA:----APN-
01022223	Matt.2.22	μέρη	meros	N-:----APN-
01022224	Matt.2.22	τῆς	ho	RA:----GSF-
01022225	Matt.2.22	Γαλιλαίας	galilaia	N-:----GSF-
01022301	Matt.2.23	καὶ	kai	C-:--------
01022302	Matt.2.23	ἐλθὼν	erchomai	V-:-AAPNSM-
01022303	Matt.2.23	κατῴκησεν	katoikeō	V-:3AAI-S--
01022304	Matt.2.23	εἰς	eis	P-:--------
01022305	Matt.2.23	πόλιν	polis	N-:----ASF-
01022306	Matt.2.23	λεγομένην	legō	V-:-PPPASF-
01022307	Matt.2.23	Ναζαρέτ	nazaret	N-:----ASF-
01022308	Matt.2.23	ὅπως	hopōs	C-:--------
01022309	Matt.2.23	πληρωθῇ	plēroō	V-:3APS-S--
01022310	Matt.2.23	τὸ	ho	RA:----NSN-
01022311	Matt.2.23	ῥηθὲν	legō	V-:-APPNSN-
01022312	Matt.2.23	διὰ	dia	P-:--------
01022313	Matt.2.23	τῶν	ho	RA:----GPM-
01022314	Matt.2.23	προφητῶν	prophētēs	N-:----GPM-
01022315	Matt.2.23	ὅτι	hoti	D-:--------
01022316	Matt.2.23	Ναζωραῖος	nazōraios	N-:----NSM-
01022317	Matt.2.23	κληθήσεται	kaleō	V-:3FPI-S--
01030101	Matt.3.1	Ἐν	en	P-:--------
01030102	Matt.3.1	δὲ	de	C-:--------
01030103	Matt.3.1	ταῖς	ho	RA:----DPF-
01030104	Matt.3.1	ἡμέραις	hēmera	N-:----DPF-
01030105	Matt.3.1	ἐκείναις	ekeinos	RD:----DPF-
01030106	Matt.3.1	παραγίνεται	paraginomai	V-:3PMI-S--
01030107	Matt.3.1	Ἰωάννης	iōannēs	N-:----NSM-
01030108	Matt.3.1	ὁ	ho	RA:----NSM-
01030109	Matt.3.1	βαπτιστὴς	baptistēs	N-:----NSM-
01030110	Matt.3.1	κηρύσσων	kēryssō	V-:-PAPNSM-
01030111	Matt.3.1	ἐν	en	P-:--------
01030112	Matt.3.1	τῇ	ho	RA:----DSF-
01030113	Matt.3.1	ἐρήμῳ	erēmos	A-:----DSF-
01030114	Matt.3.1	τῆς	ho	RA:----GSF-
01030115	Matt.3.1	Ἰουδαίας	ioudaia	N-:----GSF-
01030201	Matt.3.2	καὶ	kai	C-:--------
01030202	Matt.3.2	λέγων	legō	V-:-PAPNSM-
01030203	Matt.3.2	Μετανοεῖτε	metanoeō	V-:2PAD-P--
01030204	Matt.3.2	ἤγγικεν	engizō	V-:3XAI-S--
01030205	Matt.3.2	γὰρ	gar	C-:--------
01030206	Matt.3.2	ἡ	ho	RA:----NSF-
01030207	Matt.3.2	βασιλεία	basileia	N-:----NSF-
01030208	Matt.3.2	τῶν	ho	RA:----GPM-
01030209	Matt.3.2	οὐρανῶν	ouranos	N-:----GPM-
01030301	Matt.3.3	οὗτος	houtos	RD:----NSM-
01030302	Matt.3.3	γάρ	gar	C-:--------
01030303	Matt.3.3	ἐστιν	eimi	V-:3PAI-S--
01030304	Matt.3.3	ὁ	ho	RA:----NSM-
01030305	Matt.3.3	ῥηθεὶς	legō	V-:-APPNSM-
01030306	Matt.3.3	διὰ	dia	P-:--------
01030307	Matt.3.3	Ἠσαΐου	ēsaias	N-:----GSM-
01030308	Matt.3.3	τοῦ	ho	RA:----GSM-
01030309	Matt.3.3	προφήτου	prophētēs	N-:----GSM-
01030310	Matt.3.3	λέγοντος	legō	V-:-PAPGSM-
01030311	Matt.3.3	Φωνὴ	phōnē	N-:----NSF-
01030312	Matt.3.3	βοῶντος	boaō	V-:-PAPGSM-
01030313	Matt.3.3	ἐν	en	P-:--------
01030314	Matt.3.3	τῇ	ho	RA:----DSF-
01030315	Matt.3.3	ἐρήμῳ	erēmos	A-:----DSF-
01030316	Matt.3.3	Ἑτοιμάσατε	hetoimazō	V-:2AAD-P--
01030317	Matt.3.3	τὴν	ho	RA:----ASF-
01030318	Matt.3.3	ὁδὸν	hodos	N-:----ASF-
01030319	Matt.3.3	κυρίου	kyrios	N-:----GSM-
01030320	Matt.3.3	εὐθείας	euthys	A-:----APF-
01030321	Matt.3.3	ποιεῖτε	poieō	V-:2PAD-P--
01030322	Matt.3.3	τὰς	ho	RA:----APF-
01030323	Matt.3.3	τρίβους	tribos	N-:----APF-
01030324	Matt.3.3	αὐτοῦ	autos	RP:----GSM-
01030401	Matt.3.4	αὐτὸς	autos	RP:----NSM-
01030402	Matt.3.4	δὲ	de	C-:--------
01030403	Matt.3.4	ὁ	ho	RA:----NSM-
01030404	Matt.3.4	Ἰωάννης	iōannēs	N-:----NSM-
01030405	Matt.3.4	εἶχεν	echō	V-:3IAI-S--
01030406	Matt.3.4	τὸ	ho	RA:----ASN-
01030407	Matt.3.4	ἔνδυμα	endyma	N-:----ASN-
01030408	Matt.3.4	αὐτοῦ	autos	RP:----GSM-
01030409	Matt.3.4	ἀπὸ	apo	P-:--------
01030410	Matt.3.4	τριχῶν	thrix	N-:----GPF-
01030411	Matt.3.4	καμήλου	kamēlos	N-:----GSF-
01030412	Matt.3.4	καὶ	kai	C-:--------
01030413	Matt.3.4	ζώνην	zōnē	N-:----ASF-
01030414	Matt.3.4	δερματίνην	dermatinos	A-:----ASF-
01030415	Matt.3.4	περὶ	peri	P-:--------
01030416	Matt.3.4	τὴν	ho	RA:----ASF-
01030417	Matt.3.4	ὀσφὺν	osphys	N-:----ASF-
01030418	Matt.3.4	αὐτοῦ	autos	RP:----GSM-
01030419	Matt.3.4	ἡ	ho	RA:----NSF-
01030420	Matt.3.4	δὲ	de	C-:--------
01030421	Matt.3.4	τροφὴ	trophē	N-:----NSF-
01030422	Matt.3.4	ἦν	eimi	V-:3IAI-S--
01030423	Matt.3.4	αὐτοῦ	autos	RP:----GSM-
01030424	Matt.3.4	ἀκρίδες	akris	N-:----NPF-
01030425	Matt.3.4	καὶ	kai	C-:--------
01030426	Matt.3.4	μέλι	meli	N-:----NSN-
01030427	Matt.3.4	ἄγριον	agrios	A-:----NSN-
01030501	Matt.3.5	τότε	tote	D-:--------
01030502	Matt.3.5	ἐξεπορεύετο	ekporeuomai	V-:3IMI-S--
01030503	Matt.3.5	πρὸς	pros	P-:--------
01030504	Matt.3.5	αὐτὸν	autos	RP:----ASM-
01030505	Matt.3.5	Ἱεροσόλυμα	hierosolyma	N-:----NPN-
01030506	Matt.3.5	καὶ	kai	C-:--------
01030507	Matt.3.5	πᾶσα	pas	A-:----NSF-
01030508	Matt.3.5	ἡ	ho	RA:----NSF-
01030509	Matt.3.5	Ἰουδαία	ioudaia	N-:----NSF-
01030510	Matt.3.5	καὶ	kai	C-:--------
01030511	Matt.3.5	πᾶσα	pas	A-:----NSF-
01030512	Matt.3.5	ἡ	ho	RA:----NSF-
01030513	Matt.3.5	περίχωρος	perichōros	A-:----NSF-
01030514	Matt.3.5	τοῦ	ho	RA:----GSM-
01030515	Matt.3.5	Ἰορδάνου	iordanēs	N-:----GSM-
01030601	Matt.3.6	καὶ	kai	C-:--------
01030602	Matt.3.6	ἐβαπτίζοντο	baptizō	V-:3IPI-P--
01030603	Matt.3.6	ἐν	en	P-:--------
01030604	Matt.3.6	τῷ	ho	RA:----DSM-
01030605	Matt.3.6	Ἰορδάνῃ	iordanēs	N-:----DSM-
01030606	Matt.3.6	ποταμῷ	potamos	N-:----DSM-
01030607	Matt.3.6	ὑπ’	hypo	P-:--------
01030608	Matt.3.6	αὐτοῦ	autos	RP:----GSM-
01030609	Matt.3.6	ἐξομολογούμενοι	exomologeō	V-:-PMPNPM-
01030610	Matt.3.6	τὰς	ho	RA:----APF-
01030611	Matt.3.6	ἁμαρτίας	hamartia	N-:----APF-
01030612	Matt.3.6	αὐτῶν	autos	RP:----GPM-
01030701	Matt.3.7	Ἰδὼν	horaō	V-:-AAPNSM-
01030702	Matt.3.7	δὲ	de	C-:--------
01030703	Matt.3.7	πολλοὺς	polys	A-:----APM-
01030704	Matt.3.7	τῶν	ho	RA:----GPM-
01030705	Matt.3.7	Φαρισαίων	pharisaios	N-:----GPM-
01030706	Matt.3.7	καὶ	kai	C-:--------
01030707	Matt.3.7	Σαδδουκαίων	saddoukaios	N-:----GPM-
01030708	Matt.3.7	ἐρχομένους	erchomai	V-:-PMPAPM-
01030709	Matt.3.7	ἐπὶ	epi	P-:--------
01030710	Matt.3.7	τὸ	ho	RA:----ASN-
01030711	Matt.3.7	βάπτισμα	baptisma	N-:----ASN-
01030712	Matt.3.7	αὐτοῦ	autos	RP:----GSM-
01030713	Matt.3.7	εἶπεν	legō	V-:3AAI-S--
01030714	Matt.3.7	αὐτοῖς	autos	RP:----DPM-
01030715	Matt.3.7	Γεννήματα	gennēma	N-:----VPN-
01030716	Matt.3.7	ἐχιδνῶν	echidna	N-:----GPF-
01030717	Matt.3.7	τίς	tis	RI:----NSM-
01030718	Matt.3.7	ὑπέδειξεν	hypodeiknymi	V-:3AAI-S--
01030719	Matt.3.7	ὑμῖν	sy	RP:----DP--
01030720	Matt.3.7	φυγεῖν	pheugō	V-:-AAN----
01030721	Matt.3.7	ἀπὸ	apo	P-:--------
01030722	Matt.3.7	τῆς	ho	RA:----GSF-
01030723	Matt.3.7	μελλούσης	mellō	V-:-PAPGSF-
01030724	Matt.3.7	ὀργῆς	orgē	N-:----GSF-
01030801	Matt.3.8	ποιήσατε	poieō	V-:2AAD-P--
01030802	Matt.3.8	οὖν	oun	C-:--------
01030803	Matt.3.8	καρπὸν	karpos	N-:----ASM-
01030804	Matt.3.8	ἄξιον	axios	A-:----ASM-
01030805	Matt.3.8	τῆς	ho	RA:----GSF-
01030806	Matt.3.8	μετανοίας	metanoia	N-:----GSF-
01030901	Matt.3.9	καὶ	kai	C-:--------
01030902	Matt.3.9	μὴ	mē	D-:--------
01030903	Matt.3.9	δόξητε	dokeō	V-:2AAS-P--
01030904	Matt.3.9	λέγειν	legō	V-:-PAN----
01030905	Matt.3.9	ἐν	en	P-:--------
01030906	Matt.3.9	ἑαυτοῖς	heautou	RP:----DPM-
01030907	Matt.3.9	Πατέρα	patēr	N-:----ASM-
01030908	Matt.3.9	ἔχομεν	echō	V-:1PAI-P--
01030909	Matt.3.9	τὸν	ho	RA:----ASM-
01030910	Matt.3.9	Ἀβραάμ	abraam	N-:----ASM-
01030911	Matt.3.9	λέγω	legō	V-:1PAI-S--
01030912	Matt.3.9	γὰρ	gar	C-:--------
01030913	Matt.3.9	ὑμῖν	sy	RP:----DP--
01030914	Matt.3.9	ὅτι	hoti	C-:--------
01030915	Matt.3.9	δύναται	dynamai	V-:3PMI-S--
01030916	Matt.3.9	ὁ	ho	RA:----NSM-
01030917	Matt.3.9	θεὸς	theos	N-:----NSM-
01030918	Matt.3.9	ἐκ	ek	P-:--------
01030919	Matt.3.9	τῶν	ho	RA:----GPM-
01030920	Matt.3.9	λίθων	lithos	N-:----GPM-
01030921	Matt.3.9	τούτων	houtos	RD:----GPM-
01030922	Matt.3.9	ἐγεῖραι	egeirō	V-:-AAN----
01030923	Matt.3.9	τέκνα	teknon	N-:----APN-
01030924	Matt.3.9	τῷ	ho	RA:----DSM-
01030925	Matt.3.9	Ἀβραάμ	abraam	N-:----DSM-
01031001	Matt.3.10	ἤδη	ēdē	D-:--------
01031002	Matt.3.10	δὲ	de	C-:--------
01031003	Matt.3.10	ἡ	ho	RA:----NSF-
01031004	Matt.3.10	ἀξίνη	axinē	N-:----NSF-
01031005	Matt.3.10	πρὸς	pros	P-:--------
01031006	Matt.3.10	τὴν	ho	RA:----ASF-
01031007	Matt.3.10	ῥίζαν	rhiza	N-:----ASF-
01031008	Matt.3.10	τῶν	ho	RA:----GPN-
01031009	Matt.3.10	δένδρων	dendron	N-:----GPN-
01031010	Matt.3.10	κεῖται	keimai	V-:3PMI-S--
01031011	Matt.3.10	πᾶν	pas	A-:----NSN-
01031012	Matt.3.10	οὖν	oun	C-:--------
01031013	Matt.3.10	δένδρον	dendron	N-:----NSN-
01031014	Matt.3.10	μὴ	mē	D-:--------
01031015	Matt.3.10	ποιοῦν	poieō	V-:-PAPNSN-
01031016	Matt.3.10	καρπὸν	karpos	N-:----ASM-
01031017	Matt.3.10	καλὸν	kalos	A-:----ASM-
01031018	Matt.3.10	ἐκκόπτεται	ekkoptō	V-:3PPI-S--
01031019	Matt.3.10	καὶ	kai	C-:--------
01031020	Matt.3.10	εἰς	eis	P-:--------
01031021	Matt.3.10	πῦρ	pyr	N-:----ASN-
01031022	Matt.3.10	βάλλεται	ballō	V-:3PPI-S--
01031101	Matt.3.11	Ἐγὼ	egō	RP:----NS--
01031102	Matt.3.11	μὲν	men	C-:--------
01031103	Matt.3.11	ὑμᾶς	sy	RP:----AP--
01031104	Matt.3.11	βαπτίζω	baptizō	V-:1PAI-S--
01031105	Matt.3.11	ἐν	en	P-:--------
01031106	Matt.3.11	ὕδατι	hydōr	N-:----DSN-
01031107	Matt.3.11	εἰς	eis	P-:--------
01031108	Matt.3.11	μετάνοιαν	metanoia	N-:----ASF-
01031109	Matt.3.11	ὁ	ho	RA:----NSM-
01031110	Matt.3.11	δὲ	de	C-:--------
01031111	Matt.3.11	ὀπίσω	opisō	P-:--------
01031112	Matt.3.11	μου	egō	RP:----GS--
01031113	Matt.3.11	ἐρχόμενος	erchomai	V-:-PMPNSM-
01031114	Matt.3.11	ἰσχυρότερός	ischyros	A-:----NSMC
01031115	Matt.3.11	μού	egō	RP:----GS--
01031116	Matt.3.11	ἐστιν	eimi	V-:3PAI-S--
01031117	Matt.3.11	οὗ	hos	RR:----GSM-
01031118	Matt.3.11	οὐκ	ou	D-:--------
01031119	Matt.3.11	εἰμὶ	eimi	V-:1PAI-S--
01031120	Matt.3.11	ἱκανὸς	hikanos	A-:----NSM-
01031121	Matt.3.11	τὰ	ho	RA:----APN-
01031122	Matt.3.11	ὑποδήματα	hypodēma	N-:----APN-
01031123	Matt.3.11	βαστάσαι	bastazō	V-:-AAN----
01031124	Matt.3.11	αὐτὸς	autos	RP:----NSM-
01031125	Matt.3.11	ὑμᾶς	sy	RP:----AP--
01031126	Matt.3.11	βαπτίσει	baptizō	V-:3FAI-S--
01031127	Matt.3.11	ἐν	en	P-:--------
01031128	Matt.3.11	πνεύματι	pneuma	N-:----DSN-
01031129	Matt.3.11	ἁγίῳ	hagios	A-:----DSN-
01031130	Matt.3.11	καὶ	kai	C-:--------
01031131	Matt.3.11	πυρί	pyr	N-:----DSN-
01031201	Matt.3.12	οὗ	hos	RR:----GSM-
01031202	Matt.3.12	τὸ	ho	RA:----NSN-
01031203	Matt.3.12	πτύον	ptyon	N-:----NSN-
01031204	Matt.3.12	ἐν	en	P-:--------
01031205	Matt.3.12	τῇ	ho	RA:----DSF-
01031206	Matt.3.12	χειρὶ	cheir	N-:----DSF-
01031207	Matt.3.12	αὐτοῦ	autos	RP:----GSM-
01031208	Matt.3.12	καὶ	kai	C-:--------
01031209	Matt.3.12	διακαθαριεῖ	diakatharizō	V-:3FAI-S--
01031210	Matt.3.12	τὴν	ho	RA:----ASF-
01031211	Matt.3.12	ἅλωνα	halōn	N-:----ASF-
01031212	Matt.3.12	αὐτοῦ	autos	RP:----GSM-
01031213	Matt.3.12	καὶ	kai	C-:--------
01031214	Matt.3.12	συνάξει	synagō	V-:3FAI-S--
01031215	Matt.3.12	τὸν	ho	RA:----ASM-
01031216	Matt.3.12	σῖτον	sitos	N-:----ASM-
01031217	Matt.3.12	αὐτοῦ	autos	RP:----GSM-
01031218	Matt.3.12	εἰς	eis	P-:--------
01031219	Matt.3.12	τὴν	ho	RA:----ASF-
01031220	Matt.3.12	ἀποθήκην	apothēkē	N-:----ASF-
01031221	Matt.3.12	τὸ	ho	RA:----ASN-
01031222	Matt.3.12	δὲ	de	C-:--------
01031223	Matt.3.12	ἄχυρον	achyron	N-:----ASN-
01031224	Matt.3.12	κατακαύσει	katakaiō	V-:3FAI-S--
01031225	Matt.3.12	πυρὶ	pyr	N-:----DSN-
01031226	Matt.3.12	ἀσβέστῳ	asbestos	A-:----DSN-
01031301	Matt.3.13	Τότε	tote	D-:--------
01031302	Matt.3.13	παραγίνεται	paraginomai	V-:3PMI-S--
01031303	Matt.3.13	ὁ	ho	RA:----NSM-
01031304	Matt.3.13	Ἰησοῦς	iēsous	N-:----NSM-
01031305	Matt.3.13	ἀπὸ	apo	P-:--------
01031306	Matt.3.13	τῆς	ho	RA:----GSF-
01031307	Matt.3.13	Γαλιλαίας	galilaia	N-:----GSF-
01031308	Matt.3.13	ἐπὶ	epi	P-:--------
01031309	Matt.3.13	τὸν	ho	RA:----ASM-
01031310	Matt.3.13	Ἰορδάνην	iordanēs	N-:----ASM-
01031311	Matt.3.13	πρὸς	pros	P-:--------
01031312	Matt.3.13	τὸν	ho	RA:----ASM-
01031313	Matt.3.13	Ἰωάννην	iōannēs	N-:----ASM-
01031314	Matt.3.13	τοῦ	ho	RA:----GSN-
01031315	Matt.3.13	βαπτισθῆναι	baptizō	V-:-APN----
01031316	Matt.3.13	ὑπ’	hypo	P-:--------
01031317	Matt.3.13	αὐτοῦ	autos	RP:----GSM-
01031401	Matt.3.14	ὁ	ho	RA:----NSM-
01031402	Matt.3.14	δὲ	de	C-:--------
01031403	Matt.3.14	Ἰωάννης	iōannēs	N-:----NSM-
01031404	Matt.3.14	διεκώλυεν	diakōlyō	V-:3IAI-S--
01031405	Matt.3.14	αὐτὸν	autos	RP:----ASM-
01031406	Matt.3.14	λέγων	legō	V-:-PAPNSM-
01031407	Matt.3.14	Ἐγὼ	egō	RP:----NS--
01031408	Matt.3.14	χρείαν	chreia	N-:----ASF-
01031409	Matt.3.14	ἔχω	echō	V-:1PAI-S--
01031410	Matt.3.14	ὑπὸ	hypo	P-:--------
01031411	Matt.3.14	σοῦ	sy	RP:----GS--
01031412	Matt.3.14	βαπτισθῆναι	baptizō	V-:-APN----
01031413	Matt.3.14	καὶ	kai	C-:--------
01031414	Matt.3.14	σὺ	sy	RP:----NS--
01031415	Matt.3.14	ἔρχῃ	erchomai	V-:2PMI-S--
01031416	Matt.3.14	πρός	pros	P-:--------
01031417	Matt.3.14	με	egō	RP:----AS--
01031501	Matt.3.15	ἀποκριθεὶς	apokrinomai	V-:-APPNSM-
01031502	Matt.3.15	δὲ	de	C-:--------
01031503	Matt.3.15	ὁ	ho	RA:----NSM-
01031504	Matt.3.15	Ἰησοῦς	iēsous	N-:----NSM-
01031505	Matt.3.15	εἶπεν	legō	V-:3AAI-S--
01031506	Matt.3.15	πρὸς	pros	P-:--------
01031507	Matt.3.15	αὐτόν	autos	RP:----ASM-
01031508	Matt.3.15	Ἄφες	aphiēmi	V-:2AAD-S--
01031509	Matt.3.15	ἄρτι	arti	D-:--------
01031510	Matt.3.15	οὕτως	houtō(s)	D-:--------
01031511	Matt.3.15	γὰρ	gar	C-:--------
01031512	Matt.3.15	πρέπον	prepō	V-:-PAPNSN-
01031513	Matt.3.15	ἐστὶν	eimi	V-:3PAI-S--
01031514	Matt.3.15	ἡμῖν	egō	RP:----DP--
01031515	Matt.3.15	πληρῶσαι	plēroō	V-:-AAN----
01031516	Matt.3.15	πᾶσαν	pas	A-:----ASF-
01031517	Matt.3.15	δικαιοσύνην	dikaiosynē	N-:----ASF-
01031518	Matt.3.15	τότε	tote	D-:--------
01031519	Matt.3.15	ἀφίησιν	aphiēmi	V-:3PAI-S--
01031520	Matt.3.15	αὐτόν	autos	RP:----ASM-
01031601	Matt.3.16	βαπτισθεὶς	baptizō	V-:-APPNSM-
01031602	Matt.3.16	δὲ	de	C-:--------
01031603	Matt.3.16	ὁ	ho	RA:----NSM-
01031604	Matt.3.16	Ἰησοῦς	iēsous	N-:----NSM-
01031605	Matt.3.16	εὐθὺς	euthys	A-:----NSM-
01031606	Matt.3.16	ἀνέβη	anabainō	V-:3AAI-S--
01031607	Matt.3.16	ἀπὸ	apo	P-:--------
01031608	Matt.3.16	τοῦ	ho	RA:----GSN-
01031609	Matt.3.16	ὕδατος	hydōr	N-:----GSN-
01031610	Matt.3.16	καὶ	kai	C-:--------
01031611	Matt.3.16	ἰδοὺ	idou	X-:--------
01031612	Matt.3.16	ἠνεῴχθησαν	anoigō	V-:3API-P--
01031613	Matt.3.16	οἱ	ho	RA:----NPM-
01031614	Matt.3.16	οὐρανοί	ouranos	N-:----NPM-
01031615	Matt.3.16	καὶ	kai	C-:--------
01031616	Matt.3.16	εἶδεν	horaō	V-:3AAI-S--
01031617	Matt.3.16	πνεῦμα	pneuma	N-:----ASN-
01031618	Matt.3.16	θεοῦ	theos	N-:----GSM-
01031619	Matt.3.16	καταβαῖνον	katabainō	V-:-PAPASN-
01031620	Matt.3.16	ὡσεὶ	hōsei	C-:--------
01031621	Matt.3.16	περιστερὰν	peristera	N-:----ASF-
01031622	Matt.3.16	ἐρχόμενον	erchomai	V-:-PMPASN-
01031623	Matt.3.16	ἐπ’	epi	P-:--------
01031624	Matt.3.16	αὐτόν	autos	RP:----ASM-
01031701	Matt.3.17	καὶ	kai	C-:--------
01031702	Matt.3.17	ἰδοὺ	idou	X-:--------
01031703	Matt.3.17	φωνὴ	phōnē	N-:----NSF-
01031704	Matt.3.17	ἐκ	ek	P-:--------
01031705	Matt.3.17	τῶν	ho	RA:----GPM-
01031706	Matt.3.17	οὐρανῶν	ouranos	N-:----GPM-
01031707	Matt.3.17	λέγουσα	legō	V-:-PAPNSF-
01031708	Matt.3.17	Οὗτός	houtos	RD:----NSM-
01031709	Matt.3.17	ἐστιν	eimi	V-:3PAI-S--
01031710	Matt.3.17	ὁ	ho	RA:----NSM-
01031711	Matt.3.17	υἱός	huios	N-:----NSM-
01031712	Matt.3.17	μου	egō	RP:----GS--
01031713	Matt.3.17	ὁ	ho	RA:----NSM-
01031714	Matt.3.17	ἀγαπητός	agapētos	A-:----NSM-
01031715	Matt.3.17	ἐν	en	P-:--------
01031716	Matt.3.17	ᾧ	hos	RR:----DSM-
01031717	Matt.3.17	εὐδόκησα	eudokeō	V-:1AAI-S--
01040101	Matt.4.1	Τότε	tote	D-:--------
01040102	Matt.4.1	ὁ	ho	RA:----NSM-
01040103	Matt.4.1	Ἰησοῦς	iēsous	N-:----NSM-
01040104	Matt.4.1	ἀνήχθη	anagō	V-:3API-S--
01040105	Matt.4.1	εἰς	eis	P-:--------
01040106	Matt.4.1	τὴν	ho	RA:----ASF-
01040107	Matt.4.1	ἔρημον	erēmos	A-:----ASF-
01040108	Matt.4.1	ὑπὸ	hypo	P-:--------
01040109	Matt.4.1	τοῦ	ho	RA:----GSN-
01040110	Matt.4.1	πνεύματος	pneuma	N-:----GSN-
01040111	Matt.4.1	πειρασθῆναι	peirazō	V-:-APN----
01040112	Matt.4.1	ὑπὸ	hypo	P-:--------
01040113	Matt.4.1	τοῦ	ho	RA:----GSM-
01040114	Matt.4.1	διαβόλου	diabolos	A-:----GSM-
01040201	Matt.4.2	καὶ	kai	C-:--------
01040202	Matt.4.2	νηστεύσας	nēsteuō	V-:-AAPNSM-
01040203	Matt.4.2	ἡμέρας	hēmera	N-:----APF-
01040204	Matt.4.2	τεσσεράκοντα	tesserakonta	A-:----APF-
01040205	Matt.4.2	καὶ	kai	C-:--------
01040206	Matt.4.2	νύκτας	nyx	N-:----APF-
01040207	Matt.4.2	τεσσεράκοντα	tesserakonta	A-:----APF-
01040208	Matt.4.2	ὕστερον	hysteros	A-:----ASNC
01040209	Matt.4.2	ἐπείνασεν	peinaō	V-:3AAI-S--
01040301	Matt.4.3	καὶ	kai	C-:--------
01040302	Matt.4.3	προσελθὼν	proserchomai	V-:-AAPNSM-
01040303	Matt.4.3	ὁ	ho	RA:----NSM-
01040304	Matt.4.3	πειράζων	peirazō	V-:-PAPNSM-
01040305	Matt.4.3	εἶπεν	legō	V-:3AAI-S--
01040306	Matt.4.3	αὐτῷ	autos	RP:----DSM-
01040307	Matt.4.3	Εἰ	ei	C-:--------
01040308	Matt.4.3	υἱὸς	huios	N-:----NSM-
01040309	Matt.4.3	εἶ	eimi	V-:2PAI-S--
01040310	Matt.4.3	τοῦ	ho	RA:----GSM-
01040311	Matt.4.3	θεοῦ	theos	N-:----GSM-
01040312	Matt.4.3	εἰπὲ	legō	V-:2AAD-S--
01040313	Matt.4.3	ἵνα	hina	C-:--------
01040314	Matt.4.3	οἱ	ho	RA:----NPM-
01040315	Matt.4.3	λίθοι	lithos	N-:----NPM-
01040316	Matt.4.3	οὗτοι	houtos	RD:----NPM-
01040317	Matt.4.3	ἄρτοι	artos	N-:----NPM-
01040318	Matt.4.3	γένωνται	ginomai	V-:3AMS-P--
01040401	Matt.4.4	ὁ	ho	RA:----NSM-
01040402	Matt.4.4	δὲ	de	C-:--------
01040403	Matt.4.4	ἀποκριθεὶς	apokrinomai	V-:-APPNSM-
01040404	Matt.4.4	εἶπεν	legō	V-:3AAI-S--
01040405	Matt.4.4	Γέγραπται	graphō	V-:3XPI-S--
01040406	Matt.4.4	Οὐκ	ou	D-:--------
01040407	Matt.4.4	ἐπ’	epi	P-:--------
01040408	Matt.4.4	ἄρτῳ	artos	N-:----DSM-
01040409	Matt.4.4	μόνῳ	monos	A-:----DSM-
01040410	Matt.4.4	ζήσεται	zaō	V-:3FMI-S--
01040411	Matt.4.4	ὁ	ho	RA:----NSM-
01040412	Matt.4.4	ἄνθρωπος	anthrōpos	N-:----NSM-
01040413	Matt.4.4	ἀλλ’	alla	C-:--------
01040414	Matt.4.4	ἐπὶ	epi	P-:--------
01040415	Matt.4.4	παντὶ	pas	A-:----DSN-
01040416	Matt.4.4	ῥήματι	rhēma	N-:----DSN-
01040417	Matt.4.4	ἐκπορευομένῳ	ekporeuomai	V-:-PMPDSN-
01040418	Matt.4.4	διὰ	dia	P-:--------
01040419	Matt.4.4	στόματος	stoma	N-:----GSN-
01040420	Matt.4.4	θεοῦ	theos	N-:----GSM-
01040501	Matt.4.5	Τότε	tote	D-:--------
01040502	Matt.4.5	παραλαμβάνει	paralambanō	V-:3PAI-S--
01040503	Matt.4.5	αὐτὸν	autos	RP:----ASM-
01040504	Matt.4.5	ὁ	ho	RA:----NSM-
01040505	Matt.4.5	διάβολος	diabolos	A-:----NSM-
01040506	Matt.4.5	εἰς	eis	P-:--------
01040507	Matt.4.5	τὴν	ho	RA:----ASF-
01040508	Matt.4.5	ἁγίαν	hagios	A-:----ASF-
01040509	Matt.4.5	πόλιν	polis	N-:----ASF-
01040510	Matt.4.5	καὶ	kai	C-:--------
01040511	Matt.4.5	ἔστησεν	histēmi	V-:3AAI-S--
01040512	Matt.4.5	αὐτὸν	autos	RP:----ASM-
01040513	Matt.4.5	ἐπὶ	epi	P-:--------
01040514	Matt.4.5	τὸ	ho	RA:----ASN-
01040515	Matt.4.5	πτερύγιον	pterygion	N-:----ASN-
01040516	Matt.4.5	τοῦ	ho	RA:----GSN-
01040517	Matt.4.5	ἱεροῦ	hieros	A-:----GSN-
01040601	Matt.4.6	καὶ	kai	C-:--------
01040602	Matt.4.6	λέγει	legō	V-:3PAI-S--
01040603	Matt.4.6	αὐτῷ	autos	RP:----DSM-
01040604	Matt.4.6	Εἰ	ei	C-:--------
01040605	Matt.4.6	υἱὸς	huios	N-:----NSM-
01040606	Matt.4.6	εἶ	eimi	V-:2PAI-S--
01040607	Matt.4.6	τοῦ	ho	RA:----GSM-
01040608	Matt.4.6	θεοῦ	theos	N-:----GSM-
01040609	Matt.4.6	βάλε	ballō	V-:2AAD-S--
01040610	Matt.4.6	σεαυτὸν	seautou	RP:----ASM-
01040611	Matt.4.6	κάτω	katō	D-:--------
01040612	Matt.4.6	γέγραπται	graphō	V-:3XPI-S--
01040613	Matt.4.6	γὰρ	gar	C-:--------
01040614	Matt.4.6	ὅτι	hoti	C-:--------
01040615	Matt.4.6	Τοῖς	ho	RA:----DPM-
01040616	Matt.4.6	ἀγγέλοις	angelos	N-:----DPM-
01040617	Matt.4.6	αὐτοῦ	autos	RP:----GSM-
01040618	Matt.4.6	ἐντελεῖται	entellomai	V-:3FMI-S--
01040619	Matt.4.6	περὶ	peri	P-:--------
01040620	Matt.4.6	σοῦ	sy	RP:----GS--
01040621	Matt.4.6	καὶ	kai	C-:--------
01040622	Matt.4.6	ἐπὶ	epi	P-:--------
01040623	Matt.4.6	χειρῶν	cheir	N-:----GPF-
01040624	Matt.4.6	ἀροῦσίν	airō	V-:3FAI-P--
01040625	Matt.4.6	σε	sy	RP:----AS--
01040626	Matt.4.6	μήποτε	mēpote	C-:--------
01040627	Matt.4.6	προσκόψῃς	proskoptō	V-:2AAS-S--
01040628	Matt.4.6	πρὸς	pros	P-:--------
01040629	Matt.4.6	λίθον	lithos	N-:----ASM-
01040630	Matt.4.6	τὸν	ho	RA:----ASM-
01040631	Matt.4.6	πόδα	pous	N-:----ASM-
01040632	Matt.4.6	σου	sy	RP:----GS--
01040701	Matt.4.7	ἔφη	phēmi	V-:3IAI-S--
01040702	Matt.4.7	αὐτῷ	autos	RP:----DSM-
01040703	Matt.4.7	ὁ	ho	RA:----NSM-
01040704	Matt.4.7	Ἰησοῦς	iēsous	N-:----NSM-
01040705	Matt.4.7	Πάλιν	palin	D-:--------
01040706	Matt.4.7	γέγραπται	graphō	V-:3XPI-S--
01040707	Matt.4.7	Οὐκ	ou	D-:--------
01040708	Matt.4.7	ἐκπειράσεις	ekpeirazō	V-:2FAI-S--
01040709	Matt.4.7	κύριον	kyrios	N-:----ASM-
01040710	Matt.4.7	τὸν	ho	RA:----ASM-
01040711	Matt.4.7	θεόν	theos	N-:----ASM-
01040712	Matt.4.7	σου	sy	RP:----GS--
01040801	Matt.4.8	Πάλιν	palin	D-:--------
01040802	Matt.4.8	παραλαμβάνει	paralambanō	V-:3PAI-S--
01040803	Matt.4.8	αὐτὸν	autos	RP:----ASM-
01040804	Matt.4.8	ὁ	ho	RA:----NSM-
01040805	Matt.4.8	διάβολος	diabolos	A-:----NSM-
01040806	Matt.4.8	εἰς	eis	P-:--------
01040807	Matt.4.8	ὄρος	oros	N-:----ASN-
01040808	Matt.4.8	ὑψηλὸν	hypsēlos	A-:----ASN-
01040809	Matt.4.8	λίαν	lian	D-:--------
01040810	Matt.4.8	καὶ	kai	C-:--------
01040811	Matt.4.8	δείκνυσιν	deiknymi	V-:3PAI-S--
01040812	Matt.4.8	αὐτῷ	autos	RP:----DSM-
01040813	Matt.4.8	πάσας	pas	A-:----APF-
01040814	Matt.4.8	τὰς	ho	RA:----APF-
01040815	Matt.4.8	βασιλείας	basileia	N-:----APF-
01040816	Matt.4.8	τοῦ	ho	RA:----GSM-
01040817	Matt.4.8	κόσμου	kosmos	N-:----GSM-
01040818	Matt.4.8	καὶ	kai	C-:--------
01040819	Matt.4.8	τὴν	ho	RA:----ASF-
01040820	Matt.4.8	δόξαν	doxa	N-:----ASF-
01040821	Matt.4.8	αὐτῶν	autos	RP:----GPF-
01040901	Matt.4.9	καὶ	kai	C-:--------
01040902	Matt.4.9	εἶπεν	legō	V-:3AAI-S--
01040903	Matt.4.9	αὐτῷ	autos	RP:----DSM-
01040904	Matt.4.9	Ταῦτά	houtos	RD:----APN-
01040905	Matt.4.9	σοι	sy	RP:----DS--
01040906	Matt.4.9	πάντα	pas	A-:----APN-
01040907	Matt.4.9	δώσω	didōmi	V-:1FAI-S--
01040908	Matt.4.9	ἐὰν	ean	C-:--------
01040909	Matt.4.9	πεσὼν	piptō	V-:-AAPNSM-
01040910	Matt.4.9	προσκυνήσῃς	proskyneō	V-:2AAS-S--
01040911	Matt.4.9	μοι	egō	RP:----DS--
01041001	Matt.4.10	τότε	tote	D-:--------
01041002	Matt.4.10	λέγει	legō	V-:3PAI-S--
01041003	Matt.4.10	αὐτῷ	autos	RP:----DSM-
01041004	Matt.4.10	ὁ	ho	RA:----NSM-
01041005	Matt.4.10	Ἰησοῦς	iēsous	N-:----NSM-
01041006	Matt.4.10	Ὕπαγε	hypagō	V-:2PAD-S--
01041007	Matt.4.10	Σατανᾶ	satanas	N-:----VSM-
01041008	Matt.4.10	γέγραπται	graphō	V-:3XPI-S--
01041009	Matt.4.10	γάρ	gar	C-:--------
01041010	Matt.4.10	Κύριον	kyrios	N-:----ASM-
01041011	Matt.4.10	τὸν	ho	RA:----ASM-
01041012	Matt.4.10	θεόν	theos	N-:----ASM-
01041013	Matt.4.10	σου	sy	RP:----GS--
01041014	Matt.4.10	προσκυνήσεις	proskyneō	V-:2FAI-S--
01041015	Matt.4.10	καὶ	kai	C-:--------
01041016	Matt.4.10	αὐτῷ	autos	RP:----DSM-
01041017	Matt.4.10	μόνῳ	monos	A-:----DSM-
01041018	Matt.4.10	λατρεύσεις	latreuō	V-:2FAI-S--
01041101	Matt.4.11	τότε	tote	D-:--------
01041102	Matt.4.11	ἀφίησιν	aphiēmi	V-:3PAI-S--
01041103	Matt.4.11	αὐτὸν	autos	RP:----ASM-
01041104	Matt.4.11	ὁ	ho	RA:----NSM-
01041105	Matt.4.11	διάβολος	diabolos	A-:----NSM-
01041106	Matt.4.11	καὶ	kai	C-:--------
01041107	Matt.4.11	ἰδοὺ	idou	X-:--------
01041108	Matt.4.11	ἄγγελοι	angelos	N-:----NPM-
01041109	Matt.4.11	προσῆλθον	proserchomai	V-:3AAI-P--
01041110	Matt.4.11	καὶ	kai	C-:--------
01041111	Matt.4.11	διηκόνουν	diakoneō	V-:3IAI-P--
01041112	Matt.4.11	αὐτῷ	autos	RP:----DSM-
01041201	Matt.4.12	Ἀκούσας	akouō	V-:-AAPNSM-
01041202	Matt.4.12	δὲ	de	C-:--------
01041203	Matt.4.12	ὅτι	hoti	C-:--------
01041204	Matt.4.12	Ἰωάννης	iōannēs	N-:----NSM-
01041205	Matt.4.12	παρεδόθη	paradidōmi	V-:3API-S--
01041206	Matt.4.12	ἀνεχώρησεν	anachōreō	V-:3AAI-S--
01041207	Matt.4.12	εἰς	eis	P-:--------
01041208	Matt.4.12	τὴν	ho	RA:----ASF-
01041209	Matt.4.12	Γαλιλαίαν	galilaia	N-:----ASF-
01041301	Matt.4.13	καὶ	kai	C-:--------
01041302	Matt.4.13	καταλιπὼν	kataleipō	V-:-AAPNSM-
01041303	Matt.4.13	τὴν	ho	RA:----ASF-
01041304	Matt.4.13	Ναζαρὰ	nazara	N-:----ASF-
01041305	Matt.4.13	ἐλθὼν	erchomai	V-:-AAPNSM-
01041306	Matt.4.13	κατῴκησεν	katoikeō	V-:3AAI-S--
01041307	Matt.4.13	εἰς	eis	P-:--------
01041308	Matt.4.13	Καφαρναοὺμ	kapharnaoum	N-:----ASF-
01041309	Matt.4.13	τὴν	ho	RA:----ASF-
01041310	Matt.4.13	παραθαλασσίαν	parathalassios	A-:----ASF-
01041311	Matt.4.13	ἐν	en	P-:--------
01041312	Matt.4.13	ὁρίοις	horion	N-:----DPN-
01041313	Matt.4.13	Ζαβουλὼν	zaboulōn	N-:----GSM-
01041314	Matt.4.13	καὶ	kai	C-:--------
01041315	Matt.4.13	Νεφθαλίμ	nephthalim	N-:----GSM-
01041401	Matt.4.14	ἵνα	hina	C-:--------
01041402	Matt.4.14	πληρωθῇ	plēroō	V-:3APS-S--
01041403	Matt.4.14	τὸ	ho	RA:----NSN-
01041404	Matt.4.14	ῥηθὲν	legō	V-:-APPNSN-
01041405	Matt.4.14	διὰ	dia	P-:--------
01041406	Matt.4.14	Ἠσαΐου	ēsaias	N-:----GSM-
01041407	Matt.4.14	τοῦ	ho	RA:----GSM-
01041408	Matt.4.14	προφήτου	prophētēs	N-:----GSM-
01041409	Matt.4.14	λέγοντος	legō	V-:-PAPGSM-
01041501	Matt.4.15	Γῆ	gē	N-:----NSF-
01041502	Matt.4.15	Ζαβουλὼν	zaboulōn	N-:----GSM-
01041503	Matt.4.15	καὶ	kai	C-:--------
01041504	Matt.4.15	γῆ	gē	N-:----NSF-
01041505	Matt.4.15	Νεφθαλίμ	nephthalim	N-:----GSM-
01041506	Matt.4.15	ὁδὸν	hodos	N-:----ASF-
01041507	Matt.4.15	θαλάσσης	thalassa	N-:----GSF-
01041508	Matt.4.15	πέραν	peran	P-:--------
01041509	Matt.4.15	τοῦ	ho	RA:----GSM-
01041510	Matt.4.15	Ἰορδάνου	iordanēs	N-:----GSM-
01041511	Matt.4.15	Γαλιλαία	galilaia	N-:----NSF-
01041512	Matt.4.15	τῶν	ho	RA:----GPN-
01041513	Matt.4.15	ἐθνῶν	ethnos	N-:----GPN-
01041601	Matt.4.16	ὁ	ho	RA:----NSM-
01041602	Matt.4.16	λαὸς	laos	N-:----NSM-
01041603	Matt.4.16	ὁ	ho	RA:----NSM-
01041604	Matt.4.16	καθήμενος	kathēmai	V-:-PMPNSM-
01041605	Matt.4.16	ἐν	en	P-:--------
01041606	Matt.4.16	σκοτίᾳ	skotia	N-:----DSF-
01041607	Matt.4.16	φῶς	phōs	N-:----ASN-
01041608	Matt.4.16	εἶδεν	horaō	V-:3AAI-S--
01041609	Matt.4.16	μέγα	megas	A-:----ASN-
01041610	Matt.4.16	καὶ	kai	C-:--------
01041611	Matt.4.16	τοῖς	ho	RA:----DPM-
01041612	Matt.4.16	καθημένοις	kathēmai	V-:-PMPDPM-
01041613	Matt.4.16	ἐν	en	P-:--------
01041614	Matt.4.16	χώρᾳ	chōra	N-:----DSF-
01041615	Matt.4.16	καὶ	kai	C-:--------
01041616	Matt.4.16	σκιᾷ	skia	N-:----DSF-
01041617	Matt.4.16	θανάτου	thanatos	N-:----GSM-
01041618	Matt.4.16	φῶς	phōs	N-:----NSN-
01041619	Matt.4.16	ἀνέτειλεν	anatellō	V-:3AAI-S--
01041620	Matt.4.16	αὐτοῖς	autos	RP:----DPM-
01041701	Matt.4.17	Ἀπὸ	apo	P-:--------
01041702	Matt.4.17	τότε	tote	D-:--------
01041703	Matt.4.17	ἤρξατο	archō	V-:3AMI-S--
01041704	Matt.4.17	ὁ	ho	RA:----NSM-
01041705	Matt.4.17	Ἰησοῦς	iēsous	N-:----NSM-
01041706	Matt.4.17	κηρύσσειν	kēryssō	V-:-PAN----
01041707	Matt.4.17	καὶ	kai	C-:--------
01041708	Matt.4.17	λέγειν	legō	V-:-PAN----
01041709	Matt.4.17	Μετανοεῖτε	metanoeō	V-:2PAD-P--
01041710	Matt.4.17	ἤγγικεν	engizō	V-:3XAI-S--
01041711	Matt.4.17	γὰρ	gar	C-:--------
01041712	Matt.4.17	ἡ	ho	RA:----NSF-
01041713	Matt.4.17	βασιλεία	basileia	N-:----NSF-
01041714	Matt.4.17	τῶν	ho	RA:----GPM-
01041715	Matt.4.17	οὐρανῶν	ouranos	N-:----GPM-
01041801	Matt.4.18	Περιπατῶν	peripateō	V-:-PAPNSM-
01041802	Matt.4.18	δὲ	de	C-:--------
01041803	Matt.4.18	παρὰ	para	P-:--------
01041804	Matt.4.18	τὴν	ho	RA:----ASF-
01041805	Matt.4.18	θάλασσαν	thalassa	N-:----ASF-
01041806	Matt.4.18	τῆς	ho	RA:----GSF-
01041807	Matt.4.18	Γαλιλαίας	galilaia	N-:----GSF-
01041808	Matt.4.18	εἶδεν	horaō	V-:3AAI-S--
01041809	Matt.4.18	δύο	dyo	A-:----APM-
01041810	Matt.4.18	ἀδελφούς	adelphos	N-:----APM-
01041811	Matt.4.18	Σίμωνα	simōn	N-:----ASM-
01041812	Matt.4.18	τὸν	ho	RA:----ASM-
01041813	Matt.4.18	λεγόμενον	legō	V-:-PPPASM-
01041814	Matt.4.18	Πέτρον	petros	N-:----ASM-
01041815	Matt.4.18	καὶ	kai	C-:--------
01041816	Matt.4.18	Ἀνδρέαν	andreas	N-:----ASM-
01041817	Matt.4.18	τὸν	ho	RA:----ASM-
01041818	Matt.4.18	ἀδελφὸν	adelphos	N-:----ASM-
01041819	Matt.4.18	αὐτοῦ	autos	RP:----GSM-
01041820	Matt.4.18	βάλλοντας	ballō	V-:-PAPAPM-
01041821	Matt.4.18	ἀμφίβληστρον	amphiblēstron	N-:----ASN-
01041822	Matt.4.18	εἰς	eis	P-:--------
01041823	Matt.4.18	τὴν	ho	RA:----ASF-
01041824	Matt.4.18	θάλασσαν	thalassa	N-:----ASF-
01041825	Matt.4.18	ἦσαν	eimi	V-:3IAI-P--
01041826	Matt.4.18	γὰρ	gar	C-:--------
01041827	Matt.4.18	ἁλιεῖς	halieus	N-:----NPM-
01041901	Matt.4.19	καὶ	kai	C-:--------
01041902	Matt.4.19	λέγει	legō	V-:3PAI-S--
01041903	Matt.4.19	αὐτοῖς	autos	RP:----DPM-
01041904	Matt.4.19	Δεῦτε	deute	D-:--------
01041905	Matt.4.19	ὀπίσω	opisō	P-:--------
01041906	Matt.4.19	μου	egō	RP:----GS--
01041907	Matt.4.19	καὶ	kai	C-:--------
01041908	Matt.4.19	ποιήσω	poieō	V-:1FAI-S--
01041909	Matt.4.19	ὑμᾶς	sy	RP:----AP--
01041910	Matt.4.19	ἁλιεῖς	halieus	N-:----APM-
01041911	Matt.4.19	ἀνθρώπων	anthrōpos	N-:----GPM-
01042001	Matt.4.20	οἱ	ho	RA:----NPM-
01042002	Matt.4.20	δὲ	de	C-:--------
01042003	Matt.4.20	εὐθέως	eutheōs	D-:--------
01042004	Matt.4.20	ἀφέντες	aphiēmi	V-:-AAPNPM-
01042005	Matt.4.20	τὰ	ho	RA:----APN-
01042006	Matt.4.20	δίκτυα	diktyon	N-:----APN-
01042007	Matt.4.20	ἠκολούθησαν	akoloutheō	V-:3AAI-P--
01042008	Matt.4.20	αὐτῷ	autos	RP:----DSM-
01042101	Matt.4.21	Καὶ	kai	C-:--------
01042102	Matt.4.21	προβὰς	probainō	V-:-AAPNSM-
01042103	Matt.4.21	ἐκεῖθεν	ekeithen	D-:--------
01042104	Matt.4.21	εἶδεν	horaō	V-:3AAI-S--
01042105	Matt.4.21	ἄλλους	allos	A-:----APM-
01042106	Matt.4.21	δύο	dyo	A-:----APM-
01042107	Matt.4.21	ἀδελφούς	adelphos	N-:----APM-
01042108	Matt.4.21	Ἰάκωβον	iakōbos	N-:----ASM-
01042109	Matt.4.21	τὸν	ho	RA:----ASM-
01042110	Matt.4.21	τοῦ	ho	RA:----GSM-
01042111	Matt.4.21	Ζεβεδαίου	zebedaios	N-:----GSM-
01042112	Matt.4.21	καὶ	kai	C-:--------
01042113	Matt.4.21	Ἰωάννην	iōannēs	N-:----ASM-
01042114	Matt.4.21	τὸν	ho	RA:----ASM-
01042115	Matt.4.21	ἀδελφὸν	adelphos	N-:----ASM-
01042116	Matt.4.21	αὐτοῦ	autos	RP:----GSM-
01042117	Matt.4.21	ἐν	en	P-:--------
01042118	Matt.4.21	τῷ	ho	RA:----DSN-
01042119	Matt.4.21	πλοίῳ	ploion	N-:----DSN-
01042120	Matt.4.21	μετὰ	meta	P-:--------
01042121	Matt.4.21	Ζεβεδαίου	zebedaios	N-:----GSM-
01042122	Matt.4.21	τοῦ	ho	RA:----GSM-
01042123	Matt.4.21	πατρὸς	patēr	N-:----GSM-
01042124	Matt.4.21	αὐτῶν	autos	RP:----GPM-
01042125	Matt.4.21	καταρτίζοντας	katartizō	V-:-PAPAPM-
01042126	Matt.4.21	τὰ	ho	RA:----APN-
01042127	Matt.4.21	δίκτυα	diktyon	N-:----APN-
01042128	Matt.4.21	αὐτῶν	autos	RP:----GPM-
01042129	Matt.4.21	καὶ	kai	C-:--------
01042130	Matt.4.21	ἐκάλεσεν	kaleō	V-:3AAI-S--
01042131	Matt.4.21	αὐτούς	autos	RP:----APM-
01042201	Matt.4.22	οἱ	ho	RA:----NPM-
01042202	Matt.4.22	δὲ	de	C-:--------
01042203	Matt.4.22	εὐθέως	eutheōs	D-:--------
01042204	Matt.4.22	ἀφέντες	aphiēmi	V-:-AAPNPM-
01042205	Matt.4.22	τὸ	ho	RA:----ASN-
01042206	Matt.4.22	πλοῖον	ploion	N-:----ASN-
01042207	Matt.4.22	καὶ	kai	C-:--------
01042208	Matt.4.22	τὸν	ho	RA:----ASM-
01042209	Matt.4.22	πατέρα	patēr	N-:----ASM-
01042210	Matt.4.22	αὐτῶν	autos	RP:----GPM-
01042211	Matt.4.22	ἠκολούθησαν	akoloutheō	V-:3AAI-P--
01042212	Matt.4.22	αὐτῷ	autos	RP:----DSM-
01042301	Matt.4.23	Καὶ	kai	C-:--------
01042302	Matt.4.23	περιῆγεν	periagō	V-:3IAI-S--
01042303	Matt.4.23	ἐν	en	P-:--------
01042304	Matt.4.23	ὅλῃ	holos	A-:----DSF-
01042305	Matt.4.23	τῇ	ho	RA:----DSF-
01042306	Matt.4.23	Γαλιλαίᾳ	galilaia	N-:----DSF-
01042307	Matt.4.23	διδάσκων	didaskō	V-:-PAPNSM-
01042308	Matt.4.23	ἐν	en	P-:--------
01042309	Matt.4.23	ταῖς	ho	RA:----DPF-
01042310	Matt.4.23	συναγωγαῖς	synagōgē	N-:----DPF-
01042311	Matt.4.23	αὐτῶν	autos	RP:----GPM-
01042312	Matt.4.23	καὶ	kai	C-:--------
01042313	Matt.4.23	κηρύσσων	kēryssō	V-:-PAPNSM-
01042314	Matt.4.23	τὸ	ho	RA:----ASN-
01042315	Matt.4.23	εὐαγγέλιον	euangelion	N-:----ASN-
01042316	Matt.4.23	τῆς	ho	RA:----GSF-
01042317	Matt.4.23	βασιλείας	basileia	N-:----GSF-
01042318	Matt.4.23	καὶ	kai	C-:--------
01042319	Matt.4.23	θεραπεύων	therapeuō	V-:-PAPNSM-
01042320	Matt.4.23	πᾶσαν	pas	A-:----ASF-
01042321	Matt.4.23	νόσον	nosos	N-:----ASF-
01042322	Matt.4.23	καὶ	kai	C-:--------
01042323	Matt.4.23	πᾶσαν	pas	A-:----ASF-
01042324	Matt.4.23	μαλακίαν	malakia	N-:----ASF-
01042325	Matt.4.23	ἐν	en	P-:--------
01042326	Matt.4.23	τῷ	ho	RA:----DSM-
01042327	Matt.4.23	λαῷ	laos	N-:----DSM-
01042401	Matt.4.24	καὶ	kai	C-:--------
01042402	Matt.4.24	ἀπῆλθεν	aperchomai	V-:3AAI-S--
01042403	Matt.4.24	ἡ	ho	RA:----NSF-
01042404	Matt.4.24	ἀκοὴ	akoē	N-:----NSF-
01042405	Matt.4.24	αὐτοῦ	autos	RP:----GSM-
01042406	Matt.4.24	εἰς	eis	P-:--------
01042407	Matt.4.24	ὅλην	holos	A-:----ASF-
01042408	Matt.4.24	τὴν	ho	RA:----ASF-
01042409	Matt.4.24	Συρίαν	syria	N-:----ASF-
01042410	Matt.4.24	καὶ	kai	C-:--------
01042411	Matt.4.24	προσήνεγκαν	prospherō	V-:3AAI-P--
01042412	Matt.4.24	αὐτῷ	autos	RP:----DSM-
01042413	Matt.4.24	πάντας	pas	A-:----APM-
01042414	Matt.4.24	τοὺς	ho	RA:----APM-
01042415	Matt.4.24	κακῶς	kakōs	D-:--------
01042416	Matt.4.24	ἔχοντας	echō	V-:-PAPAPM-
01042417	Matt.4.24	ποικίλαις	poikilos	A-:----DPF-
01042418	Matt.4.24	νόσοις	nosos	N-:----DPF-
01042419	Matt.4.24	καὶ	kai	C-:--------
01042420	Matt.4.24	βασάνοις	basanos	N-:----DPF-
01042421	Matt.4.24	συνεχομένους	synechō	V-:-PPPAPM-
01042422	Matt.4.24	δαιμονιζομένους	daimonizomai	V-:-PMPAPM-
01042423	Matt.4.24	καὶ	kai	C-:--------
01042424	Matt.4.24	σεληνιαζομένους	selēniazomai	V-:-PMPAPM-
01042425	Matt.4.24	καὶ	kai	C-:--------
01042426	Matt.4.24	παραλυτικούς	paralytikos	A-:----APM-
01042427	Matt.4.24	καὶ	kai	C-:--------
01042428	Matt.4.24	ἐθεράπευσεν	therapeuō	V-:3AAI-S--
01042429	Matt.4.24	αὐτούς	autos	RP:----APM-
01042501	Matt.4.25	καὶ	kai	C-:--------
01042502	Matt.4.25	ἠκολούθησαν	akoloutheō	V-:3AAI-P--
01042503	Matt.4.25	αὐτῷ	autos	RP:----DSM-
01042504	Matt.4.25	ὄχλοι	ochlos	N-:----NPM-
01042505	Matt.4.25	πολλοὶ	polys	A-:----NPM-
01042506	Matt.4.25	ἀπὸ	apo	P-:--------
01042507	Matt.4.25	τῆς	ho	RA:----GSF-
01042508	Matt.4.25	Γαλιλαίας	galilaia	N-:----GSF-
01042509	Matt.4.25	καὶ	kai	C-:--------
01042510	Matt.4.25	Δεκαπόλεως	dekapolis	N-:----GSF-
01042511	Matt.4.25	καὶ	kai	C-:--------
01042512	Matt.4.25	Ἱεροσολύμων	hierosolyma	N-:----GPN-
01042513	Matt.4.25	καὶ	kai	C-:--------
01042514	Matt.4.25	Ἰουδαίας	ioudaia	N-:----GSF-
01042515	Matt.4.25	καὶ	kai	C-:--------
01042516	Matt.4.25	πέραν	peran	P-:--------
01042517	Matt.4.25	τοῦ	ho	RA:----GSM-
01042518	Matt.4.25	Ἰορδάνου	iordanēs	N-:----GSM-
01050101	Matt.5.1	Ἰδὼν	horaō	V-:-AAPNSM-
01050102	Matt.5.1	δὲ	de	C-:--------
01050103	Matt.5.1	τοὺς	ho	RA:----APM-
01050104	Matt.5.1	ὄχλους	ochlos	N-:----APM-
01050105	Matt.5.1	ἀνέβη	anabainō	V-:3AAI-S--
01050106	Matt.5.1	εἰς	eis	P-:--------
01050107	Matt.5.1	τὸ	ho	RA:----ASN-
01050108	Matt.5.1	ὄρος	oros	N-:----ASN-
01050109	Matt.5.1	καὶ	kai	C-:--------
01050110	Matt.5.1	καθίσαντος	kathizō	V-:-AAPGSM-
01050111	Matt.5.1	αὐτοῦ	autos	RP:----GSM-
01050112	Matt.5.1	προσῆλθαν	proserchomai	V-:3AAI-P--
01050113	Matt.5.1	αὐτῷ	autos	RP:----DSM-
01050114	Matt.5.1	οἱ	ho	RA:----NPM-
01050115	Matt.5.1	μαθηταὶ	mathētēs	N-:----NPM-
01050116	Matt.5.1	αὐτοῦ	autos	RP:----GSM-
01050201	Matt.5.2	καὶ	kai	C-:--------
01050202	Matt.5.2	ἀνοίξας	anoigō	V-:-AAPNSM-
01050203	Matt.5.2	τὸ	ho	RA:----ASN-
01050204	Matt.5.2	στόμα	stoma	N-:----ASN-
01050205	Matt.5.2	αὐτοῦ	autos	RP:----GSM-
01050206	Matt.5.2	ἐδίδασκεν	didaskō	V-:3IAI-S--
01050207	Matt.5.2	αὐτοὺς	autos	RP:----APM-
01050208	Matt.5.2	λέγων	legō	V-:-PAPNSM-
01050301	Matt.5.3	Μακάριοι	makarios	A-:----NPM-
01050302	Matt.5.3	οἱ	ho	RA:----NPM-
01050303	Matt.5.3	πτωχοὶ	ptōchos	A-:----NPM-
01050304	Matt.5.3	τῷ	ho	RA:----DSN-
01050305	Matt.5.3	πνεύματι	pneuma	N-:----DSN-
01050306	Matt.5.3	ὅτι	hoti	C-:--------
01050307	Matt.5.3	αὐτῶν	autos	RP:----GPM-
01050308	Matt.5.3	ἐστιν	eimi	V-:3PAI-S--
01050309	Matt.5.3	ἡ	ho	RA:----NSF-
01050310	Matt.5.3	βασιλεία	basileia	N-:----NSF-
01050311	Matt.5.3	τῶν	ho	RA:----GPM-
01050312	Matt.5.3	οὐρανῶν	ouranos	N-:----GPM-
01050401	Matt.5.4	μακάριοι	makarios	A-:----NPM-
01050402	Matt.5.4	οἱ	ho	RA:----NPM-
01050403	Matt.5.4	πενθοῦντες	pentheō	V-:-PAPNPM-
01050404	Matt.5.4	ὅτι	hoti	C-:--------
01050405	Matt.5.4	αὐτοὶ	autos	RP:----NPM-
01050406	Matt.5.4	παρακληθήσονται	parakaleō	V-:3FPI-P--
01050501	Matt.5.5	μακάριοι	makarios	A-:----NPM-
01050502	Matt.5.5	οἱ	ho	RA:----NPM-
01050503	Matt.5.5	πραεῖς	praus	A-:----NPM-
01050504	Matt.5.5	ὅτι	hoti	C-:--------
01050505	Matt.5.5	αὐτοὶ	autos	RP:----NPM-
01050506	Matt.5.5	κληρονομήσουσι	klēronomeō	V-:3FAI-P--
01050507	Matt.5.5	τὴν	ho	RA:----ASF-
01050508	Matt.5.5	γῆν	gē	N-:----ASF-
01050601	Matt.5.6	μακάριοι	makarios	A-:----NPM-
01050602	Matt.5.6	οἱ	ho	RA:----NPM-
01050603	Matt.5.6	πεινῶντες	peinaō	V-:-PAPNPM-
01050604	Matt.5.6	καὶ	kai	C-:--------
01050605	Matt.5.6	διψῶντες	dipsaō	V-:-PAPNPM-
01050606	Matt.5.6	τὴν	ho	RA:----ASF-
01050607	Matt.5.6	δικαιοσύνην	dikaiosynē	N-:----ASF-
01050608	Matt.5.6	ὅτι	hoti	C-:--------
01050609	Matt.5.6	αὐτοὶ	autos	RP:----NPM-
01050610	Matt.5.6	χορτασθήσονται	chortazō	V-:3FPI-P--
01050701	Matt.5.7	μακάριοι	makarios	A-:----NPM-
01050702	Matt.5.7	οἱ	ho	RA:----NPM-
01050703	Matt.5.7	ἐλεήμονες	eleēmōn	A-:----NPM-
01050704	Matt.5.7	ὅτι	hoti	C-:--------
01050705	Matt.5.7	αὐτοὶ	autos	RP:----NPM-
01050706	Matt.5.7	ἐλεηθήσονται	eleaō	V-:3FPI-P--
01050801	Matt.5.8	μακάριοι	makarios	A-:----NPM-
01050802	Matt.5.8	οἱ	ho	RA:----NPM-
01050803	Matt.5.8	καθαροὶ	katharos	A-:----NPM-
01050804	Matt.5.8	τῇ	ho	RA:----DSF-
01050805	Matt.5.8	καρδίᾳ	kardia	N-:----DSF-
01050806	Matt.5.8	ὅτι	hoti	C-:--------
01050807	Matt.5.8	αὐτοὶ	autos	RP:----NPM-
01050808	Matt.5.8	τὸν	ho	RA:----ASM-
01050809	Matt.5.8	θεὸν	theos	N-:----ASM-
01050810	Matt.5.8	ὄψονται	horaō	V-:3FMI-P--
01050901	Matt.5.9	μακάριοι	makarios	A-:----NPM-
01050902	Matt.5.9	οἱ	ho	RA:----NPM-
01050903	Matt.5.9	εἰρηνοποιοί	eirēnopoios	A-:----NPM-
01050904	Matt.5.9	ὅτι	hoti	C-:--------
01050905	Matt.5.9	αὐτοὶ	autos	RP:----NPM-
01050906	Matt.5.9	υἱοὶ	huios	N-:----NPM-
01050907	Matt.5.9	θεοῦ	theos	N-:----GSM-
01050908	Matt.5.9	κληθήσονται	kaleō	V-:3FPI-P--
01051001	Matt.5.10	μακάριοι	makarios	A-:----NPM-
01051002	Matt.5.10	οἱ	ho	RA:----NPM-
01051003	Matt.5.10	δεδιωγμένοι	diōkō	V-:-XPPNPM-
01051004	Matt.5.10	ἕνεκεν	heneken	P-:--------
01051005	Matt.5.10	δικαιοσύνης	dikaiosynē	N-:----GSF-
01051006	Matt.5.10	ὅτι	hoti	C-:--------
01051007	Matt.5.10	αὐτῶν	autos	RP:----GPM-
01051008	Matt.5.10	ἐστιν	eimi	V-:3PAI-S--
01051009	Matt.5.10	ἡ	ho	RA:----NSF-
01051010	Matt.5.10	βασιλεία	basileia	N-:----NSF-
01051011	Matt.5.10	τῶν	ho	RA:----GPM-
01051012	Matt.5.10	οὐρανῶν	ouranos	N-:----GPM-
01051101	Matt.5.11	μακάριοί	makarios	A-:----NPM-
01051102	Matt.5.11	ἐστε	eimi	V-:2PAI-P--
01051103	Matt.5.11	ὅταν	hotan	C-:--------
01051104	Matt.5.11	ὀνειδίσωσιν	oneidizō	V-:3AAS-P--
01051105	Matt.5.11	ὑμᾶς	sy	RP:----AP--
01051106	Matt.5.11	καὶ	kai	C-:--------
01051107	Matt.5.11	διώξωσιν	diōkō	V-:3AAS-P--
01051108	Matt.5.11	καὶ	kai	C-:--------
01051109	Matt.5.11	εἴπωσιν	legō	V-:3AAS-P--
01051110	Matt.5.11	πᾶν	pas	A-:----ASN-
01051111	Matt.5.11	πονηρὸν	ponēros	A-:----ASN-
01051112	Matt.5.11	καθ’	kata	P-:--------
01051113	Matt.5.11	ὑμῶν	sy	RP:----GP--
01051114	Matt.5.11	ψευδόμενοι	pseudomai	V-:-PMPNPM-
01051115	Matt.5.11	ἕνεκεν	heneken	P-:--------
01051116	Matt.5.11	ἐμοῦ	egō	RP:----GS--
01051201	Matt.5.12	χαίρετε	chairō	V-:2PAD-P--
01051202	Matt.5.12	καὶ	kai	C-:--------
01051203	Matt.5.12	ἀγαλλιᾶσθε	agalliaō	V-:2PMD-P--
01051204	Matt.5.12	ὅτι	hoti	C-:--------
01051205	Matt.5.12	ὁ	ho	RA:----NSM-
01051206	Matt.5.12	μισθὸς	misthos	N-:----NSM-
01051207	Matt.5.12	ὑμῶν	sy	RP:----GP--
01051208	Matt.5.12	πολὺς	polys	A-:----NSM-
01051209	Matt.5.12	ἐν	en	P-:--------
01051210	Matt.5.12	τοῖς	ho	RA:----DPM-
01051211	Matt.5.12	οὐρανοῖς	ouranos	N-:----DPM-
01051212	Matt.5.12	οὕτως	houtō(s)	D-:--------
01051213	Matt.5.12	γὰρ	gar	C-:--------
01051214	Matt.5.12	ἐδίωξαν	diōkō	V-:3AAI-P--
01051215	Matt.5.12	τοὺς	ho	RA:----APM-
01051216	Matt.5.12	προφήτας	prophētēs	N-:----APM-
01051217	Matt.5.12	τοὺς	ho	RA:----APM-
01051218	Matt.5.12	πρὸ	pro	P-:--------
01051219	Matt.5.12	ὑμῶν	sy	RP:----GP--
01051301	Matt.5.13	Ὑμεῖς	sy	RP:----NP--
01051302	Matt.5.13	ἐστε	eimi	V-:2PAI-P--
01051303	Matt.5.13	τὸ	ho	RA:----NSN-
01051304	Matt.5.13	ἅλας	halas	N-:----NSN-
01051305	Matt.5.13	τῆς	ho	RA:----GSF-
01051306	Matt.5.13	γῆς	gē	N-:----GSF-
01051307	Matt.5.13	ἐὰν	ean	C-:--------
01051308	Matt.5.13	δὲ	de	C-:--------
01051309	Matt.5.13	τὸ	ho	RA:----NSN-
01051310	Matt.5.13	ἅλας	halas	N-:----NSN-
01051311	Matt.5.13	μωρανθῇ	mōrainō	V-:3APS-S--
01051312	Matt.5.13	ἐν	en	P-:--------
01051313	Matt.5.13	τίνι	tis	RI:----DSN-
01051314	Matt.5.13	ἁλισθήσεται	halizō	V-:3FPI-S--
01051315	Matt.5.13	εἰς	eis	P-:--------
01051316	Matt.5.13	οὐδὲν	oudeis	A-:----ASN-
01051317	Matt.5.13	ἰσχύει	ischyō	V-:3PAI-S--
01051318	Matt.5.13	ἔτι	eti	D-:--------
01051319	Matt.5.13	εἰ	ei	C-:--------
01051320	Matt.5.13	μὴ	mē	D-:--------
01051321	Matt.5.13	βληθὲν	ballō	V-:-APPNSN-
01051322	Matt.5.13	ἔξω	exō	D-:--------
01051323	Matt.5.13	καταπατεῖσθαι	katapateō	V-:-PPN----
01051324	Matt.5.13	ὑπὸ	hypo	P-:--------
01051325	Matt.5.13	τῶν	ho	RA:----GPM-
01051326	Matt.5.13	ἀνθρώπων	anthrōpos	N-:----GPM-
01051401	Matt.5.14	Ὑμεῖς	sy	RP:----NP--
01051402	Matt.5.14	ἐστε	eimi	V-:2PAI-P--
01051403	Matt.5.14	τὸ	ho	RA:----NSN-
01051404	Matt.5.14	φῶς	phōs	N-:----NSN-
01051405	Matt.5.14	τοῦ	ho	RA:----GSM-
01051406	Matt.5.14	κόσμου	kosmos	N-:----GSM-
01051407	Matt.5.14	οὐ	ou	D-:--------
01051408	Matt.5.14	δύναται	dynamai	V-:3PMI-S--
01051409	Matt.5.14	πόλις	polis	N-:----NSF-
01051410	Matt.5.14	κρυβῆναι	kryptō	V-:-APN----
01051411	Matt.5.14	ἐπάνω	epanō	P-:--------
01051412	Matt.5.14	ὄρους	oros	N-:----GSN-
01051413	Matt.5.14	κειμένη	keimai	V-:-PMPNSF-
01051501	Matt.5.15	οὐδὲ	oude	C-:--------
01051502	Matt.5.15	καίουσιν	kaiō	V-:3PAI-P--
01051503	Matt.5.15	λύχνον	lychnos	N-:----ASM-
01051504	Matt.5.15	καὶ	kai	C-:--------
01051505	Matt.5.15	τιθέασιν	tithēmi	V-:3PAI-P--
01051506	Matt.5.15	αὐτὸν	autos	RP:----ASM-
01051507	Matt.5.15	ὑπὸ	hypo	P-:--------
01051508	Matt.5.15	τὸν	ho	RA:----ASM-
01051509	Matt.5.15	μόδιον	modios	N-:----ASM-
01051510	Matt.5.15	ἀλλ’	alla	C-:--------
01051511	Matt.5.15	ἐπὶ	epi	P-:--------
01051512	Matt.5.15	τὴν	ho	RA:----ASF-
01051513	Matt.5.15	λυχνίαν	lychnia	N-:----ASF-
01051514	Matt.5.15	καὶ	kai	C-:--------
01051515	Matt.5.15	λάμπει	lampō	V-:3PAI-S--
01051516	Matt.5.15	πᾶσιν	pas	A-:----DPM-
01051517	Matt.5.15	τοῖς	ho	RA:----DPM-
01051518	Matt.5.15	ἐν	en	P-:--------
01051519	Matt.5.15	τῇ	ho	RA:----DSF-
01051520	Matt.5.15	οἰκίᾳ	oikia	N-:----DSF-
01051601	Matt.5.16	οὕτως	houtō(s)	D-:--------
01051602	Matt.5.16	λαμψάτω	lampō	V-:3AAD-S--
01051603	Matt.5.16	τὸ	ho	RA:----NSN-
01051604	Matt.5.16	φῶς	phōs	N-:----NSN-
01051605	Matt.5.16	ὑμῶν	sy	RP:----GP--
01051606	Matt.5.16	ἔμπροσθεν	emprosthen	P-:--------
01051607	Matt.5.16	τῶν	ho	RA:----GPM-
01051608	Matt.5.16	ἀνθρώπων	anthrōpos	N-:----GPM-
01051609	Matt.5.16	ὅπως	hopōs	C-:--------
01051610	Matt.5.16	ἴδωσιν	horaō	V-:3AAS-P--
01051611	Matt.5.16	ὑμῶν	sy	RP:----GP--
01051612	Matt.5.16	τὰ	ho	RA:----APN-
01051613	Matt.5.16	καλὰ	kalos	A-:----APN-
01051614	Matt.5.16	ἔργα	ergon	N-:----APN-
01051615	Matt.5.16	καὶ	kai	C-:--------
01051616	Matt.5.16	δοξάσωσιν	doxazō	V-:3AAS-P--
01051617	Matt.5.16	τὸν	ho	RA:----ASM-
01051618	Matt.5.16	πατέρα	patēr	N-:----ASM-
01051619	Matt.5.16	ὑμῶν	sy	RP:----GP--
01051620	Matt.5.16	τὸν	ho	RA:----ASM-
01051621	Matt.5.16	ἐν	en	P-:--------
01051622	Matt.5.16	τοῖς	ho	RA:----DPM-
01051623	Matt.5.16	οὐρανοῖς	ouranos	N-:----DPM-
01051701	Matt.5.17	Μὴ	mē	D-:--------
01051702	Matt.5.17	νομίσητε	nomizō	V-:2AAS-P--
01051703	Matt.5.17	ὅτι	hoti	C-:--------
01051704	Matt.5.17	ἦλθον	erchomai	V-:1AAI-S--
01051705	Matt.5.17	καταλῦσαι	katalyō	V-:-AAN----
01051706	Matt.5.17	τὸν	ho	RA:----ASM-
01051707	Matt.5.17	νόμον	nomos	N-:----ASM-
01051708	Matt.5.17	ἢ	ē	C-:--------
01051709	Matt.5.17	τοὺς	ho	RA:----APM-
01051710	Matt.5.17	προφήτας	prophētēs	N-:----APM-
01051711	Matt.5.17	οὐκ	ou	D-:--------
01051712	Matt.5.17	ἦλθον	erchomai	V-:1AAI-S--
01051713	Matt.5.17	καταλῦσαι	katalyō	V-:-AAN----
01051714	Matt.5.17	ἀλλὰ	alla	C-:--------
01051715	Matt.5.17	πληρῶσαι	plēroō	V-:-AAN----
01051801	Matt.5.18	ἀμὴν	amēn	X-:--------
01051802	Matt.5.18	γὰρ	gar	C-:--------
01051803	Matt.5.18	λέγω	legō	V-:1PAI-S--
01051804	Matt.5.18	ὑμῖν	sy	RP:----DP--
01051805	Matt.5.18	ἕως	heōs	C-:--------
01051806	Matt.5.18	ἂν	an	X-:--------
01051807	Matt.5.18	παρέλθῃ	parerchomai	V-:3AAS-S--
01051808	Matt.5.18	ὁ	ho	RA:----NSM-
01051809	Matt.5.18	οὐρανὸς	ouranos	N-:----NSM-
01051810	Matt.5.18	καὶ	kai	C-:--------
01051811	Matt.5.18	ἡ	ho	RA:----NSF-
01051812	Matt.5.18	γῆ	gē	N-:----NSF-
01051813	Matt.5.18	ἰῶτα	iōta	N-:----NSN-
01051814	Matt.5.18	ἓν	heis	A-:----NSN-
01051815	Matt.5.18	ἢ	ē	C-:--------
01051816	Matt.5.18	μία	heis	A-:----NSF-
01051817	Matt.5.18	κεραία	keraia	N-:----NSF-
01051818	Matt.5.18	οὐ	ou	D-:--------
01051819	Matt.5.18	μὴ	mē	D-:--------
01051820	Matt.5.18	παρέλθῃ	parerchomai	V-:3AAS-S--
01051821	Matt.5.18	ἀπὸ	apo	P-:--------
01051822	Matt.5.18	τοῦ	ho	RA:----GSM-
01051823	Matt.5.18	νόμου	nomos	N-:----GSM-
01051824	Matt.5.18	ἕως	heōs	C-:--------
01051825	Matt.5.18	ἂν	an	X-:--------
01051826	Matt.5.18	πάντα	pas	A-:----NPN-
01051827	Matt.5.18	γένηται	ginomai	V-:3AMS-S--
01051901	Matt.5.19	ὃς	hos	RR:----NSM-
01051902	Matt.5.19	ἐὰν	ean	X-:--------
01051903	Matt.5.19	οὖν	oun	C-:--------
01051904	Matt.5.19	λύσῃ	lyō	V-:3AAS-S--
01051905	Matt.5.19	μίαν	heis	A-:----ASF-
01051906	Matt.5.19	τῶν	ho	RA:----GPF-
01051907	Matt.5.19	ἐντολῶν	entolē	N-:----GPF-
01051908	Matt.5.19	τούτων	houtos	RD:----GPF-
01051909	Matt.5.19	τῶν	ho	RA:----GPF-
01051910	Matt.5.19	ἐλαχίστων	elachistos	A-:----GPFS
01051911	Matt.5.19	καὶ	kai	C-:--------
01051912	Matt.5.19	διδάξῃ	didaskō	V-:3AAS-S--
01051913	Matt.5.19	οὕτως	houtō(s)	D-:--------
01051914	Matt.5.19	τοὺς	ho	RA:----APM-
01051915	Matt.5.19	ἀνθρώπους	anthrōpos	N-:----APM-
01051916	Matt.5.19	ἐλάχιστος	elachistos	A-:----NSMS
01051917	Matt.5.19	κληθήσεται	kaleō	V-:3FPI-S--
01051918	Matt.5.19	ἐν	en	P-:--------
01051919	Matt.5.19	τῇ	ho	RA:----DSF-
01051920	Matt.5.19	βασιλείᾳ	basileia	N-:----DSF-
01051921	Matt.5.19	τῶν	ho	RA:----GPM-
01051922	Matt.5.19	οὐρανῶν	ouranos	N-:----GPM-
01051923	Matt.5.19	ὃς	hos	RR:----NSM-
01051924	Matt.5.19	δ’	de	C-:--------
01051925	Matt.5.19	ἂν	an	X-:--------
01051926	Matt.5.19	ποιήσῃ	poieō	V-:3AAS-S--
01051927	Matt.5.19	καὶ	kai	C-:--------
01051928	Matt.5.19	διδάξῃ	didaskō	V-:3AAS-S--
01051929	Matt.5.19	οὗτος	houtos	RD:----NSM-
01051930	Matt.5.19	μέγας	megas	A-:----NSM-
01051931	Matt.5.19	κληθήσεται	kaleō	V-:3FPI-S--
01051932	Matt.5.19	ἐν	en	P-:--------
01051933	Matt.5.19	τῇ	ho	RA:----DSF-
01051934	Matt.5.19	βασιλείᾳ	basileia	N-:----DSF-
01051935	Matt.5.19	τῶν	ho	RA:----GPM-
01051936	Matt.5.19	οὐρανῶν	ouranos	N-:----GPM-
01052001	Matt.5.20	λέγω	legō	V-:1PAI-S--
01052002	Matt.5.20	γὰρ	gar	C-:--------
01052003	Matt.5.20	ὑμῖν	sy	RP:----DP--
01052004	Matt.5.20	ὅτι	hoti	C-:--------
01052005	Matt.5.20	ἐὰν	ean	C-:--------
01052006	Matt.5.20	μὴ	mē	D-:--------
01052007	Matt.5.20	περισσεύσῃ	perisseuō	V-:3AAS-S--
01052008	Matt.5.20	ὑμῶν	sy	RP:----GP--
01052009	Matt.5.20	ἡ	ho	RA:----NSF-
01052010	Matt.5.20	δικαιοσύνη	dikaiosynē	N-:----NSF-
01052011	Matt.5.20	πλεῖον	polys	A-:----ASNC
01052012	Matt.5.20	τῶν	ho	RA:----GPM-
01052013	Matt.5.20	γραμματέων	grammateus	N-:----GPM-
01052014	Matt.5.20	καὶ	kai	C-:--------
01052015	Matt.5.20	Φαρισαίων	pharisaios	N-:----GPM-
01052016	Matt.5.20	οὐ	ou	D-:--------
01052017	Matt.5.20	μὴ	mē	D-:--------
01052018	Matt.5.20	εἰσέλθητε	eiserchomai	V-:2AAS-P--
01052019	Matt.5.20	εἰς	eis	P-:--------
01052020	Matt.5.20	τὴν	ho	RA:----ASF-
01052021	Matt.5.20	βασιλείαν	basileia	N-:----ASF-
01052022	Matt.5.20	τῶν	ho	RA:----GPM-
01052023	Matt.5.20	οὐρανῶν	ouranos	N-:----GPM-
01052101	Matt.5.21	Ἠκούσατε	akouō	V-:2AAI-P--
01052102	Matt.5.21	ὅτι	hoti	C-:--------
01052103	Matt.5.21	ἐρρέθη	legō	V-:3API-S--
01052104	Matt.5.21	τοῖς	ho	RA:----DPM-
01052105	Matt.5.21	ἀρχαίοις	archaios	A-:----DPM-
01052106	Matt.5.21	Οὐ	ou	D-:--------
01052107	Matt.5.21	φονεύσεις	phoneuō	V-:2FAI-S--
01052108	Matt.5.21	ὃς	hos	RR:----NSM-
01052109	Matt.5.21	δ’	de	C-:--------
01052110	Matt.5.21	ἂν	an	X-:--------
01052111	Matt.5.21	φονεύσῃ	phoneuō	V-:3AAS-S--
01052112	Matt.5.21	ἔνοχος	enochos	A-:----NSM-
01052113	Matt.5.21	ἔσται	eimi	V-:3FMI-S--
01052114	Matt.5.21	τῇ	ho	RA:----DSF-
01052115	Matt.5.21	κρίσει	krisis	N-:----DSF-
01052201	Matt.5.22	ἐγὼ	egō	RP:----NS--
01052202	Matt.5.22	δὲ	de	C-:--------
01052203	Matt.5.22	λέγω	legō	V-:1PAI-S--
01052204	Matt.5.22	ὑμῖν	sy	RP:----DP--
01052205	Matt.5.22	ὅτι	hoti	C-:--------
01052206	Matt.5.22	πᾶς	pas	A-:----NSM-
01052207	Matt.5.22	ὁ	ho	RA:----NSM-
01052208	Matt.5.22	ὀργιζόμενος	orgizomai	V-:-PMPNSM-
01052209	Matt.5.22	τῷ	ho	RA:----DSM-
01052210	Matt.5.22	ἀδελφῷ	adelphos	N-:----DSM-
01052211	Matt.5.22	αὐτοῦ	autos	RP:----GSM-
01052212	Matt.5.22	ἔνοχος	enochos	A-:----NSM-
01052213	Matt.5.22	ἔσται	eimi	V-:3FMI-S--
01052214	Matt.5.22	τῇ	ho	RA:----DSF-
01052215	Matt.5.22	κρίσει	krisis	N-:----DSF-
01052216	Matt.5.22	ὃς	hos	RR:----NSM-
01052217	Matt.5.22	δ’	de	C-:--------
01052218	Matt.5.22	ἂν	an	X-:--------
01052219	Matt.5.22	εἴπῃ	legō	V-:3AAS-S--
01052220	Matt.5.22	τῷ	ho	RA:----DSM-
01052221	Matt.5.22	ἀδελφῷ	adelphos	N-:----DSM-
01052222	Matt.5.22	αὐτοῦ	autos	RP:----GSM-
01052223	Matt.5.22	Ῥακά	rhaka	N-:----VSM-
01052224	Matt.5.22	ἔνοχος	enochos	A-:----NSM-
01052225	Matt.5.22	ἔσται	eimi	V-:3FMI-S--
01052226	Matt.5.22	τῷ	ho	RA:----DSN-
01052227	Matt.5.22	συνεδρίῳ	synedrion	N-:----DSN-
01052228	Matt.5.22	ὃς	hos	RR:----NSM-
01052229	Matt.5.22	δ’	de	C-:--------
01052230	Matt.5.22	ἂν	an	X-:--------
01052231	Matt.5.22	εἴπῃ	legō	V-:3AAS-S--
01052232	Matt.5.22	Μωρέ	mōros	A-:----VSM-
01052233	Matt.5.22	ἔνοχος	enochos	A-:----NSM-
01052234	Matt.5.22	ἔσται	eimi	V-:3FMI-S--
01052235	Matt.5.22	εἰς	eis	P-:--------
01052236	Matt.5.22	τὴν	ho	RA:----ASF-
01052237	Matt.5.22	γέενναν	geenna	N-:----ASF-
01052238	Matt.5.22	τοῦ	ho	RA:----GSN-
01052239	Matt.5.22	πυρός	pyr	N-:----GSN-
01052301	Matt.5.23	ἐὰν	ean	C-:--------
01052302	Matt.5.23	οὖν	oun	C-:--------
01052303	Matt.5.23	προσφέρῃς	prospherō	V-:2PAS-S--
01052304	Matt.5.23	τὸ	ho	RA:----ASN-
01052305	Matt.5.23	δῶρόν	dōron	N-:----ASN-
01052306	Matt.5.23	σου	sy	RP:----GS--
01052307	Matt.5.23	ἐπὶ	epi	P-:--------
01052308	Matt.5.23	τὸ	ho	RA:----ASN-
01052309	Matt.5.23	θυσιαστήριον	thysiastērion	N-:----ASN-
01052310	Matt.5.23	κἀκεῖ	kakei	C-:--------
01052311	Matt.5.23	μνησθῇς	mimnēskomai	V-:2APS-S--
01052312	Matt.5.23	ὅτι	hoti	C-:--------
01052313	Matt.5.23	ὁ	ho	RA:----NSM-
01052314	Matt.5.23	ἀδελφός	adelphos	N-:----NSM-
01052315	Matt.5.23	σου	sy	RP:----GS--
01052316	Matt.5.23	ἔχει	echō	V-:3PAI-S--
01052317	Matt.5.23	τι	tis2	RI:----ASN-
01052318	Matt.5.23	κατὰ	kata	P-:--------
01052319	Matt.5.23	σοῦ	sy	RP:----GS--
01052401	Matt.5.24	ἄφες	aphiēmi	V-:2AAD-S--
01052402	Matt.5.24	ἐκεῖ	ekei	D-:--------
01052403	Matt.5.24	τὸ	ho	RA:----ASN-
01052404	Matt.5.24	δῶρόν	dōron	N-:----ASN-
01052405	Matt.5.24	σου	sy	RP:----GS--
01052406	Matt.5.24	ἔμπροσθεν	emprosthen	P-:--------
01052407	Matt.5.24	τοῦ	ho	RA:----GSN-
01052408	Matt.5.24	θυσιαστηρίου	thysiastērion	N-:----GSN-
01052409	Matt.5.24	καὶ	kai	C-:--------
01052410	Matt.5.24	ὕπαγε	hypagō	V-:2PAD-S--
01052411	Matt.5.24	πρῶτον	prōtos	A-:----ASN-
01052412	Matt.5.24	διαλλάγηθι	diallassomai	V-:2APD-S--
01052413	Matt.5.24	τῷ	ho	RA:----DSM-
01052414	Matt.5.24	ἀδελφῷ	adelphos	N-:----DSM-
01052415	Matt.5.24	σου	sy	RP:----GS--
01052416	Matt.5.24	καὶ	kai	C-:--------
01052417	Matt.5.24	τότε	tote	D-:--------
01052418	Matt.5.24	ἐλθὼν	erchomai	V-:-AAPNSM-
01052419	Matt.5.24	πρόσφερε	prospherō	V-:2PAD-S--
01052420	Matt.5.24	τὸ	ho	RA:----ASN-
01052421	Matt.5.24	δῶρόν	dōron	N-:----ASN-
01052422	Matt.5.24	σου	sy	RP:----GS--
01052501	Matt.5.25	ἴσθι	eimi	V-:2PAD-S--
01052502	Matt.5.25	εὐνοῶν	eunoeō	V-:-PAPNSM-
01052503	Matt.5.25	τῷ	ho	RA:----DSM-
01052504	Matt.5.25	ἀντιδίκῳ	antidikos	N-:----DSM-
01052505	Matt.5.25	σου	sy	RP:----GS--
01052506	Matt.5.25	ταχὺ	tachys	A-:----ASN-
01052507	Matt.5.25	ἕως	heōs	P-:--------
01052508	Matt.5.25	ὅτου	hostis	RR:----GSM-
01052509	Matt.5.25	εἶ	eimi	V-:2PAI-S--
01052510	Matt.5.25	μετ’	meta	P-:--------
01052511	Matt.5.25	αὐτοῦ	autos	RP:----GSM-
01052512	Matt.5.25	ἐν	en	P-:--------
01052513	Matt.5.25	τῇ	ho	RA:----DSF-
01052514	Matt.5.25	ὁδῷ	hodos	N-:----DSF-
01052515	Matt.5.25	μήποτέ	mēpote	C-:--------
01052516	Matt.5.25	σε	sy	RP:----AS--
01052517	Matt.5.25	παραδῷ	paradidōmi	V-:3AAS-S--
01052518	Matt.5.25	ὁ	ho	RA:----NSM-
01052519	Matt.5.25	ἀντίδικος	antidikos	N-:----NSM-
01052520	Matt.5.25	τῷ	ho	RA:----DSM-
01052521	Matt.5.25	κριτῇ	kritēs	N-:----DSM-
01052522	Matt.5.25	καὶ	kai	C-:--------
01052523	Matt.5.25	ὁ	ho	RA:----NSM-
01052524	Matt.5.25	κριτὴς	kritēs	N-:----NSM-
01052525	Matt.5.25	τῷ	ho	RA:----DSM-
01052526	Matt.5.25	ὑπηρέτῃ	hypēretēs	N-:----DSM-
01052527	Matt.5.25	καὶ	kai	C-:--------
01052528	Matt.5.25	εἰς	eis	P-:--------
01052529	Matt.5.25	φυλακὴν	phylakē	N-:----ASF-
01052530	Matt.5.25	βληθήσῃ	ballō	V-:2FPI-S--
01052601	Matt.5.26	ἀμὴν	amēn	X-:--------
01052602	Matt.5.26	λέγω	legō	V-:1PAI-S--
01052603	Matt.5.26	σοι	sy	RP:----DS--
01052604	Matt.5.26	οὐ	ou	D-:--------
01052605	Matt.5.26	μὴ	mē	D-:--------
01052606	Matt.5.26	ἐξέλθῃς	exerchomai	V-:2AAS-S--
01052607	Matt.5.26	ἐκεῖθεν	ekeithen	D-:--------
01052608	Matt.5.26	ἕως	heōs	C-:--------
01052609	Matt.5.26	ἂν	an	X-:--------
01052610	Matt.5.26	ἀποδῷς	apodidōmi	V-:2AAS-S--
01052611	Matt.5.26	τὸν	ho	RA:----ASM-
01052612	Matt.5.26	ἔσχατον	eschatos	A-:----ASM-
01052613	Matt.5.26	κοδράντην	kodrantēs	N-:----ASM-
01052701	Matt.5.27	Ἠκούσατε	akouō	V-:2AAI-P--
01052702	Matt.5.27	ὅτι	hoti	C-:--------
01052703	Matt.5.27	ἐρρέθη	legō	V-:3API-S--
01052704	Matt.5.27	Οὐ	ou	D-:--------
01052705	Matt.5.27	μοιχεύσεις	moicheuō	V-:2FAI-S--
01052801	Matt.5.28	ἐγὼ	egō	RP:----NS--
01052802	Matt.5.28	δὲ	de	C-:--------
01052803	Matt.5.28	λέγω	legō	V-:1PAI-S--
01052804	Matt.5.28	ὑμῖν	sy	RP:----DP--
01052805	Matt.5.28	ὅτι	hoti	C-:--------
01052806	Matt.5.28	πᾶς	pas	A-:----NSM-
01052807	Matt.5.28	ὁ	ho	RA:----NSM-
01052808	Matt.5.28	βλέπων	blepō	V-:-PAPNSM-
01052809	Matt.5.28	γυναῖκα	gynē	N-:----ASF-
01052810	Matt.5.28	πρὸς	pros	P-:--------
01052811	Matt.5.28	τὸ	ho	RA:----ASN-
01052812	Matt.5.28	ἐπιθυμῆσαι	epithymeō	V-:-AAN----
01052813	Matt.5.28	αὐτὴν	autos	RP:----ASF-
01052814	Matt.5.28	ἤδη	ēdē	D-:--------
01052815	Matt.5.28	ἐμοίχευσεν	moicheuō	V-:3AAI-S--
01052816	Matt.5.28	αὐτὴν	autos	RP:----ASF-
01052817	Matt.5.28	ἐν	en	P-:--------
01052818	Matt.5.28	τῇ	ho	RA:----DSF-
01052819	Matt.5.28	καρδίᾳ	kardia	N-:----DSF-
01052820	Matt.5.28	αὐτοῦ	autos	RP:----GSM-
01052901	Matt.5.29	εἰ	ei	C-:--------
01052902	Matt.5.29	δὲ	de	C-:--------
01052903	Matt.5.29	ὁ	ho	RA:----NSM-
01052904	Matt.5.29	ὀφθαλμός	ophthalmos	N-:----NSM-
01052905	Matt.5.29	σου	sy	RP:----GS--
01052906	Matt.5.29	ὁ	ho	RA:----NSM-
01052907	Matt.5.29	δεξιὸς	dexios	A-:----NSM-
01052908	Matt.5.29	σκανδαλίζει	skandalizō	V-:3PAI-S--
01052909	Matt.5.29	σε	sy	RP:----AS--
01052910	Matt.5.29	ἔξελε	exaireō	V-:2AAD-S--
01052911	Matt.5.29	αὐτὸν	autos	RP:----ASM-
01052912	Matt.5.29	καὶ	kai	C-:--------
01052913	Matt.5.29	βάλε	ballō	V-:2AAD-S--
01052914	Matt.5.29	ἀπὸ	apo	P-:--------
01052915	Matt.5.29	σοῦ	sy	RP:----GS--
01052916	Matt.5.29	συμφέρει	sympherō	V-:3PAI-S--
01052917	Matt.5.29	γάρ	gar	C-:--------
01052918	Matt.5.29	σοι	sy	RP:----DS--
01052919	Matt.5.29	ἵνα	hina	C-:--------
01052920	Matt.5.29	ἀπόληται	apollymi	V-:3AMS-S--
01052921	Matt.5.29	ἓν	heis	A-:----NSN-
01052922	Matt.5.29	τῶν	ho	RA:----GPN-
01052923	Matt.5.29	μελῶν	melos	N-:----GPN-
01052924	Matt.5.29	σου	sy	RP:----GS--
01052925	Matt.5.29	καὶ	kai	C-:--------
01052926	Matt.5.29	μὴ	mē	D-:--------
01052927	Matt.5.29	ὅλον	holos	A-:----NSN-
01052928	Matt.5.29	τὸ	ho	RA:----NSN-
01052929	Matt.5.29	σῶμά	sōma	N-:----NSN-
01052930	Matt.5.29	σου	sy	RP:----GS--
01052931	Matt.5.29	βληθῇ	ballō	V-:3APS-S--
01052932	Matt.5.29	εἰς	eis	P-:--------
01052933	Matt.5.29	γέενναν	geenna	N-:----ASF-
01053001	Matt.5.30	καὶ	kai	C-:--------
01053002	Matt.5.30	εἰ	ei	C-:--------
01053003	Matt.5.30	ἡ	ho	RA:----NSF-
01053004	Matt.5.30	δεξιά	dexios	A-:----NSF-
01053005	Matt.5.30	σου	sy	RP:----GS--
01053006	Matt.5.30	χεὶρ	cheir	N-:----NSF-
01053007	Matt.5.30	σκανδαλίζει	skandalizō	V-:3PAI-S--
01053008	Matt.5.30	σε	sy	RP:----AS--
01053009	Matt.5.30	ἔκκοψον	ekkoptō	V-:2AAD-S--
01053010	Matt.5.30	αὐτὴν	autos	RP:----ASF-
01053011	Matt.5.30	καὶ	kai	C-:--------
01053012	Matt.5.30	βάλε	ballō	V-:2AAD-S--
01053013	Matt.5.30	ἀπὸ	apo	P-:--------
01053014	Matt.5.30	σοῦ	sy	RP:----GS--
01053015	Matt.5.30	συμφέρει	sympherō	V-:3PAI-S--
01053016	Matt.5.30	γάρ	gar	C-:--------
01053017	Matt.5.30	σοι	sy	RP:----DS--
01053018	Matt.5.30	ἵνα	hina	C-:--------
01053019	Matt.5.30	ἀπόληται	apollymi	V-:3AMS-S--
01053020	Matt.5.30	ἓν	heis	A-:----NSN-
01053021	Matt.5.30	τῶν	ho	RA:----GPN-
01053022	Matt.5.30	μελῶν	melos	N-:----GPN-
01053023	Matt.5.30	σου	sy	RP:----GS--
01053024	Matt.5.30	καὶ	kai	C-:--------
01053025	Matt.5.30	μὴ	mē	D-:--------
01053026	Matt.5.30	ὅλον	holos	A-:----NSN-
01053027	Matt.5.30	τὸ	ho	RA:----NSN-
01053028	Matt.5.30	σῶμά	sōma	N-:----NSN-
01053029	Matt.5.30	σου	sy	RP:----GS--
01053030	Matt.5.30	εἰς	eis	P-:--------
01053031	Matt.5.30	γέενναν	geenna	N-:----ASF-
01053032	Matt.5.30	ἀπέλθῃ	aperchomai	V-:3AAS-S--
01053101	Matt.5.31	Ἐρρέθη	legō	V-:3API-S--
01053102	Matt.5.31	δέ	de	C-:--------
01053103	Matt.5.31	Ὃς	hos	RR:----NSM-
01053104	Matt.5.31	ἂν	an	X-:--------
01053105	Matt.5.31	ἀπολύσῃ	apolyō	V-:3AAS-S--
01053106	Matt.5.31	τὴν	ho	RA:----ASF-
01053107	Matt.5.31	γυναῖκα	gynē	N-:----ASF-
01053108	Matt.5.31	αὐτοῦ	autos	RP:----GSM-
01053109	Matt.5.31	δότω	didōmi	V-:3AAD-S--
01053110	Matt.5.31	αὐτῇ	autos	RP:----DSF-
01053111	Matt.5.31	ἀποστάσιον	apostasion	N-:----ASN-
01053201	Matt.5.32	ἐγὼ	egō	RP:----NS--
01053202	Matt.5.32	δὲ	de	C-:--------
01053203	Matt.5.32	λέγω	legō	V-:1PAI-S--
01053204	Matt.5.32	ὑμῖν	sy	RP:----DP--
01053205	Matt.5.32	ὅτι	hoti	C-:--------
01053206	Matt.5.32	πᾶς	pas	A-:----NSM-
01053207	Matt.5.32	ὁ	ho	RA:----NSM-
01053208	Matt.5.32	ἀπολύων	apolyō	V-:-PAPNSM-
01053209	Matt.5.32	τὴν	ho	RA:----ASF-
01053210	Matt.5.32	γυναῖκα	gynē	N-:----ASF-
01053211	Matt.5.32	αὐτοῦ	autos	RP:----GSM-
01053212	Matt.5.32	παρεκτὸς	parektos	P-:--------
01053213	Matt.5.32	λόγου	logos	N-:----GSM-
01053214	Matt.5.32	πορνείας	porneia	N-:----GSF-
01053215	Matt.5.32	ποιεῖ	poieō	V-:3PAI-S--
01053216	Matt.5.32	αὐτὴν	autos	RP:----ASF-
01053217	Matt.5.32	μοιχευθῆναι	moicheuō	V-:-APN----
01053218	Matt.5.32	καὶ	kai	C-:--------
01053219	Matt.5.32	ὃς	hos	RR:----NSM-
01053220	Matt.5.32	ἐὰν	ean	X-:--------
01053221	Matt.5.32	ἀπολελυμένην	apolyō	V-:-XPPASF-
01053222	Matt.5.32	γαμήσῃ	gameō	V-:3AAS-S--
01053223	Matt.5.32	μοιχᾶται	moichaomai	V-:3PMI-S--
01053301	Matt.5.33	Πάλιν	palin	D-:--------
01053302	Matt.5.33	ἠκούσατε	akouō	V-:2AAI-P--
01053303	Matt.5.33	ὅτι	hoti	C-:--------
01053304	Matt.5.33	ἐρρέθη	legō	V-:3API-S--
01053305	Matt.5.33	τοῖς	ho	RA:----DPM-
01053306	Matt.5.33	ἀρχαίοις	archaios	A-:----DPM-
01053307	Matt.5.33	Οὐκ	ou	D-:--------
01053308	Matt.5.33	ἐπιορκήσεις	epiorkeō	V-:2FAI-S--
01053309	Matt.5.33	ἀποδώσεις	apodidōmi	V-:2FAI-S--
01053310	Matt.5.33	δὲ	de	C-:--------
01053311	Matt.5.33	τῷ	ho	RA:----DSM-
01053312	Matt.5.33	κυρίῳ	kyrios	N-:----DSM-
01053313	Matt.5.33	τοὺς	ho	RA:----APM-
01053314	Matt.5.33	ὅρκους	horkos	N-:----APM-
01053315	Matt.5.33	σου	sy	RP:----GS--
01053401	Matt.5.34	ἐγὼ	egō	RP:----NS--
01053402	Matt.5.34	δὲ	de	C-:--------
01053403	Matt.5.34	λέγω	legō	V-:1PAI-S--
01053404	Matt.5.34	ὑμῖν	sy	RP:----DP--
01053405	Matt.5.34	μὴ	mē	D-:--------
01053406	Matt.5.34	ὀμόσαι	omnyō	V-:-AAN----
01053407	Matt.5.34	ὅλως	holōs	D-:--------
01053408	Matt.5.34	μήτε	mēte	C-:--------
01053409	Matt.5.34	ἐν	en	P-:--------
01053410	Matt.5.34	τῷ	ho	RA:----DSM-
01053411	Matt.5.34	οὐρανῷ	ouranos	N-:----DSM-
01053412	Matt.5.34	ὅτι	hoti	C-:--------
01053413	Matt.5.34	θρόνος	thronos	N-:----NSM-
01053414	Matt.5.34	ἐστὶν	eimi	V-:3PAI-S--
01053415	Matt.5.34	τοῦ	ho	RA:----GSM-
01053416	Matt.5.34	θεοῦ	theos	N-:----GSM-
01053501	Matt.5.35	μήτε	mēte	C-:--------
01053502	Matt.5.35	ἐν	en	P-:--------
01053503	Matt.5.35	τῇ	ho	RA:----DSF-
01053504	Matt.5.35	γῇ	gē	N-:----DSF-
01053505	Matt.5.35	ὅτι	hoti	C-:--------
01053506	Matt.5.35	ὑποπόδιόν	hypopodion	N-:----NSN-
01053507	Matt.5.35	ἐστιν	eimi	V-:3PAI-S--
01053508	Matt.5.35	τῶν	ho	RA:----GPM-
01053509	Matt.5.35	ποδῶν	pous	N-:----GPM-
01053510	Matt.5.35	αὐτοῦ	autos	RP:----GSM-
01053511	Matt.5.35	μήτε	mēte	C-:--------
01053512	Matt.5.35	εἰς	eis	P-:--------
01053513	Matt.5.35	Ἱεροσόλυμα	hierosolyma	N-:----APN-
01053514	Matt.5.35	ὅτι	hoti	C-:--------
01053515	Matt.5.35	πόλις	polis	N-:----NSF-
01053516	Matt.5.35	ἐστὶν	eimi	V-:3PAI-S--
01053517	Matt.5.35	τοῦ	ho	RA:----GSM-
01053518	Matt.5.35	μεγάλου	megas	A-:----GSM-
01053519	Matt.5.35	βασιλέως	basileus	N-:----GSM-
01053601	Matt.5.36	μήτε	mēte	C-:--------
01053602	Matt.5.36	ἐν	en	P-:--------
01053603	Matt.5.36	τῇ	ho	RA:----DSF-
01053604	Matt.5.36	κεφαλῇ	kephalē	N-:----DSF-
01053605	Matt.5.36	σου	sy	RP:----GS--
01053606	Matt.5.36	ὀμόσῃς	omnyō	V-:2AAS-S--
01053607	Matt.5.36	ὅτι	hoti	C-:--------
01053608	Matt.5.36	οὐ	ou	D-:--------
01053609	Matt.5.36	δύνασαι	dynamai	V-:2PMI-S--
01053610	Matt.5.36	μίαν	heis	A-:----ASF-
01053611	Matt.5.36	τρίχα	thrix	N-:----ASF-
01053612	Matt.5.36	λευκὴν	leukos	A-:----ASF-
01053613	Matt.5.36	ποιῆσαι	poieō	V-:-AAN----
01053614	Matt.5.36	ἢ	ē	C-:--------
01053615	Matt.5.36	μέλαιναν	melas	A-:----ASF-
01053701	Matt.5.37	ἔστω	eimi	V-:3PAD-S--
01053702	Matt.5.37	δὲ	de	C-:--------
01053703	Matt.5.37	ὁ	ho	RA:----NSM-
01053704	Matt.5.37	λόγος	logos	N-:----NSM-
01053705	Matt.5.37	ὑμῶν	sy	RP:----GP--
01053706	Matt.5.37	ναὶ	nai	X-:--------
01053707	Matt.5.37	ναί	nai	X-:--------
01053708	Matt.5.37	οὒ	ou2	X-:--------
01053709	Matt.5.37	οὔ	ou2	X-:--------
01053710	Matt.5.37	τὸ	ho	RA:----NSN-
01053711	Matt.5.37	δὲ	de	C-:--------
01053712	Matt.5.37	περισσὸν	perissos	A-:----NSN-
01053713	Matt.5.37	τούτων	houtos	RD:----GPN-
01053714	Matt.5.37	ἐκ	ek	P-:--------
01053715	Matt.5.37	τοῦ	ho	RA:----GSM-
01053716	Matt.5.37	πονηροῦ	ponēros	A-:----GSM-
01053717	Matt.5.37	ἐστιν	eimi	V-:3PAI-S--
01053801	Matt.5.38	Ἠκούσατε	akouō	V-:2AAI-P--
01053802	Matt.5.38	ὅτι	hoti	C-:--------
01053803	Matt.5.38	ἐρρέθη	legō	V-:3API-S--
01053804	Matt.5.38	Ὀφθαλμὸν	ophthalmos	N-:----ASM-
01053805	Matt.5.38	ἀντὶ	anti	P-:--------
01053806	Matt.5.38	ὀφθαλμοῦ	ophthalmos	N-:----GSM-
01053807	Matt.5.38	καὶ	kai	C-:--------
01053808	Matt.5.38	ὀδόντα	odous	N-:----ASM-
01053809	Matt.5.38	ἀντὶ	anti	P-:--------
01053810	Matt.5.38	ὀδόντος	odous	N-:----GSM-
01053901	Matt.5.39	ἐγὼ	egō	RP:----NS--
01053902	Matt.5.39	δὲ	de	C-:--------
01053903	Matt.5.39	λέγω	legō	V-:1PAI-S--
01053904	Matt.5.39	ὑμῖν	sy	RP:----DP--
01053905	Matt.5.39	μὴ	mē	D-:--------
01053906	Matt.5.39	ἀντιστῆναι	anthistēmi	V-:-AAN----
01053907	Matt.5.39	τῷ	ho	RA:----DSN-
01053908	Matt.5.39	πονηρῷ	ponēros	A-:----DSN-
01053909	Matt.5.39	ἀλλ’	alla	C-:--------
01053910	Matt.5.39	ὅστις	hostis	RR:----NSM-
01053911	Matt.5.39	σε	sy	RP:----AS--
01053912	Matt.5.39	ῥαπίζει	rhapizō	V-:3PAI-S--
01053913	Matt.5.39	εἰς	eis	P-:--------
01053914	Matt.5.39	τὴν	ho	RA:----ASF-
01053915	Matt.5.39	δεξιὰν	dexios	A-:----ASF-
01053916	Matt.5.39	σιαγόνα	siagōn	N-:----ASF-
01053917	Matt.5.39	στρέψον	strephō	V-:2AAD-S--
01053918	Matt.5.39	αὐτῷ	autos	RP:----DSM-
01053919	Matt.5.39	καὶ	kai	D-:--------
01053920	Matt.5.39	τὴν	ho	RA:----ASF-
01053921	Matt.5.39	ἄλλην	allos	A-:----ASF-
01054001	Matt.5.40	καὶ	kai	C-:--------
01054002	Matt.5.40	τῷ	ho	RA:----DSM-
01054003	Matt.5.40	θέλοντί	thelō	V-:-PAPDSM-
01054004	Matt.5.40	σοι	sy	RP:----DS--
01054005	Matt.5.40	κριθῆναι	krinō	V-:-APN----
01054006	Matt.5.40	καὶ	kai	C-:--------
01054007	Matt.5.40	τὸν	ho	RA:----ASM-
01054008	Matt.5.40	χιτῶνά	chitōn	N-:----ASM-
01054009	Matt.5.40	σου	sy	RP:----GS--
01054010	Matt.5.40	λαβεῖν	lambanō	V-:-AAN----
01054011	Matt.5.40	ἄφες	aphiēmi	V-:2AAD-S--
01054012	Matt.5.40	αὐτῷ	autos	RP:----DSM-
01054013	Matt.5.40	καὶ	kai	D-:--------
01054014	Matt.5.40	τὸ	ho	RA:----ASN-
01054015	Matt.5.40	ἱμάτιον	himation	N-:----ASN-
01054101	Matt.5.41	καὶ	kai	C-:--------
01054102	Matt.5.41	ὅστις	hostis	RR:----NSM-
01054103	Matt.5.41	σε	sy	RP:----AS--
01054104	Matt.5.41	ἀγγαρεύσει	angareuō	V-:3FAI-S--
01054105	Matt.5.41	μίλιον	milion	N-:----ASN-
01054106	Matt.5.41	ἕν	heis	A-:----ASN-
01054107	Matt.5.41	ὕπαγε	hypagō	V-:2PAD-S--
01054108	Matt.5.41	μετ’	meta	P-:--------
01054109	Matt.5.41	αὐτοῦ	autos	RP:----GSM-
01054110	Matt.5.41	δύο	dyo	A-:----APN-
01054201	Matt.5.42	τῷ	ho	RA:----DSM-
01054202	Matt.5.42	αἰτοῦντί	aiteō	V-:-PAPDSM-
01054203	Matt.5.42	σε	sy	RP:----AS--
01054204	Matt.5.42	δός	didōmi	V-:2AAD-S--
01054205	Matt.5.42	καὶ	kai	C-:--------
01054206	Matt.5.42	τὸν	ho	RA:----ASM-
01054207	Matt.5.42	θέλοντα	thelō	V-:-PAPASM-
01054208	Matt.5.42	ἀπὸ	apo	P-:--------
01054209	Matt.5.42	σοῦ	sy	RP:----GS--
01054210	Matt.5.42	δανίσασθαι	daneizō	V-:-AMN----
01054211	Matt.5.42	μὴ	mē	D-:--------
01054212	Matt.5.42	ἀποστραφῇς	apostrephō	V-:2APS-S--
01054301	Matt.5.43	Ἠκούσατε	akouō	V-:2AAI-P--
01054302	Matt.5.43	ὅτι	hoti	C-:--------
01054303	Matt.5.43	ἐρρέθη	legō	V-:3API-S--
01054304	Matt.5.43	Ἀγαπήσεις	agapaō	V-:2FAI-S--
01054305	Matt.5.43	τὸν	ho	RA:----ASM-
01054306	Matt.5.43	πλησίον	plēsion	D-:--------
01054307	Matt.5.43	σου	sy	RP:----GS--
01054308	Matt.5.43	καὶ	kai	C-:--------
01054309	Matt.5.43	μισήσεις	miseō	V-:2FAI-S--
01054310	Matt.5.43	τὸν	ho	RA:----ASM-
01054311	Matt.5.43	ἐχθρόν	echthros	A-:----ASM-
01054312	Matt.5.43	σου	sy	RP:----GS--
01054401	Matt.5.44	ἐγὼ	egō	RP:----NS--
01054402	Matt.5.44	δὲ	de	C-:--------
01054403	Matt.5.44	λέγω	legō	V-:1PAI-S--
01054404	Matt.5.44	ὑμῖν	sy	RP:----DP--
01054405	Matt.5.44	ἀγαπᾶτε	agapaō	V-:2PAD-P--
01054406	Matt.5.44	τοὺς	ho	RA:----APM-
01054407	Matt.5.44	ἐχθροὺς	echthros	A-:----APM-
01054408	Matt.5.44	ὑμῶν	sy	RP:----GP--
01054409	Matt.5.44	καὶ	kai	C-:--------
01054410	Matt.5.44	προσεύχεσθε	proseuchomai	V-:2PMD-P--
01054411	Matt.5.44	ὑπὲρ	hyper	P-:--------
01054412	Matt.5.44	τῶν	ho	RA:----GPM-
01054413	Matt.5.44	διωκόντων	diōkō	V-:-PAPGPM-
01054414	Matt.5.44	ὑμᾶς	sy	RP:----AP--
01054501	Matt.5.45	ὅπως	hopōs	C-:--------
01054502	Matt.5.45	γένησθε	ginomai	V-:2AMS-P--
01054503	Matt.5.45	υἱοὶ	huios	N-:----NPM-
01054504	Matt.5.45	τοῦ	ho	RA:----GSM-
01054505	Matt.5.45	πατρὸς	patēr	N-:----GSM-
01054506	Matt.5.45	ὑμῶν	sy	RP:----GP--
01054507	Matt.5.45	τοῦ	ho	RA:----GSM-
01054508	Matt.5.45	ἐν	en	P-:--------
01054509	Matt.5.45	οὐρανοῖς	ouranos	N-:----DPM-
01054510	Matt.5.45	ὅτι	hoti	C-:--------
01054511	Matt.5.45	τὸν	ho	RA:----ASM-
01054512	Matt.5.45	ἥλιον	hēlios	N-:----ASM-
01054513	Matt.5.45	αὐτοῦ	autos	RP:----GSM-
01054514	Matt.5.45	ἀνατέλλει	anatellō	V-:3PAI-S--
01054515	Matt.5.45	ἐπὶ	epi	P-:--------
01054516	Matt.5.45	πονηροὺς	ponēros	A-:----APM-
01054517	Matt.5.45	καὶ	kai	C-:--------
01054518	Matt.5.45	ἀγαθοὺς	agathos	A-:----APM-
01054519	Matt.5.45	καὶ	kai	C-:--------
01054520	Matt.5.45	βρέχει	brechō	V-:3PAI-S--
01054521	Matt.5.45	ἐπὶ	epi	P-:--------
01054522	Matt.5.45	δικαίους	dikaios	A-:----APM-
01054523	Matt.5.45	καὶ	kai	C-:--------
01054524	Matt.5.45	ἀδίκους	adikos	A-:----APM-
01054601	Matt.5.46	ἐὰν	ean	C-:--------
01054602	Matt.5.46	γὰρ	gar	C-:--------
01054603	Matt.5.46	ἀγαπήσητε	agapaō	V-:2AAS-P--
01054604	Matt.5.46	τοὺς	ho	RA:----APM-
01054605	Matt.5.46	ἀγαπῶντας	agapaō	V-:-PAPAPM-
01054606	Matt.5.46	ὑμᾶς	sy	RP:----AP--
01054607	Matt.5.46	τίνα	tis	RI:----ASM-
01054608	Matt.5.46	μισθὸν	misthos	N-:----ASM-
01054609	Matt.5.46	ἔχετε	echō	V-:2PAI-P--
01054610	Matt.5.46	οὐχὶ	ouchi	X-:--------
01054611	Matt.5.46	καὶ	kai	D-:--------
01054612	Matt.5.46	οἱ	ho	RA:----NPM-
01054613	Matt.5.46	τελῶναι	telōnēs	N-:----NPM-
01054614	Matt.5.46	τὸ	ho	RA:----ASN-
01054615	Matt.5.46	αὐτὸ	autos	A-:----ASN-
01054616	Matt.5.46	ποιοῦσιν	poieō	V-:3PAI-P--
01054701	Matt.5.47	καὶ	kai	C-:--------
01054702	Matt.5.47	ἐὰν	ean	C-:--------
01054703	Matt.5.47	ἀσπάσησθε	aspazomai	V-:2AMS-P--
01054704	Matt.5.47	τοὺς	ho	RA:----APM-
01054705	Matt.5.47	ἀδελφοὺς	adelphos	N-:----APM-
01054706	Matt.5.47	ὑμῶν	sy	RP:----GP--
01054707	Matt.5.47	μόνον	monos	A-:----ASN-
01054708	Matt.5.47	τί	tis	RI:----ASN-
01054709	Matt.5.47	περισσὸν	perissos	A-:----ASN-
01054710	Matt.5.47	ποιεῖτε	poieō	V-:2PAI-P--
01054711	Matt.5.47	οὐχὶ	ouchi	X-:--------
01054712	Matt.5.47	καὶ	kai	D-:--------
01054713	Matt.5.47	οἱ	ho	RA:----NPM-
01054714	Matt.5.47	ἐθνικοὶ	ethnikos	A-:----NPM-
01054715	Matt.5.47	τὸ	ho	RA:----ASN-
01054716	Matt.5.47	αὐτὸ	autos	A-:----ASN-
01054717	Matt.5.47	ποιοῦσιν	poieō	V-:3PAI-P--
01054801	Matt.5.48	Ἔσεσθε	eimi	V-:2FMI-P--
01054802	Matt.5.48	οὖν	oun	C-:--------
01054803	Matt.5.48	ὑμεῖς	sy	RP:----NP--
01054804	Matt.5.48	τέλειοι	teleios	A-:----NPM-
01054805	Matt.5.48	ὡς	hōs	C-:--------
01054806	Matt.5.48	ὁ	ho	RA:----NSM-
01054807	Matt.5.48	πατὴρ	patēr	N-:----NSM-
01054808	Matt.5.48	ὑμῶν	sy	RP:----GP--
01054809	Matt.5.48	ὁ	ho	RA:----NSM-
01054810	Matt.5.48	οὐράνιος	ouranios	A-:----NSM-
01054811	Matt.5.48	τέλειός	teleios	A-:----NSM-
01054812	Matt.5.48	ἐστιν	eimi	V-:3PAI-S--
01060101	Matt.6.1	Προσέχετε	prosechō	V-:2PAD-P--
01060102	Matt.6.1	δὲ	de	C-:--------
01060103	Matt.6.1	τὴν	ho	RA:----ASF-
01060104	Matt.6.1	δικαιοσύνην	dikaiosynē	N-:----ASF-
01060105	Matt.6.1	ὑμῶν	sy	RP:----GP--
01060106	Matt.6.1	μὴ	mē	D-:--------
01060107	Matt.6.1	ποιεῖν	poieō	V-:-PAN----
01060108	Matt.6.1	ἔμπροσθεν	emprosthen	P-:--------
01060109	Matt.6.1	τῶν	ho	RA:----GPM-
01060110	Matt.6.1	ἀνθρώπων	anthrōpos	N-:----GPM-
01060111	Matt.6.1	πρὸς	pros	P-:--------
01060112	Matt.6.1	τὸ	ho	RA:----ASN-
01060113	Matt.6.1	θεαθῆναι	theaomai	V-:-APN----
01060114	Matt.6.1	αὐτοῖς	autos	RP:----DPM-
01060115	Matt.6.1	εἰ	ei	C-:--------
01060116	Matt.6.1	δὲ	de	C-:--------
01060117	Matt.6.1	μή	mē	D-:--------
01060118	Matt.6.1	γε	ge	X-:--------
01060119	Matt.6.1	μισθὸν	misthos	N-:----ASM-
01060120	Matt.6.1	οὐκ	ou	D-:--------
01060121	Matt.6.1	ἔχετε	echō	V-:2PAI-P--
01060122	Matt.6.1	παρὰ	para	P-:--------
01060123	Matt.6.1	τῷ	ho	RA:----DSM-
01060124	Matt.6.1	πατρὶ	patēr	N-:----DSM-
01060125	Matt.6.1	ὑμῶν	sy	RP:----GP--
01060126	Matt.6.1	τῷ	ho	RA:----DSM-
01060127	Matt.6.1	ἐν	en	P-:--------
01060128	Matt.6.1	τοῖς	ho	RA:----DPM-
01060129	Matt.6.1	οὐρανοῖς	ouranos	N-:----DPM-
01060201	Matt.6.2	Ὅταν	hotan	C-:--------
01060202	Matt.6.2	οὖν	oun	C-:--------
01060203	Matt.6.2	ποιῇς	poieō	V-:2PAS-S--
01060204	Matt.6.2	ἐλεημοσύνην	eleēmosynē	N-:----ASF-
01060205	Matt.6.2	μὴ	mē	D-:--------
01060206	Matt.6.2	σαλπίσῃς	salpizō	V-:2AAS-S--
01060207	Matt.6.2	ἔμπροσθέν	emprosthen	P-:--------
01060208	Matt.6.2	σου	sy	RP:----GS--
01060209	Matt.6.2	ὥσπερ	hōsper	C-:--------
01060210	Matt.6.2	οἱ	ho	RA:----NPM-
01060211	Matt.6.2	ὑποκριταὶ	hypokritēs	N-:----NPM-
01060212	Matt.6.2	ποιοῦσιν	poieō	V-:3PAI-P--
01060213	Matt.6.2	ἐν	en	P-:--------
01060214	Matt.6.2	ταῖς	ho	RA:----DPF-
01060215	Matt.6.2	συναγωγαῖς	synagōgē	N-:----DPF-
01060216	Matt.6.2	καὶ	kai	C-:--------
01060217	Matt.6.2	ἐν	en	P-:--------
01060218	Matt.6.2	ταῖς	ho	RA:----DPF-
01060219	Matt.6.2	ῥύμαις	rhymē	N-:----DPF-
01060220	Matt.6.2	ὅπως	hopōs	C-:--------
01060221	Matt.6.2	δοξασθῶσιν	doxazō	V-:3APS-P--
01060222	Matt.6.2	ὑπὸ	hypo	P-:--------
01060223	Matt.6.2	τῶν	ho	RA:----GPM-
01060224	Matt.6.2	ἀνθρώπων	anthrōpos	N-:----GPM-
01060225	Matt.6.2	ἀμὴν	amēn	X-:--------
01060226	Matt.6.2	λέγω	legō	V-:1PAI-S--
01060227	Matt.6.2	ὑμῖν	sy	RP:----DP--
01060228	Matt.6.2	ἀπέχουσιν	apechō	V-:3PAI-P--
01060229	Matt.6.2	τὸν	ho	RA:----ASM-
01060230	Matt.6.2	μισθὸν	misthos	N-:----ASM-
01060231	Matt.6.2	αὐτῶν	autos	RP:----GPM-
01060301	Matt.6.3	σοῦ	sy	RP:----GS--
01060302	Matt.6.3	δὲ	de	C-:--------
01060303	Matt.6.3	ποιοῦντος	poieō	V-:-PAPGSM-
01060304	Matt.6.3	ἐλεημοσύνην	eleēmosynē	N-:----ASF-
01060305	Matt.6.3	μὴ	mē	D-:--------
01060306	Matt.6.3	γνώτω	ginōskō	V-:3AAD-S--
01060307	Matt.6.3	ἡ	ho	RA:----NSF-
01060308	Matt.6.3	ἀριστερά	aristeros	A-:----NSF-
01060309	Matt.6.3	σου	sy	RP:----GS--
01060310	Matt.6.3	τί	tis	RI:----ASN-
01060311	Matt.6.3	ποιεῖ	poieō	V-:3PAI-S--
01060312	Matt.6.3	ἡ	ho	RA:----NSF-
01060313	Matt.6.3	δεξιά	dexios	A-:----NSF-
01060314	Matt.6.3	σου	sy	RP:----GS--
01060401	Matt.6.4	ὅπως	hopōs	C-:--------
01060402	Matt.6.4	ᾖ	eimi	V-:3PAS-S--
01060403	Matt.6.4	σου	sy	RP:----GS--
01060404	Matt.6.4	ἡ	ho	RA:----NSF-
01060405	Matt.6.4	ἐλεημοσύνη	eleēmosynē	N-:----NSF-
01060406	Matt.6.4	ἐν	en	P-:--------
01060407	Matt.6.4	τῷ	ho	RA:----DSN-
01060408	Matt.6.4	κρυπτῷ	kryptos	A-:----DSN-
01060409	Matt.6.4	καὶ	kai	C-:--------
01060410	Matt.6.4	ὁ	ho	RA:----NSM-
01060411	Matt.6.4	πατήρ	patēr	N-:----NSM-
01060412	Matt.6.4	σου	sy	RP:----GS--
01060413	Matt.6.4	ὁ	ho	RA:----NSM-
01060414	Matt.6.4	βλέπων	blepō	V-:-PAPNSM-
01060415	Matt.6.4	ἐν	en	P-:--------
01060416	Matt.6.4	τῷ	ho	RA:----DSN-
01060417	Matt.6.4	κρυπτῷ	kryptos	A-:----DSN-
01060418	Matt.6.4	ἀποδώσει	apodidōmi	V-:3FAI-S--
01060419	Matt.6.4	σοι	sy	RP:----DS--
01060501	Matt.6.5	Καὶ	kai	C-:--------
01060502	Matt.6.5	ὅταν	hotan	C-:--------
01060503	Matt.6.5	προσεύχησθε	proseuchomai	V-:2PMS-P--
01060504	Matt.6.5	οὐκ	ou	D-:--------
01060505	Matt.6.5	ἔσεσθε	eimi	V-:2FMI-P--
01060506	Matt.6.5	ὡς	hōs	C-:--------
01060507	Matt.6.5	οἱ	ho	RA:----NPM-
01060508	Matt.6.5	ὑποκριταί	hypokritēs	N-:----NPM-
01060509	Matt.6.5	ὅτι	hoti	C-:--------
01060510	Matt.6.5	φιλοῦσιν	phileō	V-:3PAI-P--
01060511	Matt.6.5	ἐν	en	P-:--------
01060512	Matt.6.5	ταῖς	ho	RA:----DPF-
01060513	Matt.6.5	συναγωγαῖς	synagōgē	N-:----DPF-
01060514	Matt.6.5	καὶ	kai	C-:--------
01060515	Matt.6.5	ἐν	en	P-:--------
01060516	Matt.6.5	ταῖς	ho	RA:----DPF-
01060517	Matt.6.5	γωνίαις	gōnia	N-:----DPF-
01060518	Matt.6.5	τῶν	ho	RA:----GPF-
01060519	Matt.6.5	πλατειῶν	platys	A-:----GPF-
01060520	Matt.6.5	ἑστῶτες	histēmi	V-:-XAPNPM-
01060521	Matt.6.5	προσεύχεσθαι	proseuchomai	V-:-PMN----
01060522	Matt.6.5	ὅπως	hopōs	C-:--------
01060523	Matt.6.5	φανῶσιν	phainō	V-:3APS-P--
01060524	Matt.6.5	τοῖς	ho	RA:----DPM-
01060525	Matt.6.5	ἀνθρώποις	anthrōpos	N-:----DPM-
01060526	Matt.6.5	ἀμὴν	amēn	X-:--------
01060527	Matt.6.5	λέγω	legō	V-:1PAI-S--
01060528	Matt.6.5	ὑμῖν	sy	RP:----DP--
01060529	Matt.6.5	ἀπέχουσι	apechō	V-:3PAI-P--
01060530	Matt.6.5	τὸν	ho	RA:----ASM-
01060531	Matt.6.5	μισθὸν	misthos	N-:----ASM-
01060532	Matt.6.5	αὐτῶν	autos	RP:----GPM-
01060601	Matt.6.6	σὺ	sy	RP:----NS--
01060602	Matt.6.6	δὲ	de	C-:--------
01060603	Matt.6.6	ὅταν	hotan	C-:--------
01060604	Matt.6.6	προσεύχῃ	proseuchomai	V-:2PMS-S--
01060605	Matt.6.6	εἴσελθε	eiserchomai	V-:2AAD-S--
01060606	Matt.6.6	εἰς	eis	P-:--------
01060607	Matt.6.6	τὸ	ho	RA:----ASN-
01060608	Matt.6.6	ταμεῖόν	tameion	N-:----ASN-
01060609	Matt.6.6	σου	sy	RP:----GS--
01060610	Matt.6.6	καὶ	kai	C-:--------
01060611	Matt.6.6	κλείσας	kleiō	V-:-AAPNSM-
01060612	Matt.6.6	τὴν	ho	RA:----ASF-
01060613	Matt.6.6	θύραν	thyra	N-:----ASF-
01060614	Matt.6.6	σου	sy	RP:----GS--
01060615	Matt.6.6	πρόσευξαι	proseuchomai	V-:2AMD-S--
01060616	Matt.6.6	τῷ	ho	RA:----DSM-
01060617	Matt.6.6	πατρί	patēr	N-:----DSM-
01060618	Matt.6.6	σου	sy	RP:----GS--
01060619	Matt.6.6	τῷ	ho	RA:----DSM-
01060620	Matt.6.6	ἐν	en	P-:--------
01060621	Matt.6.6	τῷ	ho	RA:----DSN-
01060622	Matt.6.6	κρυπτῷ	kryptos	A-:----DSN-
01060623	Matt.6.6	καὶ	kai	C-:--------
01060624	Matt.6.6	ὁ	ho	RA:----NSM-
01060625	Matt.6.6	πατήρ	patēr	N-:----NSM-
01060626	Matt.6.6	σου	sy	RP:----GS--
01060627	Matt.6.6	ὁ	ho	RA:----NSM-
01060628	Matt.6.6	βλέπων	blepō	V-:-PAPNSM-
01060629	Matt.6.6	ἐν	en	P-:--------
01060630	Matt.6.6	τῷ	ho	RA:----DSN-
01060631	Matt.6.6	κρυπτῷ	kryptos	A-:----DSN-
01060632	Matt.6.6	ἀποδώσει	apodidōmi	V-:3FAI-S--
01060633	Matt.6.6	σοι	sy	RP:----DS--
01060701	Matt.6.7	Προσευχόμενοι	proseuchomai	V-:-PMPNPM-
01060702	Matt.6.7	δὲ	de	C-:--------
01060703	Matt.6.7	μὴ	mē	D-:--------
01060704	Matt.6.7	βατταλογήσητε	battalogeō	V-:2AAS-P--
01060705	Matt.6.7	ὥσπερ	hōsper	C-:--------
01060706	Matt.6.7	οἱ	ho	RA:----NPM-
01060707	Matt.6.7	ἐθνικοί	ethnikos	A-:----NPM-
01060708	Matt.6.7	δοκοῦσιν	dokeō	V-:3PAI-P--
01060709	Matt.6.7	γὰρ	gar	C-:--------
01060710	Matt.6.7	ὅτι	hoti	C-:--------
01060711	Matt.6.7	ἐν	en	P-:--------
01060712	Matt.6.7	τῇ	ho	RA:----DSF-
01060713	Matt.6.7	πολυλογίᾳ	polylogia	N-:----DSF-
01060714	Matt.6.7	αὐτῶν	autos	RP:----GPM-
01060715	Matt.6.7	εἰσακουσθήσονται	eisakouō	V-:3FPI-P--
01060801	Matt.6.8	μὴ	mē	D-:--------
01060802	Matt.6.8	οὖν	oun	C-:--------
01060803	Matt.6.8	ὁμοιωθῆτε	homoioō	V-:2APS-P--
01060804	Matt.6.8	αὐτοῖς	autos	RP:----DPM-
01060805	Matt.6.8	οἶδεν	oida	V-:3XAI-S--
01060806	Matt.6.8	γὰρ	gar	C-:--------
01060807	Matt.6.8	ὁ	ho	RA:----NSM-
01060808	Matt.6.8	πατὴρ	patēr	N-:----NSM-
01060809	Matt.6.8	ὑμῶν	sy	RP:----GP--
01060810	Matt.6.8	ὧν	hos	RR:----GPN-
01060811	Matt.6.8	χρείαν	chreia	N-:----ASF-
01060812	Matt.6.8	ἔχετε	echō	V-:2PAI-P--
01060813	Matt.6.8	πρὸ	pro	P-:--------
01060814	Matt.6.8	τοῦ	ho	RA:----GSN-
01060815	Matt.6.8	ὑμᾶς	sy	RP:----AP--
01060816	Matt.6.8	αἰτῆσαι	aiteō	V-:-AAN----
01060817	Matt.6.8	αὐτόν	autos	RP:----ASM-
01060901	Matt.6.9	Οὕτως	houtō(s)	D-:--------
01060902	Matt.6.9	οὖν	oun	C-:--------
01060903	Matt.6.9	προσεύχεσθε	proseuchomai	V-:2PMD-P--
01060904	Matt.6.9	ὑμεῖς	sy	RP:----NP--
01060905	Matt.6.9	Πάτερ	patēr	N-:----VSM-
01060906	Matt.6.9	ἡμῶν	egō	RP:----GP--
01060907	Matt.6.9	ὁ	ho	RA:----NSM-
01060908	Matt.6.9	ἐν	en	P-:--------
01060909	Matt.6.9	τοῖς	ho	RA:----DPM-
01060910	Matt.6.9	οὐρανοῖς	ouranos	N-:----DPM-
01060911	Matt.6.9	ἁγιασθήτω	hagiazō	V-:3APD-S--
01060912	Matt.6.9	τὸ	ho	RA:----NSN-
01060913	Matt.6.9	ὄνομά	onoma	N-:----NSN-
01060914	Matt.6.9	σου	sy	RP:----GS--
01061001	Matt.6.10	ἐλθέτω	erchomai	V-:3AAD-S--
01061002	Matt.6.10	ἡ	ho	RA:----NSF-
01061003	Matt.6.10	βασιλεία	basileia	N-:----NSF-
01061004	Matt.6.10	σου	sy	RP:----GS--
01061005	Matt.6.10	γενηθήτω	ginomai	V-:3APD-S--
01061006	Matt.6.10	τὸ	ho	RA:----NSN-
01061007	Matt.6.10	θέλημά	thelēma	N-:----NSN-
01061008	Matt.6.10	σου	sy	RP:----GS--
01061009	Matt.6.10	ὡς	hōs	C-:--------
01061010	Matt.6.10	ἐν	en	P-:--------
01061011	Matt.6.10	οὐρανῷ	ouranos	N-:----DSM-
01061012	Matt.6.10	καὶ	kai	D-:--------
01061013	Matt.6.10	ἐπὶ	epi	P-:--------
01061014	Matt.6.10	γῆς	gē	N-:----GSF-
01061101	Matt.6.11	τὸν	ho	RA:----ASM-
01061102	Matt.6.11	ἄρτον	artos	N-:----ASM-
01061103	Matt.6.11	ἡμῶν	egō	RP:----GP--
01061104	Matt.6.11	τὸν	ho	RA:----ASM-
01061105	Matt.6.11	ἐπιούσιον	epiousios	A-:----ASM-
01061106	Matt.6.11	δὸς	didōmi	V-:2AAD-S--
01061107	Matt.6.11	ἡμῖν	egō	RP:----DP--
01061108	Matt.6.11	σήμερον	sēmeron	D-:--------
01061201	Matt.6.12	καὶ	kai	C-:--------
01061202	Matt.6.12	ἄφες	aphiēmi	V-:2AAD-S--
01061203	Matt.6.12	ἡμῖν	egō	RP:----DP--
01061204	Matt.6.12	τὰ	ho	RA:----APN-
01061205	Matt.6.12	ὀφειλήματα	opheilēma	N-:----APN-
01061206	Matt.6.12	ἡμῶν	egō	RP:----GP--
01061207	Matt.6.12	ὡς	hōs	C-:--------
01061208	Matt.6.12	καὶ	kai	D-:--------
01061209	Matt.6.12	ἡμεῖς	egō	RP:----NP--
01061210	Matt.6.12	ἀφήκαμεν	aphiēmi	V-:1AAI-P--
01061211	Matt.6.12	τοῖς	ho	RA:----DPM-
01061212	Matt.6.12	ὀφειλέταις	opheiletēs	N-:----DPM-
01061213	Matt.6.12	ἡμῶν	egō	RP:----GP--
01061301	Matt.6.13	καὶ	kai	C-:--------
01061302	Matt.6.13	μὴ	mē	D-:--------
01061303	Matt.6.13	εἰσενέγκῃς	eispherō	V-:2AAS-S--
01061304	Matt.6.13	ἡμᾶς	egō	RP:----AP--
01061305	Matt.6.13	εἰς	eis	P-:--------
01061306	Matt.6.13	πειρασμόν	peirasmos	N-:----ASM-
01061307	Matt.6.13	ἀλλὰ	alla	C-:--------
01061308	Matt.6.13	ῥῦσαι	rhyomai	V-:2AMD-S--
01061309	Matt.6.13	ἡμᾶς	egō	RP:----AP--
01061310	Matt.6.13	ἀπὸ	apo	P-:--------
01061311	Matt.6.13	τοῦ	ho	RA:----GSN-
01061312	Matt.6.13	πονηροῦ	ponēros	A-:----GSN-
01061401	Matt.6.14	ἐὰν	ean	C-:--------
01061402	Matt.6.14	γὰρ	gar	C-:--------
01061403	Matt.6.14	ἀφῆτε	aphiēmi	V-:2AAS-P--
01061404	Matt.6.14	τοῖς	ho	RA:----DPM-
01061405	Matt.6.14	ἀνθρώποις	anthrōpos	N-:----DPM-
01061406	Matt.6.14	τὰ	ho	RA:----APN-
01061407	Matt.6.14	παραπτώματα	paraptōma	N-:----APN-
01061408	Matt.6.14	αὐτῶν	autos	RP:----GPM-
01061409	Matt.6.14	ἀφήσει	aphiēmi	V-:3FAI-S--
01061410	Matt.6.14	καὶ	kai	D-:--------
01061411	Matt.6.14	ὑμῖν	sy	RP:----DP--
01061412	Matt.6.14	ὁ	ho	RA:----NSM-
01061413	Matt.6.14	πατὴρ	patēr	N-:----NSM-
01061414	Matt.6.14	ὑμῶν	sy	RP:----GP--
01061415	Matt.6.14	ὁ	ho	RA:----NSM-
01061416	Matt.6.14	οὐράνιος	ouranios	A-:----NSM-
01061501	Matt.6.15	ἐὰν	ean	C-:--------
01061502	Matt.6.15	δὲ	de	C-:--------
01061503	Matt.6.15	μὴ	mē	D-:--------
01061504	Matt.6.15	ἀφῆτε	aphiēmi	V-:2AAS-P--
01061505	Matt.6.15	τοῖς	ho	RA:----DPM-
01061506	Matt.6.15	ἀνθρώποις	anthrōpos	N-:----DPM-
01061507	Matt.6.15	οὐδὲ	oude	D-:--------
01061508	Matt.6.15	ὁ	ho	RA:----NSM-
01061509	Matt.6.15	πατὴρ	patēr	N-:----NSM-
01061510	Matt.6.15	ὑμῶν	sy	RP:----GP--
01061511	Matt.6.15	ἀφήσει	aphiēmi	V-:3FAI-S--
01061512	Matt.6.15	τὰ	ho	RA:----APN-
01061513	Matt.6.15	παραπτώματα	paraptōma	N-:----APN-
01061514	Matt.6.15	ὑμῶν	sy	RP:----GP--
01061601	Matt.6.16	Ὅταν	hotan	C-:--------
01061602	Matt.6.16	δὲ	de	C-:--------
01061603	Matt.6.16	νηστεύητε	nēsteuō	V-:2PAS-P--
01061604	Matt.6.16	μὴ	mē	D-:--------
01061605	Matt.6.16	γίνεσθε	ginomai	V-:2PMD-P--
01061606	Matt.6.16	ὡς	hōs	C-:--------
01061607	Matt.6.16	οἱ	ho	RA:----NPM-
01061608	Matt.6.16	ὑποκριταὶ	hypokritēs	N-:----NPM-
01061609	Matt.6.16	σκυθρωποί	skythrōpos	A-:----NPM-
01061610	Matt.6.16	ἀφανίζουσιν	aphanizō	V-:3PAI-P--
01061611	Matt.6.16	γὰρ	gar	C-:--------
01061612	Matt.6.16	τὰ	ho	RA:----APN-
01061613	Matt.6.16	πρόσωπα	prosōpon	N-:----APN-
01061614	Matt.6.16	αὐτῶν	autos	RP:----GPM-
01061615	Matt.6.16	ὅπως	hopōs	C-:--------
01061616	Matt.6.16	φανῶσιν	phainō	V-:3APS-P--
01061617	Matt.6.16	τοῖς	ho	RA:----DPM-
01061618	Matt.6.16	ἀνθρώποις	anthrōpos	N-:----DPM-
01061619	Matt.6.16	νηστεύοντες	nēsteuō	V-:-PAPNPM-
01061620	Matt.6.16	ἀμὴν	amēn	X-:--------
01061621	Matt.6.16	λέγω	legō	V-:1PAI-S--
01061622	Matt.6.16	ὑμῖν	sy	RP:----DP--
01061623	Matt.6.16	ἀπέχουσιν	apechō	V-:3PAI-P--
01061624	Matt.6.16	τὸν	ho	RA:----ASM-
01061625	Matt.6.16	μισθὸν	misthos	N-:----ASM-
01061626	Matt.6.16	αὐτῶν	autos	RP:----GPM-
01061701	Matt.6.17	σὺ	sy	RP:----NS--
01061702	Matt.6.17	δὲ	de	C-:--------
01061703	Matt.6.17	νηστεύων	nēsteuō	V-:-PAPNSM-
01061704	Matt.6.17	ἄλειψαί	aleiphō	V-:2AMD-S--
01061705	Matt.6.17	σου	sy	RP:----GS--
01061706	Matt.6.17	τὴν	ho	RA:----ASF-
01061707	Matt.6.17	κεφαλὴν	kephalē	N-:----ASF-
01061708	Matt.6.17	καὶ	kai	C-:--------
01061709	Matt.6.17	τὸ	ho	RA:----ASN-
01061710	Matt.6.17	πρόσωπόν	prosōpon	N-:----ASN-
01061711	Matt.6.17	σου	sy	RP:----GS--
01061712	Matt.6.17	νίψαι	niptō	V-:2AMD-S--
01061801	Matt.6.18	ὅπως	hopōs	C-:--------
01061802	Matt.6.18	μὴ	mē	D-:--------
01061803	Matt.6.18	φανῇς	phainō	V-:2APS-S--
01061804	Matt.6.18	τοῖς	ho	RA:----DPM-
01061805	Matt.6.18	ἀνθρώποις	anthrōpos	N-:----DPM-
01061806	Matt.6.18	νηστεύων	nēsteuō	V-:-PAPNSM-
01061807	Matt.6.18	ἀλλὰ	alla	C-:--------
01061808	Matt.6.18	τῷ	ho	RA:----DSM-
01061809	Matt.6.18	πατρί	patēr	N-:----DSM-
01061810	Matt.6.18	σου	sy	RP:----GS--
01061811	Matt.6.18	τῷ	ho	RA:----DSM-
01061812	Matt.6.18	ἐν	en	P-:--------
01061813	Matt.6.18	τῷ	ho	RA:----DSN-
01061814	Matt.6.18	κρυφαίῳ	kryphaios	A-:----DSN-
01061815	Matt.6.18	καὶ	kai	C-:--------
01061816	Matt.6.18	ὁ	ho	RA:----NSM-
01061817	Matt.6.18	πατήρ	patēr	N-:----NSM-
01061818	Matt.6.18	σου	sy	RP:----GS--
01061819	Matt.6.18	ὁ	ho	RA:----NSM-
01061820	Matt.6.18	βλέπων	blepō	V-:-PAPNSM-
01061821	Matt.6.18	ἐν	en	P-:--------
01061822	Matt.6.18	τῷ	ho	RA:----DSN-
01061823	Matt.6.18	κρυφαίῳ	kryphaios	A-:----DSN-
01061824	Matt.6.18	ἀποδώσει	apodidōmi	V-:3FAI-S--
01061825	Matt.6.18	σοι	sy	RP:----DS--
01061901	Matt.6.19	Μὴ	mē	D-:--------
01061902	Matt.6.19	θησαυρίζετε	thēsaurizō	V-:2PAD-P--
01061903	Matt.6.19	ὑμῖν	sy	RP:----DP--
01061904	Matt.6.19	θησαυροὺς	thēsauros	N-:----APM-
01061905	Matt.6.19	ἐπὶ	epi	P-:--------
01061906	Matt.6.19	τῆς	ho	RA:----GSF-
01061907	Matt.6.19	γῆς	gē	N-:----GSF-
01061908	Matt.6.19	ὅπου	hopou	D-:--------
01061909	Matt.6.19	σὴς	sēs	N-:----NSM-
01061910	Matt.6.19	καὶ	kai	C-:--------
01061911	Matt.6.19	βρῶσις	brōsis	N-:----NSF-
01061912	Matt.6.19	ἀφανίζει	aphanizō	V-:3PAI-S--
01061913	Matt.6.19	καὶ	kai	C-:--------
01061914	Matt.6.19	ὅπου	hopou	D-:--------
01061915	Matt.6.19	κλέπται	kleptēs	N-:----NPM-
01061916	Matt.6.19	διορύσσουσιν	dioryssō	V-:3PAI-P--
01061917	Matt.6.19	καὶ	kai	C-:--------
01061918	Matt.6.19	κλέπτουσιν	kleptō	V-:3PAI-P--
01062001	Matt.6.20	θησαυρίζετε	thēsaurizō	V-:2PAD-P--
01062002	Matt.6.20	δὲ	de	C-:--------
01062003	Matt.6.20	ὑμῖν	sy	RP:----DP--
01062004	Matt.6.20	θησαυροὺς	thēsauros	N-:----APM-
01062005	Matt.6.20	ἐν	en	P-:--------
01062006	Matt.6.20	οὐρανῷ	ouranos	N-:----DSM-
01062007	Matt.6.20	ὅπου	hopou	D-:--------
01062008	Matt.6.20	οὔτε	oute	C-:--------
01062009	Matt.6.20	σὴς	sēs	N-:----NSM-
01062010	Matt.6.20	οὔτε	oute	C-:--------
01062011	Matt.6.20	βρῶσις	brōsis	N-:----NSF-
01062012	Matt.6.20	ἀφανίζει	aphanizō	V-:3PAI-S--
01062013	Matt.6.20	καὶ	kai	C-:--------
01062014	Matt.6.20	ὅπου	hopou	D-:--------
01062015	Matt.6.20	κλέπται	kleptēs	N-:----NPM-
01062016	Matt.6.20	οὐ	ou	D-:--------
01062017	Matt.6.20	διορύσσουσιν	dioryssō	V-:3PAI-P--
01062018	Matt.6.20	οὐδὲ	oude	C-:--------
01062019	Matt.6.20	κλέπτουσιν	kleptō	V-:3PAI-P--
01062101	Matt.6.21	ὅπου	hopou	C-:--------
01062102	Matt.6.21	γάρ	gar	C-:--------
01062103	Matt.6.21	ἐστιν	eimi	V-:3PAI-S--
01062104	Matt.6.21	ὁ	ho	RA:----NSM-
01062105	Matt.6.21	θησαυρός	thēsauros	N-:----NSM-
01062106	Matt.6.21	σου	sy	RP:----GS--
01062107	Matt.6.21	ἐκεῖ	ekei	D-:--------
01062108	Matt.6.21	ἔσται	eimi	V-:3FMI-S--
01062109	Matt.6.21	καὶ	kai	D-:--------
01062110	Matt.6.21	ἡ	ho	RA:----NSF-
01062111	Matt.6.21	καρδία	kardia	N-:----NSF-
01062112	Matt.6.21	σου	sy	RP:----GS--
01062201	Matt.6.22	Ὁ	ho	RA:----NSM-
01062202	Matt.6.22	λύχνος	lychnos	N-:----NSM-
01062203	Matt.6.22	τοῦ	ho	RA:----GSN-
01062204	Matt.6.22	σώματός	sōma	N-:----GSN-
01062205	Matt.6.22	ἐστιν	eimi	V-:3PAI-S--
01062206	Matt.6.22	ὁ	ho	RA:----NSM-
01062207	Matt.6.22	ὀφθαλμός	ophthalmos	N-:----NSM-
01062208	Matt.6.22	ἐὰν	ean	C-:--------
01062209	Matt.6.22	οὖν	oun	C-:--------
01062210	Matt.6.22	ᾖ	eimi	V-:3PAS-S--
01062211	Matt.6.22	ὁ	ho	RA:----NSM-
01062212	Matt.6.22	ὀφθαλμός	ophthalmos	N-:----NSM-
01062213	Matt.6.22	σου	sy	RP:----GS--
01062214	Matt.6.22	ἁπλοῦς	haplous	A-:----NSM-
01062215	Matt.6.22	ὅλον	holos	A-:----NSN-
01062216	Matt.6.22	τὸ	ho	RA:----NSN-
01062217	Matt.6.22	σῶμά	sōma	N-:----NSN-
01062218	Matt.6.22	σου	sy	RP:----GS--
01062219	Matt.6.22	φωτεινὸν	phōteinos	A-:----NSN-
01062220	Matt.6.22	ἔσται	eimi	V-:3FMI-S--
01062301	Matt.6.23	ἐὰν	ean	C-:--------
01062302	Matt.6.23	δὲ	de	C-:--------
01062303	Matt.6.23	ὁ	ho	RA:----NSM-
01062304	Matt.6.23	ὀφθαλμός	ophthalmos	N-:----NSM-
01062305	Matt.6.23	σου	sy	RP:----GS--
01062306	Matt.6.23	πονηρὸς	ponēros	A-:----NSM-
01062307	Matt.6.23	ᾖ	eimi	V-:3PAS-S--
01062308	Matt.6.23	ὅλον	holos	A-:----NSN-
01062309	Matt.6.23	τὸ	ho	RA:----NSN-
01062310	Matt.6.23	σῶμά	sōma	N-:----NSN-
01062311	Matt.6.23	σου	sy	RP:----GS--
01062312	Matt.6.23	σκοτεινὸν	skoteinos	A-:----NSN-
01062313	Matt.6.23	ἔσται	eimi	V-:3FMI-S--
01062314	Matt.6.23	εἰ	ei	C-:--------
01062315	Matt.6.23	οὖν	oun	C-:--------
01062316	Matt.6.23	τὸ	ho	RA:----NSN-
01062317	Matt.6.23	φῶς	phōs	N-:----NSN-
01062318	Matt.6.23	τὸ	ho	RA:----NSN-
01062319	Matt.6.23	ἐν	en	P-:--------
01062320	Matt.6.23	σοὶ	sy	RP:----DS--
01062321	Matt.6.23	σκότος	skotos	N-:----NSN-
01062322	Matt.6.23	ἐστίν	eimi	V-:3PAI-S--
01062323	Matt.6.23	τὸ	ho	RA:----NSN-
01062324	Matt.6.23	σκότος	skotos	N-:----NSN-
01062325	Matt.6.23	πόσον	posos	RI:----NSN-
01062401	Matt.6.24	Οὐδεὶς	oudeis	A-:----NSM-
01062402	Matt.6.24	δύναται	dynamai	V-:3PMI-S--
01062403	Matt.6.24	δυσὶ	dyo	A-:----DPM-
01062404	Matt.6.24	κυρίοις	kyrios	N-:----DPM-
01062405	Matt.6.24	δουλεύειν	douleuō	V-:-PAN----
01062406	Matt.6.24	ἢ	ē	C-:--------
01062407	Matt.6.24	γὰρ	gar	C-:--------
01062408	Matt.6.24	τὸν	ho	RA:----ASM-
01062409	Matt.6.24	ἕνα	heis	A-:----ASM-
01062410	Matt.6.24	μισήσει	miseō	V-:3FAI-S--
01062411	Matt.6.24	καὶ	kai	C-:--------
01062412	Matt.6.24	τὸν	ho	RA:----ASM-
01062413	Matt.6.24	ἕτερον	heteros	A-:----ASM-
01062414	Matt.6.24	ἀγαπήσει	agapaō	V-:3FAI-S--
01062415	Matt.6.24	ἢ	ē	C-:--------
01062416	Matt.6.24	ἑνὸς	heis	A-:----GSM-
01062417	Matt.6.24	ἀνθέξεται	antechomai	V-:3FMI-S--
01062418	Matt.6.24	καὶ	kai	C-:--------
01062419	Matt.6.24	τοῦ	ho	RA:----GSM-
01062420	Matt.6.24	ἑτέρου	heteros	A-:----GSM-
01062421	Matt.6.24	καταφρονήσει	kataphroneō	V-:3FAI-S--
01062422	Matt.6.24	οὐ	ou	D-:--------
01062423	Matt.6.24	δύνασθε	dynamai	V-:2PMI-P--
01062424	Matt.6.24	θεῷ	theos	N-:----DSM-
01062425	Matt.6.24	δουλεύειν	douleuō	V-:-PAN----
01062426	Matt.6.24	καὶ	kai	C-:--------
01062427	Matt.6.24	μαμωνᾷ	mamōnas	N-:----DSM-
01062501	Matt.6.25	Διὰ	dia	P-:--------
01062502	Matt.6.25	τοῦτο	houtos	RD:----ASN-
01062503	Matt.6.25	λέγω	legō	V-:1PAI-S--
01062504	Matt.6.25	ὑμῖν	sy	RP:----DP--
01062505	Matt.6.25	μὴ	mē	D-:--------
01062506	Matt.6.25	μεριμνᾶτε	merimnaō	V-:2PAD-P--
01062507	Matt.6.25	τῇ	ho	RA:----DSF-
01062508	Matt.6.25	ψυχῇ	psychē	N-:----DSF-
01062509	Matt.6.25	ὑμῶν	sy	RP:----GP--
01062510	Matt.6.25	τί	tis	RI:----ASN-
01062511	Matt.6.25	φάγητε	esthiō	V-:2AAS-P--
01062512	Matt.6.25	μηδὲ	mēde	C-:--------
01062513	Matt.6.25	τῷ	ho	RA:----DSN-
01062514	Matt.6.25	σώματι	sōma	N-:----DSN-
01062515	Matt.6.25	ὑμῶν	sy	RP:----GP--
01062516	Matt.6.25	τί	tis	RI:----ASN-
01062517	Matt.6.25	ἐνδύσησθε	endyō	V-:2AMS-P--
01062518	Matt.6.25	οὐχὶ	ouchi	X-:--------
01062519	Matt.6.25	ἡ	ho	RA:----NSF-
01062520	Matt.6.25	ψυχὴ	psychē	N-:----NSF-
01062521	Matt.6.25	πλεῖόν	polys	A-:----NSNC
01062522	Matt.6.25	ἐστι	eimi	V-:3PAI-S--
01062523	Matt.6.25	τῆς	ho	RA:----GSF-
01062524	Matt.6.25	τροφῆς	trophē	N-:----GSF-
01062525	Matt.6.25	καὶ	kai	C-:--------
01062526	Matt.6.25	τὸ	ho	RA:----NSN-
01062527	Matt.6.25	σῶμα	sōma	N-:----NSN-
01062528	Matt.6.25	τοῦ	ho	RA:----GSN-
01062529	Matt.6.25	ἐνδύματος	endyma	N-:----GSN-
01062601	Matt.6.26	ἐμβλέψατε	emblepō	V-:2AAD-P--
01062602	Matt.6.26	εἰς	eis	P-:--------
01062603	Matt.6.26	τὰ	ho	RA:----APN-
01062604	Matt.6.26	πετεινὰ	peteinon	A-:----APN-
01062605	Matt.6.26	τοῦ	ho	RA:----GSM-
01062606	Matt.6.26	οὐρανοῦ	ouranos	N-:----GSM-
01062607	Matt.6.26	ὅτι	hoti	C-:--------
01062608	Matt.6.26	οὐ	ou	D-:--------
01062609	Matt.6.26	σπείρουσιν	speirō	V-:3PAI-P--
01062610	Matt.6.26	οὐδὲ	oude	C-:--------
01062611	Matt.6.26	θερίζουσιν	therizō	V-:3PAI-P--
01062612	Matt.6.26	οὐδὲ	oude	C-:--------
01062613	Matt.6.26	συνάγουσιν	synagō	V-:3PAI-P--
01062614	Matt.6.26	εἰς	eis	P-:--------
01062615	Matt.6.26	ἀποθήκας	apothēkē	N-:----APF-
01062616	Matt.6.26	καὶ	kai	C-:--------
01062617	Matt.6.26	ὁ	ho	RA:----NSM-
01062618	Matt.6.26	πατὴρ	patēr	N-:----NSM-
01062619	Matt.6.26	ὑμῶν	sy	RP:----GP--
01062620	Matt.6.26	ὁ	ho	RA:----NSM-
01062621	Matt.6.26	οὐράνιος	ouranios	A-:----NSM-
01062622	Matt.6.26	τρέφει	trephō	V-:3PAI-S--
01062623	Matt.6.26	αὐτά	autos	RP:----APN-
01062624	Matt.6.26	οὐχ	ou	X-:--------
01062625	Matt.6.26	ὑμεῖς	sy	RP:----NP--
01062626	Matt.6.26	μᾶλλον	mallon	D-:--------
01062627	Matt.6.26	διαφέρετε	diapherō	V-:2PAI-P--
01062628	Matt.6.26	αὐτῶν	autos	RP:----GPN-
01062701	Matt.6.27	τίς	tis	RI:----NSM-
01062702	Matt.6.27	δὲ	de	C-:--------
01062703	Matt.6.27	ἐξ	ek	P-:--------
01062704	Matt.6.27	ὑμῶν	sy	RP:----GP--
01062705	Matt.6.27	μεριμνῶν	merimnaō	V-:-PAPNSM-
01062706	Matt.6.27	δύναται	dynamai	V-:3PMI-S--
01062707	Matt.6.27	προσθεῖναι	prostithēmi	V-:-AAN----
01062708	Matt.6.27	ἐπὶ	epi	P-:--------
01062709	Matt.6.27	τὴν	ho	RA:----ASF-
01062710	Matt.6.27	ἡλικίαν	hēlikia	N-:----ASF-
01062711	Matt.6.27	αὐτοῦ	autos	RP:----GSM-
01062712	Matt.6.27	πῆχυν	pēchys	N-:----ASM-
01062713	Matt.6.27	ἕνα	heis	A-:----ASM-
01062801	Matt.6.28	καὶ	kai	C-:--------
01062802	Matt.6.28	περὶ	peri	P-:--------
01062803	Matt.6.28	ἐνδύματος	endyma	N-:----GSN-
01062804	Matt.6.28	τί	tis	RI:----ASN-
01062805	Matt.6.28	μεριμνᾶτε	merimnaō	V-:2PAI-P--
01062806	Matt.6.28	καταμάθετε	katamanthanō	V-:2AAD-P--
01062807	Matt.6.28	τὰ	ho	RA:----APN-
01062808	Matt.6.28	κρίνα	krinon	N-:----APN-
01062809	Matt.6.28	τοῦ	ho	RA:----GSM-
01062810	Matt.6.28	ἀγροῦ	agros	N-:----GSM-
01062811	Matt.6.28	πῶς	pōs	D-:--------
01062812	Matt.6.28	αὐξάνουσιν	auxanō	V-:3PAI-P--
01062813	Matt.6.28	οὐ	ou	D-:--------
01062814	Matt.6.28	κοπιῶσιν	kopiaō	V-:3PAI-P--
01062815	Matt.6.28	οὐδὲ	oude	C-:--------
01062816	Matt.6.28	νήθουσιν	nēthō	V-:3PAI-P--
01062901	Matt.6.29	λέγω	legō	V-:1PAI-S--
01062902	Matt.6.29	δὲ	de	C-:--------
01062903	Matt.6.29	ὑμῖν	sy	RP:----DP--
01062904	Matt.6.29	ὅτι	hoti	C-:--------
01062905	Matt.6.29	οὐδὲ	oude	D-:--------
01062906	Matt.6.29	Σολομὼν	solomōn	N-:----NSM-
01062907	Matt.6.29	ἐν	en	P-:--------
01062908	Matt.6.29	πάσῃ	pas	A-:----DSF-
01062909	Matt.6.29	τῇ	ho	RA:----DSF-
01062910	Matt.6.29	δόξῃ	doxa	N-:----DSF-
01062911	Matt.6.29	αὐτοῦ	autos	RP:----GSM-
01062912	Matt.6.29	περιεβάλετο	periballō	V-:3AMI-S--
01062913	Matt.6.29	ὡς	hōs	C-:--------
01062914	Matt.6.29	ἓν	heis	A-:----NSN-
01062915	Matt.6.29	τούτων	houtos	RD:----GPN-
01063001	Matt.6.30	εἰ	ei	C-:--------
01063002	Matt.6.30	δὲ	de	C-:--------
01063003	Matt.6.30	τὸν	ho	RA:----ASM-
01063004	Matt.6.30	χόρτον	chortos	N-:----ASM-
01063005	Matt.6.30	τοῦ	ho	RA:----GSM-
01063006	Matt.6.30	ἀγροῦ	agros	N-:----GSM-
01063007	Matt.6.30	σήμερον	sēmeron	D-:--------
01063008	Matt.6.30	ὄντα	eimi	V-:-PAPASM-
01063009	Matt.6.30	καὶ	kai	C-:--------
01063010	Matt.6.30	αὔριον	aurion	D-:--------
01063011	Matt.6.30	εἰς	eis	P-:--------
01063012	Matt.6.30	κλίβανον	klibanos	N-:----ASM-
01063013	Matt.6.30	βαλλόμενον	ballō	V-:-PPPASM-
01063014	Matt.6.30	ὁ	ho	RA:----NSM-
01063015	Matt.6.30	θεὸς	theos	N-:----NSM-
01063016	Matt.6.30	οὕτως	houtō(s)	D-:--------
01063017	Matt.6.30	ἀμφιέννυσιν	amphiennymi	V-:3PAI-S--
01063018	Matt.6.30	οὐ	ou	X-:--------
01063019	Matt.6.30	πολλῷ	polys	A-:----DSN-
01063020	Matt.6.30	μᾶλλον	mallon	D-:--------
01063021	Matt.6.30	ὑμᾶς	sy	RP:----AP--
01063022	Matt.6.30	ὀλιγόπιστοι	oligopistos	A-:----VPM-
01063101	Matt.6.31	μὴ	mē	D-:--------
01063102	Matt.6.31	οὖν	oun	C-:--------
01063103	Matt.6.31	μεριμνήσητε	merimnaō	V-:2AAS-P--
01063104	Matt.6.31	λέγοντες	legō	V-:-PAPNPM-
01063105	Matt.6.31	Τί	tis	RI:----ASN-
01063106	Matt.6.31	φάγωμεν	esthiō	V-:1AAS-P--
01063107	Matt.6.31	ἤ	ē	C-:--------
01063108	Matt.6.31	Τί	tis	RI:----ASN-
01063109	Matt.6.31	πίωμεν	pinō	V-:1AAS-P--
01063110	Matt.6.31	ἤ	ē	C-:--------
01063111	Matt.6.31	Τί	tis	RI:----ASN-
01063112	Matt.6.31	περιβαλώμεθα	periballō	V-:1AMS-P--
01063201	Matt.6.32	πάντα	pas	A-:----APN-
01063202	Matt.6.32	γὰρ	gar	C-:--------
01063203	Matt.6.32	ταῦτα	houtos	RD:----APN-
01063204	Matt.6.32	τὰ	ho	RA:----NPN-
01063205	Matt.6.32	ἔθνη	ethnos	N-:----NPN-
01063206	Matt.6.32	ἐπιζητοῦσιν	epizēteō	V-:3PAI-P--
01063207	Matt.6.32	οἶδεν	oida	V-:3XAI-S--
01063208	Matt.6.32	γὰρ	gar	C-:--------
01063209	Matt.6.32	ὁ	ho	RA:----NSM-
01063210	Matt.6.32	πατὴρ	patēr	N-:----NSM-
01063211	Matt.6.32	ὑμῶν	sy	RP:----GP--
01063212	Matt.6.32	ὁ	ho	RA:----NSM-
01063213	Matt.6.32	οὐράνιος	ouranios	A-:----NSM-
01063214	Matt.6.32	ὅτι	hoti	C-:--------
01063215	Matt.6.32	χρῄζετε	chrēzō	V-:2PAI-P--
01063216	Matt.6.32	τούτων	houtos	RD:----GPN-
01063217	Matt.6.32	ἁπάντων	hapas	A-:----GPN-
01063301	Matt.6.33	ζητεῖτε	zēteō	V-:2PAD-P--
01063302	Matt.6.33	δὲ	de	C-:--------
01063303	Matt.6.33	πρῶτον	prōtos	A-:----ASN-
01063304	Matt.6.33	τὴν	ho	RA:----ASF-
01063305	Matt.6.33	βασιλείαν	basileia	N-:----ASF-
01063306	Matt.6.33	καὶ	kai	C-:--------
01063307	Matt.6.33	τὴν	ho	RA:----ASF-
01063308	Matt.6.33	δικαιοσύνην	dikaiosynē	N-:----ASF-
01063309	Matt.6.33	αὐτοῦ	autos	RP:----GSM-
01063310	Matt.6.33	καὶ	kai	C-:--------
01063311	Matt.6.33	ταῦτα	houtos	RD:----NPN-
01063312	Matt.6.33	πάντα	pas	A-:----NPN-
01063313	Matt.6.33	προστεθήσεται	prostithēmi	V-:3FPI-S--
01063314	Matt.6.33	ὑμῖν	sy	RP:----DP--
01063401	Matt.6.34	μὴ	mē	D-:--------
01063402	Matt.6.34	οὖν	oun	C-:--------
01063403	Matt.6.34	μεριμνήσητε	merimnaō	V-:2AAS-P--
01063404	Matt.6.34	εἰς	eis	P-:--------
01063405	Matt.6.34	τὴν	ho	RA:----ASF-
01063406	Matt.6.34	αὔριον	aurion	D-:--------
01063407	Matt.6.34	ἡ	ho	RA:----NSF-
01063408	Matt.6.34	γὰρ	gar	C-:--------
01063409	Matt.6.34	αὔριον	aurion	D-:--------
01063410	Matt.6.34	μεριμνήσει	merimnaō	V-:3FAI-S--
01063411	Matt.6.34	αὑτῆς	heautou	RP:----GSF-
01063412	Matt.6.34	ἀρκετὸν	arketos	A-:----NSN-
01063413	Matt.6.34	τῇ	ho	RA:----DSF-
01063414	Matt.6.34	ἡμέρᾳ	hēmera	N-:----DSF-
01063415	Matt.6.34	ἡ	ho	RA:----NSF-
01063416	Matt.6.34	κακία	kakia	N-:----NSF-
01063417	Matt.6.34	αὐτῆς	autos	RP:----GSF-
01070101	Matt.7.1	Μὴ	mē	D-:--------
01070102	Matt.7.1	κρίνετε	krinō	V-:2PAD-P--
01070103	Matt.7.1	ἵνα	hina	C-:--------
01070104	Matt.7.1	μὴ	mē	D-:--------
01070105	Matt.7.1	κριθῆτε	krinō	V-:2APS-P--
01070201	Matt.7.2	ἐν	en	P-:--------
01070202	Matt.7.2	ᾧ	hos	RR:----DSN-
01070203	Matt.7.2	γὰρ	gar	C-:--------
01070204	Matt.7.2	κρίματι	krima	N-:----DSN-
01070205	Matt.7.2	κρίνετε	krinō	V-:2PAI-P--
01070206	Matt.7.2	κριθήσεσθε	krinō	V-:2FPI-P--
01070207	Matt.7.2	καὶ	kai	C-:--------
01070208	Matt.7.2	ἐν	en	P-:--------
01070209	Matt.7.2	ᾧ	hos	RR:----DSN-
01070210	Matt.7.2	μέτρῳ	metron	N-:----DSN-
01070211	Matt.7.2	μετρεῖτε	metreō	V-:2PAI-P--
01070212	Matt.7.2	μετρηθήσεται	metreō	V-:3FPI-S--
01070213	Matt.7.2	ὑμῖν	sy	RP:----DP--
01070301	Matt.7.3	τί	tis	RI:----ASN-
01070302	Matt.7.3	δὲ	de	C-:--------
01070303	Matt.7.3	βλέπεις	blepō	V-:2PAI-S--
01070304	Matt.7.3	τὸ	ho	RA:----ASN-
01070305	Matt.7.3	κάρφος	karphos	N-:----ASN-
01070306	Matt.7.3	τὸ	ho	RA:----ASN-
01070307	Matt.7.3	ἐν	en	P-:--------
01070308	Matt.7.3	τῷ	ho	RA:----DSM-
01070309	Matt.7.3	ὀφθαλμῷ	ophthalmos	N-:----DSM-
01070310	Matt.7.3	τοῦ	ho	RA:----GSM-
01070311	Matt.7.3	ἀδελφοῦ	adelphos	N-:----GSM-
01070312	Matt.7.3	σου	sy	RP:----GS--
01070313	Matt.7.3	τὴν	ho	RA:----ASF-
01070314	Matt.7.3	δὲ	de	C-:--------
01070315	Matt.7.3	ἐν	en	P-:--------
01070316	Matt.7.3	τῷ	ho	RA:----DSM-
01070317	Matt.7.3	σῷ	sos	A-:----DSM-
01070318	Matt.7.3	ὀφθαλμῷ	ophthalmos	N-:----DSM-
01070319	Matt.7.3	δοκὸν	dokos	N-:----ASF-
01070320	Matt.7.3	οὐ	ou	D-:--------
01070321	Matt.7.3	κατανοεῖς	katanoeō	V-:2PAI-S--
01070401	Matt.7.4	ἢ	ē	C-:--------
01070402	Matt.7.4	πῶς	pōs	D-:--------
01070403	Matt.7.4	ἐρεῖς	legō	V-:2FAI-S--
01070404	Matt.7.4	τῷ	ho	RA:----DSM-
01070405	Matt.7.4	ἀδελφῷ	adelphos	N-:----DSM-
01070406	Matt.7.4	σου	sy	RP:----GS--
01070407	Matt.7.4	Ἄφες	aphiēmi	V-:2AAD-S--
01070408	Matt.7.4	ἐκβάλω	ekballō	V-:1AAS-S--
01070409	Matt.7.4	τὸ	ho	RA:----ASN-
01070410	Matt.7.4	κάρφος	karphos	N-:----ASN-
01070411	Matt.7.4	ἐκ	ek	P-:--------
01070412	Matt.7.4	τοῦ	ho	RA:----GSM-
01070413	Matt.7.4	ὀφθαλμοῦ	ophthalmos	N-:----GSM-
01070414	Matt.7.4	σου	sy	RP:----GS--
01070415	Matt.7.4	καὶ	kai	C-:--------
01070416	Matt.7.4	ἰδοὺ	idou	X-:--------
01070417	Matt.7.4	ἡ	ho	RA:----NSF-
01070418	Matt.7.4	δοκὸς	dokos	N-:----NSF-
01070419	Matt.7.4	ἐν	en	P-:--------
01070420	Matt.7.4	τῷ	ho	RA:----DSM-
01070421	Matt.7.4	ὀφθαλμῷ	ophthalmos	N-:----DSM-
01070422	Matt.7.4	σοῦ	sy	RP:----GS--
01070501	Matt.7.5	ὑποκριτά	hypokritēs	N-:----VSM-
01070502	Matt.7.5	ἔκβαλε	ekballō	V-:2AAD-S--
01070503	Matt.7.5	πρῶτον	prōtos	A-:----ASN-
01070504	Matt.7.5	ἐκ	ek	P-:--------
01070505	Matt.7.5	τοῦ	ho	RA:----GSM-
01070506	Matt.7.5	ὀφθαλμοῦ	ophthalmos	N-:----GSM-
01070507	Matt.7.5	σοῦ	sy	RP:----GS--
01070508	Matt.7.5	τὴν	ho	RA:----ASF-
01070509	Matt.7.5	δοκόν	dokos	N-:----ASF-
01070510	Matt.7.5	καὶ	kai	C-:--------
01070511	Matt.7.5	τότε	tote	D-:--------
01070512	Matt.7.5	διαβλέψεις	diablepō	V-:2FAI-S--
01070513	Matt.7.5	ἐκβαλεῖν	ekballō	V-:-AAN----
01070514	Matt.7.5	τὸ	ho	RA:----ASN-
01070515	Matt.7.5	κάρφος	karphos	N-:----ASN-
01070516	Matt.7.5	ἐκ	ek	P-:--------
01070517	Matt.7.5	τοῦ	ho	RA:----GSM-
01070518	Matt.7.5	ὀφθαλμοῦ	ophthalmos	N-:----GSM-
01070519	Matt.7.5	τοῦ	ho	RA:----GSM-
01070520	Matt.7.5	ἀδελφοῦ	adelphos	N-:----GSM-
01070521	Matt.7.5	σου	sy	RP:----GS--
01070601	Matt.7.6	Μὴ	mē	D-:--------
01070602	Matt.7.6	δῶτε	didōmi	V-:2AAS-P--
01070603	Matt.7.6	τὸ	ho	RA:----ASN-
01070604	Matt.7.6	ἅγιον	hagios	A-:----ASN-
01070605	Matt.7.6	τοῖς	ho	RA:----DPM-
01070606	Matt.7.6	κυσίν	kyōn	N-:----DPM-
01070607	Matt.7.6	μηδὲ	mēde	C-:--------
01070608	Matt.7.6	βάλητε	ballō	V-:2AAS-P--
01070609	Matt.7.6	τοὺς	ho	RA:----APM-
01070610	Matt.7.6	μαργαρίτας	margaritēs	N-:----APM-
01070611	Matt.7.6	ὑμῶν	sy	RP:----GP--
01070612	Matt.7.6	ἔμπροσθεν	emprosthen	P-:--------
01070613	Matt.7.6	τῶν	ho	RA:----GPM-
01070614	Matt.7.6	χοίρων	choiros	N-:----GPM-
01070615	Matt.7.6	μήποτε	mēpote	C-:--------
01070616	Matt.7.6	καταπατήσουσιν	katapateō	V-:3FAI-P--
01070617	Matt.7.6	αὐτοὺς	autos	RP:----APM-
01070618	Matt.7.6	ἐν	en	P-:--------
01070619	Matt.7.6	τοῖς	ho	RA:----DPM-
01070620	Matt.7.6	ποσὶν	pous	N-:----DPM-
01070621	Matt.7.6	αὐτῶν	autos	RP:----GPM-
01070622	Matt.7.6	καὶ	kai	C-:--------
01070623	Matt.7.6	στραφέντες	strephō	V-:-APPNPM-
01070624	Matt.7.6	ῥήξωσιν	rhēgnymi	V-:3AAS-P--
01070625	Matt.7.6	ὑμᾶς	sy	RP:----AP--
01070701	Matt.7.7	Αἰτεῖτε	aiteō	V-:2PAD-P--
01070702	Matt.7.7	καὶ	kai	C-:--------
01070703	Matt.7.7	δοθήσεται	didōmi	V-:3FPI-S--
01070704	Matt.7.7	ὑμῖν	sy	RP:----DP--
01070705	Matt.7.7	ζητεῖτε	zēteō	V-:2PAD-P--
01070706	Matt.7.7	καὶ	kai	C-:--------
01070707	Matt.7.7	εὑρήσετε	heuriskō	V-:2FAI-P--
01070708	Matt.7.7	κρούετε	krouō	V-:2PAD-P--
01070709	Matt.7.7	καὶ	kai	C-:--------
01070710	Matt.7.7	ἀνοιγήσεται	anoigō	V-:3FPI-S--
01070711	Matt.7.7	ὑμῖν	sy	RP:----DP--
01070801	Matt.7.8	πᾶς	pas	A-:----NSM-
01070802	Matt.7.8	γὰρ	gar	C-:--------
01070803	Matt.7.8	ὁ	ho	RA:----NSM-
01070804	Matt.7.8	αἰτῶν	aiteō	V-:-PAPNSM-
01070805	Matt.7.8	λαμβάνει	lambanō	V-:3PAI-S--
01070806	Matt.7.8	καὶ	kai	C-:--------
01070807	Matt.7.8	ὁ	ho	RA:----NSM-
01070808	Matt.7.8	ζητῶν	zēteō	V-:-PAPNSM-
01070809	Matt.7.8	εὑρίσκει	heuriskō	V-:3PAI-S--
01070810	Matt.7.8	καὶ	kai	C-:--------
01070811	Matt.7.8	τῷ	ho	RA:----DSM-
01070812	Matt.7.8	κρούοντι	krouō	V-:-PAPDSM-
01070813	Matt.7.8	ἀνοιγήσεται	anoigō	V-:3FPI-S--
01070901	Matt.7.9	ἢ	ē	C-:--------
01070902	Matt.7.9	τίς	tis	RI:----NSM-
01070903	Matt.7.9	ἐστιν	eimi	V-:3PAI-S--
01070904	Matt.7.9	ἐξ	ek	P-:--------
01070905	Matt.7.9	ὑμῶν	sy	RP:----GP--
01070906	Matt.7.9	ἄνθρωπος	anthrōpos	N-:----NSM-
01070907	Matt.7.9	ὃν	hos	RR:----ASM-
01070908	Matt.7.9	αἰτήσει	aiteō	V-:3FAI-S--
01070909	Matt.7.9	ὁ	ho	RA:----NSM-
01070910	Matt.7.9	υἱὸς	huios	N-:----NSM-
01070911	Matt.7.9	αὐτοῦ	autos	RP:----GSM-
01070912	Matt.7.9	ἄρτον	artos	N-:----ASM-
01070913	Matt.7.9	μὴ	mē	X-:--------
01070914	Matt.7.9	λίθον	lithos	N-:----ASM-
01070915	Matt.7.9	ἐπιδώσει	epididōmi	V-:3FAI-S--
01070916	Matt.7.9	αὐτῷ	autos	RP:----DSM-
01071001	Matt.7.10	ἢ	ē	C-:--------
01071002	Matt.7.10	καὶ	kai	D-:--------
01071003	Matt.7.10	ἰχθὺν	ichthys	N-:----ASM-
01071004	Matt.7.10	αἰτήσει	aiteō	V-:3FAI-S--
01071005	Matt.7.10	μὴ	mē	X-:--------
01071006	Matt.7.10	ὄφιν	ophis	N-:----ASM-
01071007	Matt.7.10	ἐπιδώσει	epididōmi	V-:3FAI-S--
01071008	Matt.7.10	αὐτῷ	autos	RP:----DSM-
01071101	Matt.7.11	εἰ	ei	C-:--------
01071102	Matt.7.11	οὖν	oun	C-:--------
01071103	Matt.7.11	ὑμεῖς	sy	RP:----NP--
01071104	Matt.7.11	πονηροὶ	ponēros	A-:----NPM-
01071105	Matt.7.11	ὄντες	eimi	V-:-PAPNPM-
01071106	Matt.7.11	οἴδατε	oida	V-:2XAI-P--
01071107	Matt.7.11	δόματα	doma	N-:----APN-
01071108	Matt.7.11	ἀγαθὰ	agathos	A-:----APN-
01071109	Matt.7.11	διδόναι	didōmi	V-:-PAN----
01071110	Matt.7.11	τοῖς	ho	RA:----DPN-
01071111	Matt.7.11	τέκνοις	teknon	N-:----DPN-
01071112	Matt.7.11	ὑμῶν	sy	RP:----GP--
01071113	Matt.7.11	πόσῳ	posos	RI:----DSN-
01071114	Matt.7.11	μᾶλλον	mallon	D-:--------
01071115	Matt.7.11	ὁ	ho	RA:----NSM-
01071116	Matt.7.11	πατὴρ	patēr	N-:----NSM-
01071117	Matt.7.11	ὑμῶν	sy	RP:----GP--
01071118	Matt.7.11	ὁ	ho	RA:----NSM-
01071119	Matt.7.11	ἐν	en	P-:--------
01071120	Matt.7.11	τοῖς	ho	RA:----DPM-
01071121	Matt.7.11	οὐρανοῖς	ouranos	N-:----DPM-
01071122	Matt.7.11	δώσει	didōmi	V-:3FAI-S--
01071123	Matt.7.11	ἀγαθὰ	agathos	A-:----APN-
01071124	Matt.7.11	τοῖς	ho	RA:----DPM-
01071125	Matt.7.11	αἰτοῦσιν	aiteō	V-:-PAPDPM-
01071126	Matt.7.11	αὐτόν	autos	RP:----ASM-
01071201	Matt.7.12	Πάντα	pas	A-:----APN-
01071202	Matt.7.12	οὖν	oun	C-:--------
01071203	Matt.7.12	ὅσα	hosos	RR:----APN-
01071204	Matt.7.12	ἐὰν	ean	X-:--------
01071205	Matt.7.12	θέλητε	thelō	V-:2PAS-P--
01071206	Matt.7.12	ἵνα	hina	C-:--------
01071207	Matt.7.12	ποιῶσιν	poieō	V-:3PAS-P--
01071208	Matt.7.12	ὑμῖν	sy	RP:----DP--
01071209	Matt.7.12	οἱ	ho	RA:----NPM-
01071210	Matt.7.12	ἄνθρωποι	anthrōpos	N-:----NPM-
01071211	Matt.7.12	οὕτως	houtō(s)	D-:--------
01071212	Matt.7.12	καὶ	kai	D-:--------
01071213	Matt.7.12	ὑμεῖς	sy	RP:----NP--
01071214	Matt.7.12	ποιεῖτε	poieō	V-:2PAD-P--
01071215	Matt.7.12	αὐτοῖς	autos	RP:----DPM-
01071216	Matt.7.12	οὗτος	houtos	RD:----NSM-
01071217	Matt.7.12	γάρ	gar	C-:--------
01071218	Matt.7.12	ἐστιν	eimi	V-:3PAI-S--
01071219	Matt.7.12	ὁ	ho	RA:----NSM-
01071220	Matt.7.12	νόμος	nomos	N-:----NSM-
01071221	Matt.7.12	καὶ	kai	C-:--------
01071222	Matt.7.12	οἱ	ho	RA:----NPM-
01071223	Matt.7.12	προφῆται	prophētēs	N-:----NPM-
01071301	Matt.7.13	Εἰσέλθατε	eiserchomai	V-:2AAD-P--
01071302	Matt.7.13	διὰ	dia	P-:--------
01071303	Matt.7.13	τῆς	ho	RA:----GSF-
01071304	Matt.7.13	στενῆς	stenos	A-:----GSF-
01071305	Matt.7.13	πύλης	pylē	N-:----GSF-
01071306	Matt.7.13	ὅτι	hoti	C-:--------
01071307	Matt.7.13	πλατεῖα	plateia	A-:----NSF-
01071308	Matt.7.13	ἡ	ho	RA:----NSF-
01071309	Matt.7.13	πύλη	pylē	N-:----NSF-
01071310	Matt.7.13	καὶ	kai	C-:--------
01071311	Matt.7.13	εὐρύχωρος	eurychōros	A-:----NSF-
01071312	Matt.7.13	ἡ	ho	RA:----NSF-
01071313	Matt.7.13	ὁδὸς	hodos	N-:----NSF-
01071314	Matt.7.13	ἡ	ho	RA:----NSF-
01071315	Matt.7.13	ἀπάγουσα	apagō	V-:-PAPNSF-
01071316	Matt.7.13	εἰς	eis	P-:--------
01071317	Matt.7.13	τὴν	ho	RA:----ASF-
01071318	Matt.7.13	ἀπώλειαν	apōleia	N-:----ASF-
01071319	Matt.7.13	καὶ	kai	C-:--------
01071320	Matt.7.13	πολλοί	polys	A-:----NPM-
01071321	Matt.7.13	εἰσιν	eimi	V-:3PAI-P--
01071322	Matt.7.13	οἱ	ho	RA:----NPM-
01071323	Matt.7.13	εἰσερχόμενοι	eiserchomai	V-:-PMPNPM-
01071324	Matt.7.13	δι’	dia	P-:--------
01071325	Matt.7.13	αὐτῆς	autos	RP:----GSF-
01071401	Matt.7.14	ὅτι	hoti	C-:--------
01071402	Matt.7.14	στενὴ	stenos	A-:----NSF-
01071403	Matt.7.14	ἡ	ho	RA:----NSF-
01071404	Matt.7.14	πύλη	pylē	N-:----NSF-
01071405	Matt.7.14	καὶ	kai	C-:--------
01071406	Matt.7.14	τεθλιμμένη	thlibō	V-:-XPPNSF-
01071407	Matt.7.14	ἡ	ho	RA:----NSF-
01071408	Matt.7.14	ὁδὸς	hodos	N-:----NSF-
01071409	Matt.7.14	ἡ	ho	RA:----NSF-
01071410	Matt.7.14	ἀπάγουσα	apagō	V-:-PAPNSF-
01071411	Matt.7.14	εἰς	eis	P-:--------
01071412	Matt.7.14	τὴν	ho	RA:----ASF-
01071413	Matt.7.14	ζωήν	zōē	N-:----ASF-
01071414	Matt.7.14	καὶ	kai	C-:--------
01071415	Matt.7.14	ὀλίγοι	oligos	A-:----NPM-
01071416	Matt.7.14	εἰσὶν	eimi	V-:3PAI-P--
01071417	Matt.7.14	οἱ	ho	RA:----NPM-
01071418	Matt.7.14	εὑρίσκοντες	heuriskō	V-:-PAPNPM-
01071419	Matt.7.14	αὐτήν	autos	RP:----ASF-
01071501	Matt.7.15	Προσέχετε	prosechō	V-:2PAD-P--
01071502	Matt.7.15	ἀπὸ	apo	P-:--------
01071503	Matt.7.15	τῶν	ho	RA:----GPM-
01071504	Matt.7.15	ψευδοπροφητῶν	pseudoprophētēs	N-:----GPM-
01071505	Matt.7.15	οἵτινες	hostis	RR:----NPM-
01071506	Matt.7.15	ἔρχονται	erchomai	V-:3PMI-P--
01071507	Matt.7.15	πρὸς	pros	P-:--------
01071508	Matt.7.15	ὑμᾶς	sy	RP:----AP--
01071509	Matt.7.15	ἐν	en	P-:--------
01071510	Matt.7.15	ἐνδύμασι	endyma	N-:----DPN-
01071511	Matt.7.15	προβάτων	probaton	N-:----GPN-
01071512	Matt.7.15	ἔσωθεν	esōthen	D-:--------
01071513	Matt.7.15	δέ	de	C-:--------
01071514	Matt.7.15	εἰσιν	eimi	V-:3PAI-P--
01071515	Matt.7.15	λύκοι	lykos	N-:----NPM-
01071516	Matt.7.15	ἅρπαγες	harpax	A-:----NPM-
01071601	Matt.7.16	ἀπὸ	apo	P-:--------
01071602	Matt.7.16	τῶν	ho	RA:----GPM-
01071603	Matt.7.16	καρπῶν	karpos	N-:----GPM-
01071604	Matt.7.16	αὐτῶν	autos	RP:----GPM-
01071605	Matt.7.16	ἐπιγνώσεσθε	epiginōskō	V-:2FMI-P--
01071606	Matt.7.16	αὐτούς	autos	RP:----APM-
01071607	Matt.7.16	μήτι	mēti	X-:--------
01071608	Matt.7.16	συλλέγουσιν	syllegō	V-:3PAI-P--
01071609	Matt.7.16	ἀπὸ	apo	P-:--------
01071610	Matt.7.16	ἀκανθῶν	akantha	N-:----GPF-
01071611	Matt.7.16	σταφυλὰς	staphylē	N-:----APF-
01071612	Matt.7.16	ἢ	ē	C-:--------
01071613	Matt.7.16	ἀπὸ	apo	P-:--------
01071614	Matt.7.16	τριβόλων	tribolos	N-:----GPM-
01071615	Matt.7.16	σῦκα	sykon	N-:----APN-
01071701	Matt.7.17	οὕτως	houtō(s)	D-:--------
01071702	Matt.7.17	πᾶν	pas	A-:----NSN-
01071703	Matt.7.17	δένδρον	dendron	N-:----NSN-
01071704	Matt.7.17	ἀγαθὸν	agathos	A-:----NSN-
01071705	Matt.7.17	καρποὺς	karpos	N-:----APM-
01071706	Matt.7.17	καλοὺς	kalos	A-:----APM-
01071707	Matt.7.17	ποιεῖ	poieō	V-:3PAI-S--
01071708	Matt.7.17	τὸ	ho	RA:----NSN-
01071709	Matt.7.17	δὲ	de	C-:--------
01071710	Matt.7.17	σαπρὸν	sapros	A-:----NSN-
01071711	Matt.7.17	δένδρον	dendron	N-:----NSN-
01071712	Matt.7.17	καρποὺς	karpos	N-:----APM-
01071713	Matt.7.17	πονηροὺς	ponēros	A-:----APM-
01071714	Matt.7.17	ποιεῖ	poieō	V-:3PAI-S--
01071801	Matt.7.18	οὐ	ou	D-:--------
01071802	Matt.7.18	δύναται	dynamai	V-:3PMI-S--
01071803	Matt.7.18	δένδρον	dendron	N-:----NSN-
01071804	Matt.7.18	ἀγαθὸν	agathos	A-:----NSN-
01071805	Matt.7.18	καρποὺς	karpos	N-:----APM-
01071806	Matt.7.18	πονηροὺς	ponēros	A-:----APM-
01071807	Matt.7.18	ποιεῖν	poieō	V-:-PAN----
01071808	Matt.7.18	οὐδὲ	oude	C-:--------
01071809	Matt.7.18	δένδρον	dendron	N-:----NSN-
01071810	Matt.7.18	σαπρὸν	sapros	A-:----NSN-
01071811	Matt.7.18	καρποὺς	karpos	N-:----APM-
01071812	Matt.7.18	καλοὺς	kalos	A-:----APM-
01071813	Matt.7.18	ποιεῖν	poieō	V-:-PAN----
01071901	Matt.7.19	πᾶν	pas	A-:----NSN-
01071902	Matt.7.19	δένδρον	dendron	N-:----NSN-
01071903	Matt.7.19	μὴ	mē	D-:--------
01071904	Matt.7.19	ποιοῦν	poieō	V-:-PAPNSN-
01071905	Matt.7.19	καρπὸν	karpos	N-:----ASM-
01071906	Matt.7.19	καλὸν	kalos	A-:----ASM-
01071907	Matt.7.19	ἐκκόπτεται	ekkoptō	V-:3PPI-S--
01071908	Matt.7.19	καὶ	kai	C-:--------
01071909	Matt.7.19	εἰς	eis	P-:--------
01071910	Matt.7.19	πῦρ	pyr	N-:----ASN-
01071911	Matt.7.19	βάλλεται	ballō	V-:3PPI-S--
01072001	Matt.7.20	ἄρα	ara	C-:--------
01072002	Matt.7.20	γε	ge	X-:--------
01072003	Matt.7.20	ἀπὸ	apo	P-:--------
01072004	Matt.7.20	τῶν	ho	RA:----GPM-
01072005	Matt.7.20	καρπῶν	karpos	N-:----GPM-
01072006	Matt.7.20	αὐτῶν	autos	RP:----GPM-
01072007	Matt.7.20	ἐπιγνώσεσθε	epiginōskō	V-:2FMI-P--
01072008	Matt.7.20	αὐτούς	autos	RP:----APM-
01072101	Matt.7.21	Οὐ	ou	D-:--------
01072102	Matt.7.21	πᾶς	pas	A-:----NSM-
01072103	Matt.7.21	ὁ	ho	RA:----NSM-
01072104	Matt.7.21	λέγων	legō	V-:-PAPNSM-
01072105	Matt.7.21	μοι	egō	RP:----DS--
01072106	Matt.7.21	Κύριε	kyrios	N-:----VSM-
01072107	Matt.7.21	κύριε	kyrios	N-:----VSM-
01072108	Matt.7.21	εἰσελεύσεται	eiserchomai	V-:3FMI-S--
01072109	Matt.7.21	εἰς	eis	P-:--------
01072110	Matt.7.21	τὴν	ho	RA:----ASF-
01072111	Matt.7.21	βασιλείαν	basileia	N-:----ASF-
01072112	Matt.7.21	τῶν	ho	RA:----GPM-
01072113	Matt.7.21	οὐρανῶν	ouranos	N-:----GPM-
01072114	Matt.7.21	ἀλλ’	alla	C-:--------
01072115	Matt.7.21	ὁ	ho	RA:----NSM-
01072116	Matt.7.21	ποιῶν	poieō	V-:-PAPNSM-
01072117	Matt.7.21	τὸ	ho	RA:----ASN-
01072118	Matt.7.21	θέλημα	thelēma	N-:----ASN-
01072119	Matt.7.21	τοῦ	ho	RA:----GSM-
01072120	Matt.7.21	πατρός	patēr	N-:----GSM-
01072121	Matt.7.21	μου	egō	RP:----GS--
01072122	Matt.7.21	τοῦ	ho	RA:----GSM-
01072123	Matt.7.21	ἐν	en	P-:--------
01072124	Matt.7.21	τοῖς	ho	RA:----DPM-
01072125	Matt.7.21	οὐρανοῖς	ouranos	N-:----DPM-
01072201	Matt.7.22	πολλοὶ	polys	A-:----NPM-
01072202	Matt.7.22	ἐροῦσίν	legō	V-:3FAI-P--
01072203	Matt.7.22	μοι	egō	RP:----DS--
01072204	Matt.7.22	ἐν	en	P-:--------
01072205	Matt.7.22	ἐκείνῃ	ekeinos	RD:----DSF-
01072206	Matt.7.22	τῇ	ho	RA:----DSF-
01072207	Matt.7.22	ἡμέρᾳ	hēmera	N-:----DSF-
01072208	Matt.7.22	Κύριε	kyrios	N-:----VSM-
01072209	Matt.7.22	κύριε	kyrios	N-:----VSM-
01072210	Matt.7.22	οὐ	ou	X-:--------
01072211	Matt.7.22	τῷ	ho	RA:----DSN-
01072212	Matt.7.22	σῷ	sos	A-:----DSN-
01072213	Matt.7.22	ὀνόματι	onoma	N-:----DSN-
01072214	Matt.7.22	ἐπροφητεύσαμεν	prophēteuō	V-:1AAI-P--
01072215	Matt.7.22	καὶ	kai	C-:--------
01072216	Matt.7.22	τῷ	ho	RA:----DSN-
01072217	Matt.7.22	σῷ	sos	A-:----DSN-
01072218	Matt.7.22	ὀνόματι	onoma	N-:----DSN-
01072219	Matt.7.22	δαιμόνια	daimonion	N-:----APN-
01072220	Matt.7.22	ἐξεβάλομεν	ekballō	V-:1AAI-P--
01072221	Matt.7.22	καὶ	kai	C-:--------
01072222	Matt.7.22	τῷ	ho	RA:----DSN-
01072223	Matt.7.22	σῷ	sos	A-:----DSN-
01072224	Matt.7.22	ὀνόματι	onoma	N-:----DSN-
01072225	Matt.7.22	δυνάμεις	dynamis	N-:----APF-
01072226	Matt.7.22	πολλὰς	polys	A-:----APF-
01072227	Matt.7.22	ἐποιήσαμεν	poieō	V-:1AAI-P--
01072301	Matt.7.23	καὶ	kai	C-:--------
01072302	Matt.7.23	τότε	tote	D-:--------
01072303	Matt.7.23	ὁμολογήσω	homologeō	V-:1FAI-S--
01072304	Matt.7.23	αὐτοῖς	autos	RP:----DPM-
01072305	Matt.7.23	ὅτι	hoti	C-:--------
01072306	Matt.7.23	Οὐδέποτε	oudepote	D-:--------
01072307	Matt.7.23	ἔγνων	ginōskō	V-:1AAI-S--
01072308	Matt.7.23	ὑμᾶς	sy	RP:----AP--
01072309	Matt.7.23	ἀποχωρεῖτε	apochōreō	V-:2PAD-P--
01072310	Matt.7.23	ἀπ’	apo	P-:--------
01072311	Matt.7.23	ἐμοῦ	egō	RP:----GS--
01072312	Matt.7.23	οἱ	ho	RA:----NPM-
01072313	Matt.7.23	ἐργαζόμενοι	ergazomai	V-:-PMPNPM-
01072314	Matt.7.23	τὴν	ho	RA:----ASF-
01072315	Matt.7.23	ἀνομίαν	anomia	N-:----ASF-
01072401	Matt.7.24	Πᾶς	pas	A-:----NSM-
01072402	Matt.7.24	οὖν	oun	C-:--------
01072403	Matt.7.24	ὅστις	hostis	RR:----NSM-
01072404	Matt.7.24	ἀκούει	akouō	V-:3PAI-S--
01072405	Matt.7.24	μου	egō	RP:----GS--
01072406	Matt.7.24	τοὺς	ho	RA:----APM-
01072407	Matt.7.24	λόγους	logos	N-:----APM-
01072408	Matt.7.24	τούτους	houtos	RD:----APM-
01072409	Matt.7.24	καὶ	kai	C-:--------
01072410	Matt.7.24	ποιεῖ	poieō	V-:3PAI-S--
01072411	Matt.7.24	αὐτούς	autos	RP:----APM-
01072412	Matt.7.24	ὁμοιωθήσεται	homoioō	V-:3FPI-S--
01072413	Matt.7.24	ἀνδρὶ	anēr	N-:----DSM-
01072414	Matt.7.24	φρονίμῳ	phronimos	A-:----DSM-
01072415	Matt.7.24	ὅστις	hostis	RR:----NSM-
01072416	Matt.7.24	ᾠκοδόμησεν	oikodomeō	V-:3AAI-S--
01072417	Matt.7.24	αὐτοῦ	autos	RP:----GSM-
01072418	Matt.7.24	τὴν	ho	RA:----ASF-
01072419	Matt.7.24	οἰκίαν	oikia	N-:----ASF-
01072420	Matt.7.24	ἐπὶ	epi	P-:--------
01072421	Matt.7.24	τὴν	ho	RA:----ASF-
01072422	Matt.7.24	πέτραν	petra	N-:----ASF-
01072501	Matt.7.25	καὶ	kai	C-:--------
01072502	Matt.7.25	κατέβη	katabainō	V-:3AAI-S--
01072503	Matt.7.25	ἡ	ho	RA:----NSF-
01072504	Matt.7.25	βροχὴ	brochē	N-:----NSF-
01072505	Matt.7.25	καὶ	kai	C-:--------
01072506	Matt.7.25	ἦλθον	erchomai	V-:3AAI-P--
01072507	Matt.7.25	οἱ	ho	RA:----NPM-
01072508	Matt.7.25	ποταμοὶ	potamos	N-:----NPM-
01072509	Matt.7.25	καὶ	kai	C-:--------
01072510	Matt.7.25	ἔπνευσαν	pneō	V-:3AAI-P--
01072511	Matt.7.25	οἱ	ho	RA:----NPM-
01072512	Matt.7.25	ἄνεμοι	anemos	N-:----NPM-
01072513	Matt.7.25	καὶ	kai	C-:--------
01072514	Matt.7.25	προσέπεσαν	prospiptō	V-:3AAI-P--
01072515	Matt.7.25	τῇ	ho	RA:----DSF-
01072516	Matt.7.25	οἰκίᾳ	oikia	N-:----DSF-
01072517	Matt.7.25	ἐκείνῃ	ekeinos	RD:----DSF-
01072518	Matt.7.25	καὶ	kai	C-:--------
01072519	Matt.7.25	οὐκ	ou	D-:--------
01072520	Matt.7.25	ἔπεσεν	piptō	V-:3AAI-S--
01072521	Matt.7.25	τεθεμελίωτο	themelioō	V-:3YPI-S--
01072522	Matt.7.25	γὰρ	gar	C-:--------
01072523	Matt.7.25	ἐπὶ	epi	P-:--------
01072524	Matt.7.25	τὴν	ho	RA:----ASF-
01072525	Matt.7.25	πέτραν	petra	N-:----ASF-
01072601	Matt.7.26	καὶ	kai	C-:--------
01072602	Matt.7.26	πᾶς	pas	A-:----NSM-
01072603	Matt.7.26	ὁ	ho	RA:----NSM-
01072604	Matt.7.26	ἀκούων	akouō	V-:-PAPNSM-
01072605	Matt.7.26	μου	egō	RP:----GS--
01072606	Matt.7.26	τοὺς	ho	RA:----APM-
01072607	Matt.7.26	λόγους	logos	N-:----APM-
01072608	Matt.7.26	τούτους	houtos	RD:----APM-
01072609	Matt.7.26	καὶ	kai	C-:--------
01072610	Matt.7.26	μὴ	mē	D-:--------
01072611	Matt.7.26	ποιῶν	poieō	V-:-PAPNSM-
01072612	Matt.7.26	αὐτοὺς	autos	RP:----APM-
01072613	Matt.7.26	ὁμοιωθήσεται	homoioō	V-:3FPI-S--
01072614	Matt.7.26	ἀνδρὶ	anēr	N-:----DSM-
01072615	Matt.7.26	μωρῷ	mōros	A-:----DSM-
01072616	Matt.7.26	ὅστις	hostis	RR:----NSM-
01072617	Matt.7.26	ᾠκοδόμησεν	oikodomeō	V-:3AAI-S--
01072618	Matt.7.26	αὐτοῦ	autos	RP:----GSM-
01072619	Matt.7.26	τὴν	ho	RA:----ASF-
01072620	Matt.7.26	οἰκίαν	oikia	N-:----ASF-
01072621	Matt.7.26	ἐπὶ	epi	P-:--------
01072622	Matt.7.26	τὴν	ho	RA:----ASF-
01072623	Matt.7.26	ἄμμον	ammos	N-:----ASF-
01072701	Matt.7.27	καὶ	kai	C-:--------
01072702	Matt.7.27	κατέβη	katabainō	V-:3AAI-S--
01072703	Matt.7.27	ἡ	ho	RA:----NSF-
01072704	Matt.7.27	βροχὴ	brochē	N-:----NSF-
01072705	Matt.7.27	καὶ	kai	C-:--------
01072706	Matt.7.27	ἦλθον	erchomai	V-:3AAI-P--
01072707	Matt.7.27	οἱ	ho	RA:----NPM-
01072708	Matt.7.27	ποταμοὶ	potamos	N-:----NPM-
01072709	Matt.7.27	καὶ	kai	C-:--------
01072710	Matt.7.27	ἔπνευσαν	pneō	V-:3AAI-P--
01072711	Matt.7.27	οἱ	ho	RA:----NPM-
01072712	Matt.7.27	ἄνεμοι	anemos	N-:----NPM-
01072713	Matt.7.27	καὶ	kai	C-:--------
01072714	Matt.7.27	προσέκοψαν	proskoptō	V-:3AAI-P--
01072715	Matt.7.27	τῇ	ho	RA:----DSF-
01072716	Matt.7.27	οἰκίᾳ	oikia	N-:----DSF-
01072717	Matt.7.27	ἐκείνῃ	ekeinos	RD:----DSF-
01072718	Matt.7.27	καὶ	kai	C-:--------
01072719	Matt.7.27	ἔπεσεν	piptō	V-:3AAI-S--
01072720	Matt.7.27	καὶ	kai	C-:--------
01072721	Matt.7.27	ἦν	eimi	V-:3IAI-S--
01072722	Matt.7.27	ἡ	ho	RA:----NSF-
01072723	Matt.7.27	πτῶσις	ptōsis	N-:----NSF-
01072724	Matt.7.27	αὐτῆς	autos	RP:----GSF-
01072725	Matt.7.27	μεγάλη	megas	A-:----NSF-
01072801	Matt.7.28	Καὶ	kai	C-:--------
01072802	Matt.7.28	ἐγένετο	ginomai	V-:3AMI-S--
01072803	Matt.7.28	ὅτε	hote	C-:--------
01072804	Matt.7.28	ἐτέλεσεν	teleō	V-:3AAI-S--
01072805	Matt.7.28	ὁ	ho	RA:----NSM-
01072806	Matt.7.28	Ἰησοῦς	iēsous	N-:----NSM-
01072807	Matt.7.28	τοὺς	ho	RA:----APM-
01072808	Matt.7.28	λόγους	logos	N-:----APM-
01072809	Matt.7.28	τούτους	houtos	RD:----APM-
01072810	Matt.7.28	ἐξεπλήσσοντο	ekplēssomai	V-:3IPI-P--
01072811	Matt.7.28	οἱ	ho	RA:----NPM-
01072812	Matt.7.28	ὄχλοι	ochlos	N-:----NPM-
01072813	Matt.7.28	ἐπὶ	epi	P-:--------
01072814	Matt.7.28	τῇ	ho	RA:----DSF-
01072815	Matt.7.28	διδαχῇ	didachē	N-:----DSF-
01072816	Matt.7.28	αὐτοῦ	autos	RP:----GSM-
01072901	Matt.7.29	ἦν	eimi	V-:3IAI-S--
01072902	Matt.7.29	γὰρ	gar	C-:--------
01072903	Matt.7.29	διδάσκων	didaskō	V-:-PAPNSM-
01072904	Matt.7.29	αὐτοὺς	autos	RP:----APM-
01072905	Matt.7.29	ὡς	hōs	C-:--------
01072906	Matt.7.29	ἐξουσίαν	exousia	N-:----ASF-
01072907	Matt.7.29	ἔχων	echō	V-:-PAPNSM-
01072908	Matt.7.29	καὶ	kai	C-:--------
01072909	Matt.7.29	οὐχ	ou	D-:--------
01072910	Matt.7.29	ὡς	hōs	C-:--------
01072911	Matt.7.29	οἱ	ho	RA:----NPM-
01072912	Matt.7.29	γραμματεῖς	grammateus	N-:----NPM-
01072913	Matt.7.29	αὐτῶν	autos	RP:----GPM-
01080101	Matt.8.1	Καταβάντος	katabainō	V-:-AAPGSM-
01080102	Matt.8.1	δὲ	de	C-:--------
01080103	Matt.8.1	αὐτοῦ	autos	RP:----GSM-
01080104	Matt.8.1	ἀπὸ	apo	P-:--------
01080105	Matt.8.1	τοῦ	ho	RA:----GSN-
01080106	Matt.8.1	ὄρους	oros	N-:----GSN-
01080107	Matt.8.1	ἠκολούθησαν	akoloutheō	V-:3AAI-P--
01080108	Matt.8.1	αὐτῷ	autos	RP:----DSM-
01080109	Matt.8.1	ὄχλοι	ochlos	N-:----NPM-
01080110	Matt.8.1	πολλοί	polys	A-:----NPM-
01080201	Matt.8.2	καὶ	kai	C-:--------
01080202	Matt.8.2	ἰδοὺ	idou	X-:--------
01080203	Matt.8.2	λεπρὸς	lepros	A-:----NSM-
01080204	Matt.8.2	προσελθὼν	proserchomai	V-:-AAPNSM-
01080205	Matt.8.2	προσεκύνει	proskyneō	V-:3IAI-S--
01080206	Matt.8.2	αὐτῷ	autos	RP:----DSM-
01080207	Matt.8.2	λέγων	legō	V-:-PAPNSM-
01080208	Matt.8.2	Κύριε	kyrios	N-:----VSM-
01080209	Matt.8.2	ἐὰν	ean	C-:--------
01080210	Matt.8.2	θέλῃς	thelō	V-:2PAS-S--
01080211	Matt.8.2	δύνασαί	dynamai	V-:2PMI-S--
01080212	Matt.8.2	με	egō	RP:----AS--
01080213	Matt.8.2	καθαρίσαι	katharizō	V-:-AAN----
01080301	Matt.8.3	καὶ	kai	C-:--------
01080302	Matt.8.3	ἐκτείνας	ekteinō	V-:-AAPNSM-
01080303	Matt.8.3	τὴν	ho	RA:----ASF-
01080304	Matt.8.3	χεῖρα	cheir	N-:----ASF-
01080305	Matt.8.3	ἥψατο	haptō	V-:3AMI-S--
01080306	Matt.8.3	αὐτοῦ	autos	RP:----GSM-
01080307	Matt.8.3	λέγων	legō	V-:-PAPNSM-
01080308	Matt.8.3	Θέλω	thelō	V-:1PAI-S--
01080309	Matt.8.3	καθαρίσθητι	katharizō	V-:2APD-S--
01080310	Matt.8.3	καὶ	kai	C-:--------
01080311	Matt.8.3	εὐθέως	eutheōs	D-:--------
01080312	Matt.8.3	ἐκαθαρίσθη	katharizō	V-:3API-S--
01080313	Matt.8.3	αὐτοῦ	autos	RP:----GSM-
01080314	Matt.8.3	ἡ	ho	RA:----NSF-
01080315	Matt.8.3	λέπρα	lepra	N-:----NSF-
01080401	Matt.8.4	καὶ	kai	C-:--------
01080402	Matt.8.4	λέγει	legō	V-:3PAI-S--
01080403	Matt.8.4	αὐτῷ	autos	RP:----DSM-
01080404	Matt.8.4	ὁ	ho	RA:----NSM-
01080405	Matt.8.4	Ἰησοῦς	iēsous	N-:----NSM-
01080406	Matt.8.4	Ὅρα	horaō	V-:2PAD-S--
01080407	Matt.8.4	μηδενὶ	mēdeis	A-:----DSM-
01080408	Matt.8.4	εἴπῃς	legō	V-:2AAS-S--
01080409	Matt.8.4	ἀλλὰ	alla	C-:--------
01080410	Matt.8.4	ὕπαγε	hypagō	V-:2PAD-S--
01080411	Matt.8.4	σεαυτὸν	seautou	RP:----ASM-
01080412	Matt.8.4	δεῖξον	deiknymi	V-:2AAD-S--
01080413	Matt.8.4	τῷ	ho	RA:----DSM-
01080414	Matt.8.4	ἱερεῖ	hiereus	N-:----DSM-
01080415	Matt.8.4	καὶ	kai	C-:--------
01080416	Matt.8.4	προσένεγκον	prospherō	V-:2AAD-S--
01080417	Matt.8.4	τὸ	ho	RA:----ASN-
01080418	Matt.8.4	δῶρον	dōron	N-:----ASN-
01080419	Matt.8.4	ὃ	hos	RR:----ASN-
01080420	Matt.8.4	προσέταξεν	prostassō	V-:3AAI-S--
01080421	Matt.8.4	Μωϋσῆς	mōysēs	N-:----NSM-
01080422	Matt.8.4	εἰς	eis	P-:--------
01080423	Matt.8.4	μαρτύριον	martyrion	N-:----ASN-
01080424	Matt.8.4	αὐτοῖς	autos	RP:----DPM-
01080501	Matt.8.5	Εἰσελθόντος	eiserchomai	V-:-AAPGSM-
01080502	Matt.8.5	δὲ	de	C-:--------
01080503	Matt.8.5	αὐτοῦ	autos	RP:----GSM-
01080504	Matt.8.5	εἰς	eis	P-:--------
01080505	Matt.8.5	Καφαρναοὺμ	kapharnaoum	N-:----ASF-
01080506	Matt.8.5	προσῆλθεν	proserchomai	V-:3AAI-S--
01080507	Matt.8.5	αὐτῷ	autos	RP:----DSM-
01080508	Matt.8.5	ἑκατόνταρχος	hekatontarchos	N-:----NSM-
01080509	Matt.8.5	παρακαλῶν	parakaleō	V-:-PAPNSM-
01080510	Matt.8.5	αὐτὸν	autos	RP:----ASM-
01080601	Matt.8.6	καὶ	kai	C-:--------
01080602	Matt.8.6	λέγων	legō	V-:-PAPNSM-
01080603	Matt.8.6	Κύριε	kyrios	N-:----VSM-
01080604	Matt.8.6	ὁ	ho	RA:----NSM-
01080605	Matt.8.6	παῖς	pais	N-:----NSM-
01080606	Matt.8.6	μου	egō	RP:----GS--
01080607	Matt.8.6	βέβληται	ballō	V-:3XPI-S--
01080608	Matt.8.6	ἐν	en	P-:--------
01080609	Matt.8.6	τῇ	ho	RA:----DSF-
01080610	Matt.8.6	οἰκίᾳ	oikia	N-:----DSF-
01080611	Matt.8.6	παραλυτικός	paralytikos	A-:----NSM-
01080612	Matt.8.6	δεινῶς	deinōs	D-:--------
01080613	Matt.8.6	βασανιζόμενος	basanizō	V-:-PPPNSM-
01080701	Matt.8.7	καὶ	kai	C-:--------
01080702	Matt.8.7	λέγει	legō	V-:3PAI-S--
01080703	Matt.8.7	αὐτῷ	autos	RP:----DSM-
01080704	Matt.8.7	Ἐγὼ	egō	RP:----NS--
01080705	Matt.8.7	ἐλθὼν	erchomai	V-:-AAPNSM-
01080706	Matt.8.7	θεραπεύσω	therapeuō	V-:1FAI-S--
01080707	Matt.8.7	αὐτόν	autos	RP:----ASM-
01080801	Matt.8.8	καὶ	kai	C-:--------
01080802	Matt.8.8	ἀποκριθεὶς	apokrinomai	V-:-APPNSM-
01080803	Matt.8.8	ὁ	ho	RA:----NSM-
01080804	Matt.8.8	ἑκατόνταρχος	hekatontarchos	N-:----NSM-
01080805	Matt.8.8	ἔφη	phēmi	V-:3IAI-S--
01080806	Matt.8.8	Κύριε	kyrios	N-:----VSM-
01080807	Matt.8.8	οὐκ	ou	D-:--------
01080808	Matt.8.8	εἰμὶ	eimi	V-:1PAI-S--
01080809	Matt.8.8	ἱκανὸς	hikanos	A-:----NSM-
01080810	Matt.8.8	ἵνα	hina	C-:--------
01080811	Matt.8.8	μου	egō	RP:----GS--
01080812	Matt.8.8	ὑπὸ	hypo	P-:--------
01080813	Matt.8.8	τὴν	ho	RA:----ASF-
01080814	Matt.8.8	στέγην	stegē	N-:----ASF-
01080815	Matt.8.8	εἰσέλθῃς	eiserchomai	V-:2AAS-S--
01080816	Matt.8.8	ἀλλὰ	alla	C-:--------
01080817	Matt.8.8	μόνον	monos	A-:----ASN-
01080818	Matt.8.8	εἰπὲ	legō	V-:2AAD-S--
01080819	Matt.8.8	λόγῳ	logos	N-:----DSM-
01080820	Matt.8.8	καὶ	kai	C-:--------
01080821	Matt.8.8	ἰαθήσεται	iaomai	V-:3FPI-S--
01080822	Matt.8.8	ὁ	ho	RA:----NSM-
01080823	Matt.8.8	παῖς	pais	N-:----NSM-
01080824	Matt.8.8	μου	egō	RP:----GS--
01080901	Matt.8.9	καὶ	kai	D-:--------
01080902	Matt.8.9	γὰρ	gar	C-:--------
01080903	Matt.8.9	ἐγὼ	egō	RP:----NS--
01080904	Matt.8.9	ἄνθρωπός	anthrōpos	N-:----NSM-
01080905	Matt.8.9	εἰμι	eimi	V-:1PAI-S--
01080906	Matt.8.9	ὑπὸ	hypo	P-:--------
01080907	Matt.8.9	ἐξουσίαν	exousia	N-:----ASF-
01080908	Matt.8.9	ἔχων	echō	V-:-PAPNSM-
01080909	Matt.8.9	ὑπ’	hypo	P-:--------
01080910	Matt.8.9	ἐμαυτὸν	emautou	RP:----ASM-
01080911	Matt.8.9	στρατιώτας	stratiōtēs	N-:----APM-
01080912	Matt.8.9	καὶ	kai	C-:--------
01080913	Matt.8.9	λέγω	legō	V-:1PAI-S--
01080914	Matt.8.9	τούτῳ	houtos	RD:----DSM-
01080915	Matt.8.9	Πορεύθητι	poreuomai	V-:2APD-S--
01080916	Matt.8.9	καὶ	kai	C-:--------
01080917	Matt.8.9	πορεύεται	poreuomai	V-:3PMI-S--
01080918	Matt.8.9	καὶ	kai	C-:--------
01080919	Matt.8.9	ἄλλῳ	allos	A-:----DSM-
01080920	Matt.8.9	Ἔρχου	erchomai	V-:2PMD-S--
01080921	Matt.8.9	καὶ	kai	C-:--------
01080922	Matt.8.9	ἔρχεται	erchomai	V-:3PMI-S--
01080923	Matt.8.9	καὶ	kai	C-:--------
01080924	Matt.8.9	τῷ	ho	RA:----DSM-
01080925	Matt.8.9	δούλῳ	doulos	N-:----DSM-
01080926	Matt.8.9	μου	egō	RP:----GS--
01080927	Matt.8.9	Ποίησον	poieō	V-:2AAD-S--
01080928	Matt.8.9	τοῦτο	houtos	RD:----ASN-
01080929	Matt.8.9	καὶ	kai	C-:--------
01080930	Matt.8.9	ποιεῖ	poieō	V-:3PAI-S--
01081001	Matt.8.10	ἀκούσας	akouō	V-:-AAPNSM-
01081002	Matt.8.10	δὲ	de	C-:--------
01081003	Matt.8.10	ὁ	ho	RA:----NSM-
01081004	Matt.8.10	Ἰησοῦς	iēsous	N-:----NSM-
01081005	Matt.8.10	ἐθαύμασεν	thaumazō	V-:3AAI-S--
01081006	Matt.8.10	καὶ	kai	C-:--------
01081007	Matt.8.10	εἶπεν	legō	V-:3AAI-S--
01081008	Matt.8.10	τοῖς	ho	RA:----DPM-
01081009	Matt.8.10	ἀκολουθοῦσιν	akoloutheō	V-:-PAPDPM-
01081010	Matt.8.10	Ἀμὴν	amēn	X-:--------
01081011	Matt.8.10	λέγω	legō	V-:1PAI-S--
01081012	Matt.8.10	ὑμῖν	sy	RP:----DP--
01081013	Matt.8.10	παρ’	para	P-:--------
01081014	Matt.8.10	οὐδενὶ	oudeis	A-:----DSM-
01081015	Matt.8.10	τοσαύτην	tosoutos	RD:----ASF-
01081016	Matt.8.10	πίστιν	pistis	N-:----ASF-
01081017	Matt.8.10	ἐν	en	P-:--------
01081018	Matt.8.10	τῷ	ho	RA:----DSM-
01081019	Matt.8.10	Ἰσραὴλ	israēl	N-:----DSM-
01081020	Matt.8.10	εὗρον	heuriskō	V-:1AAI-S--
01081101	Matt.8.11	λέγω	legō	V-:1PAI-S--
01081102	Matt.8.11	δὲ	de	C-:--------
01081103	Matt.8.11	ὑμῖν	sy	RP:----DP--
01081104	Matt.8.11	ὅτι	hoti	C-:--------
01081105	Matt.8.11	πολλοὶ	polys	A-:----NPM-
01081106	Matt.8.11	ἀπὸ	apo	P-:--------
01081107	Matt.8.11	ἀνατολῶν	anatolē	N-:----GPF-
01081108	Matt.8.11	καὶ	kai	C-:--------
01081109	Matt.8.11	δυσμῶν	dysmē	N-:----GPF-
01081110	Matt.8.11	ἥξουσιν	hēkō	V-:3FAI-P--
01081111	Matt.8.11	καὶ	kai	C-:--------
01081112	Matt.8.11	ἀνακλιθήσονται	anaklinō	V-:3FPI-P--
01081113	Matt.8.11	μετὰ	meta	P-:--------
01081114	Matt.8.11	Ἀβραὰμ	abraam	N-:----GSM-
01081115	Matt.8.11	καὶ	kai	C-:--------
01081116	Matt.8.11	Ἰσαὰκ	isaak	N-:----GSM-
01081117	Matt.8.11	καὶ	kai	C-:--------
01081118	Matt.8.11	Ἰακὼβ	iakōb	N-:----GSM-
01081119	Matt.8.11	ἐν	en	P-:--------
01081120	Matt.8.11	τῇ	ho	RA:----DSF-
01081121	Matt.8.11	βασιλείᾳ	basileia	N-:----DSF-
01081122	Matt.8.11	τῶν	ho	RA:----GPM-
01081123	Matt.8.11	οὐρανῶν	ouranos	N-:----GPM-
01081201	Matt.8.12	οἱ	ho	RA:----NPM-
01081202	Matt.8.12	δὲ	de	C-:--------
01081203	Matt.8.12	υἱοὶ	huios	N-:----NPM-
01081204	Matt.8.12	τῆς	ho	RA:----GSF-
01081205	Matt.8.12	βασιλείας	basileia	N-:----GSF-
01081206	Matt.8.12	ἐκβληθήσονται	ekballō	V-:3FPI-P--
01081207	Matt.8.12	εἰς	eis	P-:--------
01081208	Matt.8.12	τὸ	ho	RA:----ASN-
01081209	Matt.8.12	σκότος	skotos	N-:----ASN-
01081210	Matt.8.12	τὸ	ho	RA:----ASN-
01081211	Matt.8.12	ἐξώτερον	exōteros	A-:----ASNC
01081212	Matt.8.12	ἐκεῖ	ekei	D-:--------
01081213	Matt.8.12	ἔσται	eimi	V-:3FMI-S--
01081214	Matt.8.12	ὁ	ho	RA:----NSM-
01081215	Matt.8.12	κλαυθμὸς	klauthmos	N-:----NSM-
01081216	Matt.8.12	καὶ	kai	C-:--------
01081217	Matt.8.12	ὁ	ho	RA:----NSM-
01081218	Matt.8.12	βρυγμὸς	brygmos	N-:----NSM-
01081219	Matt.8.12	τῶν	ho	RA:----GPM-
01081220	Matt.8.12	ὀδόντων	odous	N-:----GPM-
01081301	Matt.8.13	καὶ	kai	C-:--------
01081302	Matt.8.13	εἶπεν	legō	V-:3AAI-S--
01081303	Matt.8.13	ὁ	ho	RA:----NSM-
01081304	Matt.8.13	Ἰησοῦς	iēsous	N-:----NSM-
01081305	Matt.8.13	τῷ	ho	RA:----DSM-
01081306	Matt.8.13	ἑκατοντάρχῃ	hekatontarchēs	N-:----DSM-
01081307	Matt.8.13	Ὕπαγε	hypagō	V-:2PAD-S--
01081308	Matt.8.13	ὡς	hōs	C-:--------
01081309	Matt.8.13	ἐπίστευσας	pisteuō	V-:2AAI-S--
01081310	Matt.8.13	γενηθήτω	ginomai	V-:3APD-S--
01081311	Matt.8.13	σοι	sy	RP:----DS--
01081312	Matt.8.13	καὶ	kai	C-:--------
01081313	Matt.8.13	ἰάθη	iaomai	V-:3API-S--
01081314	Matt.8.13	ὁ	ho	RA:----NSM-
01081315	Matt.8.13	παῖς	pais	N-:----NSM-
01081316	Matt.8.13	ἐν	en	P-:--------
01081317	Matt.8.13	τῇ	ho	RA:----DSF-
01081318	Matt.8.13	ὥρᾳ	hōra	N-:----DSF-
01081319	Matt.8.13	ἐκείνῃ	ekeinos	RD:----DSF-
01081401	Matt.8.14	Καὶ	kai	C-:--------
01081402	Matt.8.14	ἐλθὼν	erchomai	V-:-AAPNSM-
01081403	Matt.8.14	ὁ	ho	RA:----NSM-
01081404	Matt.8.14	Ἰησοῦς	iēsous	N-:----NSM-
01081405	Matt.8.14	εἰς	eis	P-:--------
01081406	Matt.8.14	τὴν	ho	RA:----ASF-
01081407	Matt.8.14	οἰκίαν	oikia	N-:----ASF-
01081408	Matt.8.14	Πέτρου	petros	N-:----GSM-
01081409	Matt.8.14	εἶδεν	horaō	V-:3AAI-S--
01081410	Matt.8.14	τὴν	ho	RA:----ASF-
01081411	Matt.8.14	πενθερὰν	penthera	N-:----ASF-
01081412	Matt.8.14	αὐτοῦ	autos	RP:----GSM-
01081413	Matt.8.14	βεβλημένην	ballō	V-:-XPPASF-
01081414	Matt.8.14	καὶ	kai	C-:--------
01081415	Matt.8.14	πυρέσσουσαν	pyressō	V-:-PAPASF-
01081501	Matt.8.15	καὶ	kai	C-:--------
01081502	Matt.8.15	ἥψατο	haptō	V-:3AMI-S--
01081503	Matt.8.15	τῆς	ho	RA:----GSF-
01081504	Matt.8.15	χειρὸς	cheir	N-:----GSF-
01081505	Matt.8.15	αὐτῆς	autos	RP:----GSF-
01081506	Matt.8.15	καὶ	kai	C-:--------
01081507	Matt.8.15	ἀφῆκεν	aphiēmi	V-:3AAI-S--
01081508	Matt.8.15	αὐτὴν	autos	RP:----ASF-
01081509	Matt.8.15	ὁ	ho	RA:----NSM-
01081510	Matt.8.15	πυρετός	pyretos	N-:----NSM-
01081511	Matt.8.15	καὶ	kai	C-:--------
01081512	Matt.8.15	ἠγέρθη	egeirō	V-:3API-S--
01081513	Matt.8.15	καὶ	kai	C-:--------
01081514	Matt.8.15	διηκόνει	diakoneō	V-:3IAI-S--
01081515	Matt.8.15	αὐτῷ	autos	RP:----DSM-
01081601	Matt.8.16	Ὀψίας	opsia	A-:----GSF-
01081602	Matt.8.16	δὲ	de	C-:--------
01081603	Matt.8.16	γενομένης	ginomai	V-:-AMPGSF-
01081604	Matt.8.16	προσήνεγκαν	prospherō	V-:3AAI-P--
01081605	Matt.8.16	αὐτῷ	autos	RP:----DSM-
01081606	Matt.8.16	δαιμονιζομένους	daimonizomai	V-:-PMPAPM-
01081607	Matt.8.16	πολλούς	polys	A-:----APM-
01081608	Matt.8.16	καὶ	kai	C-:--------
01081609	Matt.8.16	ἐξέβαλεν	ekballō	V-:3AAI-S--
01081610	Matt.8.16	τὰ	ho	RA:----APN-
01081611	Matt.8.16	πνεύματα	pneuma	N-:----APN-
01081612	Matt.8.16	λόγῳ	logos	N-:----DSM-
01081613	Matt.8.16	καὶ	kai	C-:--------
01081614	Matt.8.16	πάντας	pas	A-:----APM-
01081615	Matt.8.16	τοὺς	ho	RA:----APM-
01081616	Matt.8.16	κακῶς	kakōs	D-:--------
01081617	Matt.8.16	ἔχοντας	echō	V-:-PAPAPM-
01081618	Matt.8.16	ἐθεράπευσεν	therapeuō	V-:3AAI-S--
01081701	Matt.8.17	ὅπως	hopōs	C-:--------
01081702	Matt.8.17	πληρωθῇ	plēroō	V-:3APS-S--
01081703	Matt.8.17	τὸ	ho	RA:----NSN-
01081704	Matt.8.17	ῥηθὲν	legō	V-:-APPNSN-
01081705	Matt.8.17	διὰ	dia	P-:--------
01081706	Matt.8.17	Ἠσαΐου	ēsaias	N-:----GSM-
01081707	Matt.8.17	τοῦ	ho	RA:----GSM-
01081708	Matt.8.17	προφήτου	prophētēs	N-:----GSM-
01081709	Matt.8.17	λέγοντος	legō	V-:-PAPGSM-
01081710	Matt.8.17	Αὐτὸς	autos	RP:----NSM-
01081711	Matt.8.17	τὰς	ho	RA:----APF-
01081712	Matt.8.17	ἀσθενείας	astheneia	N-:----APF-
01081713	Matt.8.17	ἡμῶν	egō	RP:----GP--
01081714	Matt.8.17	ἔλαβεν	lambanō	V-:3AAI-S--
01081715	Matt.8.17	καὶ	kai	C-:--------
01081716	Matt.8.17	τὰς	ho	RA:----APF-
01081717	Matt.8.17	νόσους	nosos	N-:----APF-
01081718	Matt.8.17	ἐβάστασεν	bastazō	V-:3AAI-S--
01081801	Matt.8.18	Ἰδὼν	horaō	V-:-AAPNSM-
01081802	Matt.8.18	δὲ	de	C-:--------
01081803	Matt.8.18	ὁ	ho	RA:----NSM-
01081804	Matt.8.18	Ἰησοῦς	iēsous	N-:----NSM-
01081805	Matt.8.18	πολλοὺς	polys	A-:----APM-
01081806	Matt.8.18	ὄχλους	ochlos	N-:----APM-
01081807	Matt.8.18	περὶ	peri	P-:--------
01081808	Matt.8.18	αὐτὸν	autos	RP:----ASM-
01081809	Matt.8.18	ἐκέλευσεν	keleuō	V-:3AAI-S--
01081810	Matt.8.18	ἀπελθεῖν	aperchomai	V-:-AAN----
01081811	Matt.8.18	εἰς	eis	P-:--------
01081812	Matt.8.18	τὸ	ho	RA:----ASN-
01081813	Matt.8.18	πέραν	peran	D-:--------
01081901	Matt.8.19	καὶ	kai	C-:--------
01081902	Matt.8.19	προσελθὼν	proserchomai	V-:-AAPNSM-
01081903	Matt.8.19	εἷς	heis	A-:----NSM-
01081904	Matt.8.19	γραμματεὺς	grammateus	N-:----NSM-
01081905	Matt.8.19	εἶπεν	legō	V-:3AAI-S--
01081906	Matt.8.19	αὐτῷ	autos	RP:----DSM-
01081907	Matt.8.19	Διδάσκαλε	didaskalos	N-:----VSM-
01081908	Matt.8.19	ἀκολουθήσω	akoloutheō	V-:1FAI-S--
01081909	Matt.8.19	σοι	sy	RP:----DS--
01081910	Matt.8.19	ὅπου	hopou	C-:--------
01081911	Matt.8.19	ἐὰν	ean	X-:--------
01081912	Matt.8.19	ἀπέρχῃ	aperchomai	V-:2PMS-S--
01082001	Matt.8.20	καὶ	kai	C-:--------
01082002	Matt.8.20	λέγει	legō	V-:3PAI-S--
01082003	Matt.8.20	αὐτῷ	autos	RP:----DSM-
01082004	Matt.8.20	ὁ	ho	RA:----NSM-
01082005	Matt.8.20	Ἰησοῦς	iēsous	N-:----NSM-
01082006	Matt.8.20	Αἱ	ho	RA:----NPF-
01082007	Matt.8.20	ἀλώπεκες	alōpēx	N-:----NPF-
01082008	Matt.8.20	φωλεοὺς	phōleos	N-:----APM-
01082009	Matt.8.20	ἔχουσιν	echō	V-:3PAI-P--
01082010	Matt.8.20	καὶ	kai	C-:--------
01082011	Matt.8.20	τὰ	ho	RA:----NPN-
01082012	Matt.8.20	πετεινὰ	peteinon	A-:----NPN-
01082013	Matt.8.20	τοῦ	ho	RA:----GSM-
01082014	Matt.8.20	οὐρανοῦ	ouranos	N-:----GSM-
01082015	Matt.8.20	κατασκηνώσεις	kataskēnōsis	N-:----APF-
01082016	Matt.8.20	ὁ	ho	RA:----NSM-
01082017	Matt.8.20	δὲ	de	C-:--------
01082018	Matt.8.20	υἱὸς	huios	N-:----NSM-
01082019	Matt.8.20	τοῦ	ho	RA:----GSM-
01082020	Matt.8.20	ἀνθρώπου	anthrōpos	N-:----GSM-
01082021	Matt.8.20	οὐκ	ou	D-:--------
01082022	Matt.8.20	ἔχει	echō	V-:3PAI-S--
01082023	Matt.8.20	ποῦ	pou	D-:--------
01082024	Matt.8.20	τὴν	ho	RA:----ASF-
01082025	Matt.8.20	κεφαλὴν	kephalē	N-:----ASF-
01082026	Matt.8.20	κλίνῃ	klinō	V-:3PAS-S--
01082101	Matt.8.21	ἕτερος	heteros	A-:----NSM-
01082102	Matt.8.21	δὲ	de	C-:--------
01082103	Matt.8.21	τῶν	ho	RA:----GPM-
01082104	Matt.8.21	μαθητῶν	mathētēs	N-:----GPM-
01082105	Matt.8.21	εἶπεν	legō	V-:3AAI-S--
01082106	Matt.8.21	αὐτῷ	autos	RP:----DSM-
01082107	Matt.8.21	Κύριε	kyrios	N-:----VSM-
01082108	Matt.8.21	ἐπίτρεψόν	epitrepō	V-:2AAD-S--
01082109	Matt.8.21	μοι	egō	RP:----DS--
01082110	Matt.8.21	πρῶτον	prōtos	A-:----ASN-
01082111	Matt.8.21	ἀπελθεῖν	aperchomai	V-:-AAN----
01082112	Matt.8.21	καὶ	kai	C-:--------
01082113	Matt.8.21	θάψαι	thaptō	V-:-AAN----
01082114	Matt.8.21	τὸν	ho	RA:----ASM-
01082115	Matt.8.21	πατέρα	patēr	N-:----ASM-
01082116	Matt.8.21	μου	egō	RP:----GS--
01082201	Matt.8.22	ὁ	ho	RA:----NSM-
01082202	Matt.8.22	δὲ	de	C-:--------
01082203	Matt.8.22	Ἰησοῦς	iēsous	N-:----NSM-
01082204	Matt.8.22	λέγει	legō	V-:3PAI-S--
01082205	Matt.8.22	αὐτῷ	autos	RP:----DSM-
01082206	Matt.8.22	Ἀκολούθει	akoloutheō	V-:2PAD-S--
01082207	Matt.8.22	μοι	egō	RP:----DS--
01082208	Matt.8.22	καὶ	kai	C-:--------
01082209	Matt.8.22	ἄφες	aphiēmi	V-:2AAD-S--
01082210	Matt.8.22	τοὺς	ho	RA:----APM-
01082211	Matt.8.22	νεκροὺς	nekros	A-:----APM-
01082212	Matt.8.22	θάψαι	thaptō	V-:-AAN----
01082213	Matt.8.22	τοὺς	ho	RA:----APM-
01082214	Matt.8.22	ἑαυτῶν	heautou	RP:----GPM-
01082215	Matt.8.22	νεκρούς	nekros	A-:----APM-
01082301	Matt.8.23	Καὶ	kai	C-:--------
01082302	Matt.8.23	ἐμβάντι	embainō	V-:-AAPDSM-
01082303	Matt.8.23	αὐτῷ	autos	RP:----DSM-
01082304	Matt.8.23	εἰς	eis	P-:--------
01082305	Matt.8.23	πλοῖον	ploion	N-:----ASN-
01082306	Matt.8.23	ἠκολούθησαν	akoloutheō	V-:3AAI-P--
01082307	Matt.8.23	αὐτῷ	autos	RP:----DSM-
01082308	Matt.8.23	οἱ	ho	RA:----NPM-
01082309	Matt.8.23	μαθηταὶ	mathētēs	N-:----NPM-
01082310	Matt.8.23	αὐτοῦ	autos	RP:----GSM-
01082401	Matt.8.24	καὶ	kai	C-:--------
01082402	Matt.8.24	ἰδοὺ	idou	X-:--------
01082403	Matt.8.24	σεισμὸς	seismos	N-:----NSM-
01082404	Matt.8.24	μέγας	megas	A-:----NSM-
01082405	Matt.8.24	ἐγένετο	ginomai	V-:3AMI-S--
01082406	Matt.8.24	ἐν	en	P-:--------
01082407	Matt.8.24	τῇ	ho	RA:----DSF-
01082408	Matt.8.24	θαλάσσῃ	thalassa	N-:----DSF-
01082409	Matt.8.24	ὥστε	hōste	C-:--------
01082410	Matt.8.24	τὸ	ho	RA:----ASN-
01082411	Matt.8.24	πλοῖον	ploion	N-:----ASN-
01082412	Matt.8.24	καλύπτεσθαι	kalyptō	V-:-PPN----
01082413	Matt.8.24	ὑπὸ	hypo	P-:--------
01082414	Matt.8.24	τῶν	ho	RA:----GPN-
01082415	Matt.8.24	κυμάτων	kyma	N-:----GPN-
01082416	Matt.8.24	αὐτὸς	autos	RP:----NSM-
01082417	Matt.8.24	δὲ	de	C-:--------
01082418	Matt.8.24	ἐκάθευδεν	katheudō	V-:3IAI-S--
01082501	Matt.8.25	καὶ	kai	C-:--------
01082502	Matt.8.25	προσελθόντες	proserchomai	V-:-AAPNPM-
01082503	Matt.8.25	ἤγειραν	egeirō	V-:3AAI-P--
01082504	Matt.8.25	αὐτὸν	autos	RP:----ASM-
01082505	Matt.8.25	λέγοντες	legō	V-:-PAPNPM-
01082506	Matt.8.25	Κύριε	kyrios	N-:----VSM-
01082507	Matt.8.25	σῶσον	sōzō	V-:2AAD-S--
01082508	Matt.8.25	ἀπολλύμεθα	apollymi	V-:1PMI-P--
01082601	Matt.8.26	καὶ	kai	C-:--------
01082602	Matt.8.26	λέγει	legō	V-:3PAI-S--
01082603	Matt.8.26	αὐτοῖς	autos	RP:----DPM-
01082604	Matt.8.26	Τί	tis	RI:----ASN-
01082605	Matt.8.26	δειλοί	deilos	A-:----NPM-
01082606	Matt.8.26	ἐστε	eimi	V-:2PAI-P--
01082607	Matt.8.26	ὀλιγόπιστοι	oligopistos	A-:----VPM-
01082608	Matt.8.26	τότε	tote	D-:--------
01082609	Matt.8.26	ἐγερθεὶς	egeirō	V-:-APPNSM-
01082610	Matt.8.26	ἐπετίμησεν	epitimaō	V-:3AAI-S--
01082611	Matt.8.26	τοῖς	ho	RA:----DPM-
01082612	Matt.8.26	ἀνέμοις	anemos	N-:----DPM-
01082613	Matt.8.26	καὶ	kai	C-:--------
01082614	Matt.8.26	τῇ	ho	RA:----DSF-
01082615	Matt.8.26	θαλάσσῃ	thalassa	N-:----DSF-
01082616	Matt.8.26	καὶ	kai	C-:--------
01082617	Matt.8.26	ἐγένετο	ginomai	V-:3AMI-S--
01082618	Matt.8.26	γαλήνη	galēnē	N-:----NSF-
01082619	Matt.8.26	μεγάλη	megas	A-:----NSF-
01082701	Matt.8.27	οἱ	ho	RA:----NPM-
01082702	Matt.8.27	δὲ	de	C-:--------
01082703	Matt.8.27	ἄνθρωποι	anthrōpos	N-:----NPM-
01082704	Matt.8.27	ἐθαύμασαν	thaumazō	V-:3AAI-P--
01082705	Matt.8.27	λέγοντες	legō	V-:-PAPNPM-
01082706	Matt.8.27	Ποταπός	potapos	RI:----NSM-
01082707	Matt.8.27	ἐστιν	eimi	V-:3PAI-S--
01082708	Matt.8.27	οὗτος	houtos	RD:----NSM-
01082709	Matt.8.27	ὅτι	hoti	C-:--------
01082710	Matt.8.27	καὶ	kai	D-:--------
01082711	Matt.8.27	οἱ	ho	RA:----NPM-
01082712	Matt.8.27	ἄνεμοι	anemos	N-:----NPM-
01082713	Matt.8.27	καὶ	kai	C-:--------
01082714	Matt.8.27	ἡ	ho	RA:----NSF-
01082715	Matt.8.27	θάλασσα	thalassa	N-:----NSF-
01082716	Matt.8.27	αὐτῷ	autos	RP:----DSM-
01082717	Matt.8.27	ὑπακούουσιν	hypakouō	V-:3PAI-P--
01082801	Matt.8.28	Καὶ	kai	C-:--------
01082802	Matt.8.28	ἐλθόντος	erchomai	V-:-AAPGSM-
01082803	Matt.8.28	αὐτοῦ	autos	RP:----GSM-
01082804	Matt.8.28	εἰς	eis	P-:--------
01082805	Matt.8.28	τὸ	ho	RA:----ASN-
01082806	Matt.8.28	πέραν	peran	D-:--------
01082807	Matt.8.28	εἰς	eis	P-:--------
01082808	Matt.8.28	τὴν	ho	RA:----ASF-
01082809	Matt.8.28	χώραν	chōra	N-:----ASF-
01082810	Matt.8.28	τῶν	ho	RA:----GPM-
01082811	Matt.8.28	Γαδαρηνῶν	gadarēnos	A-:----GPM-
01082812	Matt.8.28	ὑπήντησαν	hypantaō	V-:3AAI-P--
01082813	Matt.8.28	αὐτῷ	autos	RP:----DSM-
01082814	Matt.8.28	δύο	dyo	A-:----NPM-
01082815	Matt.8.28	δαιμονιζόμενοι	daimonizomai	V-:-PMPNPM-
01082816	Matt.8.28	ἐκ	ek	P-:--------
01082817	Matt.8.28	τῶν	ho	RA:----GPN-
01082818	Matt.8.28	μνημείων	mnēmeion	N-:----GPN-
01082819	Matt.8.28	ἐξερχόμενοι	exerchomai	V-:-PMPNPM-
01082820	Matt.8.28	χαλεποὶ	chalepos	A-:----NPM-
01082821	Matt.8.28	λίαν	lian	D-:--------
01082822	Matt.8.28	ὥστε	hōste	C-:--------
01082823	Matt.8.28	μὴ	mē	D-:--------
01082824	Matt.8.28	ἰσχύειν	ischyō	V-:-PAN----
01082825	Matt.8.28	τινὰ	tis2	RI:----ASM-
01082826	Matt.8.28	παρελθεῖν	parerchomai	V-:-AAN----
01082827	Matt.8.28	διὰ	dia	P-:--------
01082828	Matt.8.28	τῆς	ho	RA:----GSF-
01082829	Matt.8.28	ὁδοῦ	hodos	N-:----GSF-
01082830	Matt.8.28	ἐκείνης	ekeinos	RD:----GSF-
01082901	Matt.8.29	καὶ	kai	C-:--------
01082902	Matt.8.29	ἰδοὺ	idou	X-:--------
01082903	Matt.8.29	ἔκραξαν	krazō	V-:3AAI-P--
01082904	Matt.8.29	λέγοντες	legō	V-:-PAPNPM-
01082905	Matt.8.29	Τί	tis	RI:----NSN-
01082906	Matt.8.29	ἡμῖν	egō	RP:----DP--
01082907	Matt.8.29	καὶ	kai	C-:--------
01082908	Matt.8.29	σοί	sy	RP:----DS--
01082909	Matt.8.29	υἱὲ	huios	N-:----VSM-
01082910	Matt.8.29	τοῦ	ho	RA:----GSM-
01082911	Matt.8.29	θεοῦ	theos	N-:----GSM-
01082912	Matt.8.29	ἦλθες	erchomai	V-:2AAI-S--
01082913	Matt.8.29	ὧδε	hōde	D-:--------
01082914	Matt.8.29	πρὸ	pro	P-:--------
01082915	Matt.8.29	καιροῦ	kairos	N-:----GSM-
01082916	Matt.8.29	βασανίσαι	basanizō	V-:-AAN----
01082917	Matt.8.29	ἡμᾶς	egō	RP:----AP--
01083001	Matt.8.30	ἦν	eimi	V-:3IAI-S--
01083002	Matt.8.30	δὲ	de	C-:--------
01083003	Matt.8.30	μακρὰν	makros	A-:----ASF-
01083004	Matt.8.30	ἀπ’	apo	P-:--------
01083005	Matt.8.30	αὐτῶν	autos	RP:----GPM-
01083006	Matt.8.30	ἀγέλη	agelē	N-:----NSF-
01083007	Matt.8.30	χοίρων	choiros	N-:----GPM-
01083008	Matt.8.30	πολλῶν	polys	A-:----GPM-
01083009	Matt.8.30	βοσκομένη	boskō	V-:-PPPNSF-
01083101	Matt.8.31	οἱ	ho	RA:----NPM-
01083102	Matt.8.31	δὲ	de	C-:--------
01083103	Matt.8.31	δαίμονες	daimōn	N-:----NPM-
01083104	Matt.8.31	παρεκάλουν	parakaleō	V-:3IAI-P--
01083105	Matt.8.31	αὐτὸν	autos	RP:----ASM-
01083106	Matt.8.31	λέγοντες	legō	V-:-PAPNPM-
01083107	Matt.8.31	Εἰ	ei	C-:--------
01083108	Matt.8.31	ἐκβάλλεις	ekballō	V-:2PAI-S--
01083109	Matt.8.31	ἡμᾶς	egō	RP:----AP--
01083110	Matt.8.31	ἀπόστειλον	apostellō	V-:2AAD-S--
01083111	Matt.8.31	ἡμᾶς	egō	RP:----AP--
01083112	Matt.8.31	εἰς	eis	P-:--------
01083113	Matt.8.31	τὴν	ho	RA:----ASF-
01083114	Matt.8.31	ἀγέλην	agelē	N-:----ASF-
01083115	Matt.8.31	τῶν	ho	RA:----GPM-
01083116	Matt.8.31	χοίρων	choiros	N-:----GPM-
01083201	Matt.8.32	καὶ	kai	C-:--------
01083202	Matt.8.32	εἶπεν	legō	V-:3AAI-S--
01083203	Matt.8.32	αὐτοῖς	autos	RP:----DPM-
01083204	Matt.8.32	Ὑπάγετε	hypagō	V-:2PAD-P--
01083205	Matt.8.32	οἱ	ho	RA:----NPM-
01083206	Matt.8.32	δὲ	de	C-:--------
01083207	Matt.8.32	ἐξελθόντες	exerchomai	V-:-AAPNPM-
01083208	Matt.8.32	ἀπῆλθον	aperchomai	V-:3AAI-P--
01083209	Matt.8.32	εἰς	eis	P-:--------
01083210	Matt.8.32	τοὺς	ho	RA:----APM-
01083211	Matt.8.32	χοίρους	choiros	N-:----APM-
01083212	Matt.8.32	καὶ	kai	C-:--------
01083213	Matt.8.32	ἰδοὺ	idou	X-:--------
01083214	Matt.8.32	ὥρμησεν	hormaō	V-:3AAI-S--
01083215	Matt.8.32	πᾶσα	pas	A-:----NSF-
01083216	Matt.8.32	ἡ	ho	RA:----NSF-
01083217	Matt.8.32	ἀγέλη	agelē	N-:----NSF-
01083218	Matt.8.32	κατὰ	kata	P-:--------
01083219	Matt.8.32	τοῦ	ho	RA:----GSM-
01083220	Matt.8.32	κρημνοῦ	krēmnos	N-:----GSM-
01083221	Matt.8.32	εἰς	eis	P-:--------
01083222	Matt.8.32	τὴν	ho	RA:----ASF-
01083223	Matt.8.32	θάλασσαν	thalassa	N-:----ASF-
01083224	Matt.8.32	καὶ	kai	C-:--------
01083225	Matt.8.32	ἀπέθανον	apothnēskō	V-:3AAI-P--
01083226	Matt.8.32	ἐν	en	P-:--------
01083227	Matt.8.32	τοῖς	ho	RA:----DPN-
01083228	Matt.8.32	ὕδασιν	hydōr	N-:----DPN-
01083301	Matt.8.33	οἱ	ho	RA:----NPM-
01083302	Matt.8.33	δὲ	de	C-:--------
01083303	Matt.8.33	βόσκοντες	boskō	V-:-PAPNPM-
01083304	Matt.8.33	ἔφυγον	pheugō	V-:3AAI-P--
01083305	Matt.8.33	καὶ	kai	C-:--------
01083306	Matt.8.33	ἀπελθόντες	aperchomai	V-:-AAPNPM-
01083307	Matt.8.33	εἰς	eis	P-:--------
01083308	Matt.8.33	τὴν	ho	RA:----ASF-
01083309	Matt.8.33	πόλιν	polis	N-:----ASF-
01083310	Matt.8.33	ἀπήγγειλαν	apangellō	V-:3AAI-P--
01083311	Matt.8.33	πάντα	pas	A-:----APN-
01083312	Matt.8.33	καὶ	kai	C-:--------
01083313	Matt.8.33	τὰ	ho	RA:----APN-
01083314	Matt.8.33	τῶν	ho	RA:----GPM-
01083315	Matt.8.33	δαιμονιζομένων	daimonizomai	V-:-PMPGPM-
01083401	Matt.8.34	καὶ	kai	C-:--------
01083402	Matt.8.34	ἰδοὺ	idou	X-:--------
01083403	Matt.8.34	πᾶσα	pas	A-:----NSF-
01083404	Matt.8.34	ἡ	ho	RA:----NSF-
01083405	Matt.8.34	πόλις	polis	N-:----NSF-
01083406	Matt.8.34	ἐξῆλθεν	exerchomai	V-:3AAI-S--
01083407	Matt.8.34	εἰς	eis	P-:--------
01083408	Matt.8.34	ὑπάντησιν	hypantēsis	N-:----ASF-
01083409	Matt.8.34	τῷ	ho	RA:----DSM-
01083410	Matt.8.34	Ἰησοῦ	iēsous	N-:----DSM-
01083411	Matt.8.34	καὶ	kai	C-:--------
01083412	Matt.8.34	ἰδόντες	horaō	V-:-AAPNPM-
01083413	Matt.8.34	αὐτὸν	autos	RP:----ASM-
01083414	Matt.8.34	παρεκάλεσαν	parakaleō	V-:3AAI-P--
01083415	Matt.8.34	ὅπως	hopōs	C-:--------
01083416	Matt.8.34	μεταβῇ	metabainō	V-:3AAS-S--
01083417	Matt.8.34	ἀπὸ	apo	P-:--------
01083418	Matt.8.34	τῶν	ho	RA:----GPN-
01083419	Matt.8.34	ὁρίων	horion	N-:----GPN-
01083420	Matt.8.34	αὐτῶν	autos	RP:----GPM-
01090101	Matt.9.1	Καὶ	kai	C-:--------
01090102	Matt.9.1	ἐμβὰς	embainō	V-:-AAPNSM-
01090103	Matt.9.1	εἰς	eis	P-:--------
01090104	Matt.9.1	πλοῖον	ploion	N-:----ASN-
01090105	Matt.9.1	διεπέρασεν	diaperaō	V-:3AAI-S--
01090106	Matt.9.1	καὶ	kai	C-:--------
01090107	Matt.9.1	ἦλθεν	erchomai	V-:3AAI-S--
01090108	Matt.9.1	εἰς	eis	P-:--------
01090109	Matt.9.1	τὴν	ho	RA:----ASF-
01090110	Matt.9.1	ἰδίαν	idios	A-:----ASF-
01090111	Matt.9.1	πόλιν	polis	N-:----ASF-
01090201	Matt.9.2	Καὶ	kai	C-:--------
01090202	Matt.9.2	ἰδοὺ	idou	X-:--------
01090203	Matt.9.2	προσέφερον	prospherō	V-:3IAI-P--
01090204	Matt.9.2	αὐτῷ	autos	RP:----DSM-
01090205	Matt.9.2	παραλυτικὸν	paralytikos	A-:----ASM-
01090206	Matt.9.2	ἐπὶ	epi	P-:--------
01090207	Matt.9.2	κλίνης	klinē	N-:----GSF-
01090208	Matt.9.2	βεβλημένον	ballō	V-:-XPPASM-
01090209	Matt.9.2	καὶ	kai	C-:--------
01090210	Matt.9.2	ἰδὼν	horaō	V-:-AAPNSM-
01090211	Matt.9.2	ὁ	ho	RA:----NSM-
01090212	Matt.9.2	Ἰησοῦς	iēsous	N-:----NSM-
01090213	Matt.9.2	τὴν	ho	RA:----ASF-
01090214	Matt.9.2	πίστιν	pistis	N-:----ASF-
01090215	Matt.9.2	αὐτῶν	autos	RP:----GPM-
01090216	Matt.9.2	εἶπεν	legō	V-:3AAI-S--
01090217	Matt.9.2	τῷ	ho	RA:----DSM-
01090218	Matt.9.2	παραλυτικῷ	paralytikos	A-:----DSM-
01090219	Matt.9.2	Θάρσει	tharseō	V-:2PAD-S--
01090220	Matt.9.2	τέκνον	teknon	N-:----VSN-
01090221	Matt.9.2	ἀφίενταί	aphiēmi	V-:3PPI-P--
01090222	Matt.9.2	σου	sy	RP:----GS--
01090223	Matt.9.2	αἱ	ho	RA:----NPF-
01090224	Matt.9.2	ἁμαρτίαι	hamartia	N-:----NPF-
01090301	Matt.9.3	καὶ	kai	C-:--------
01090302	Matt.9.3	ἰδού	idou	I-:--------
01090303	Matt.9.3	τινες	tis2	RI:----NPM-
01090304	Matt.9.3	τῶν	ho	RA:----GPM-
01090305	Matt.9.3	γραμματέων	grammateus	N-:----GPM-
01090306	Matt.9.3	εἶπαν	legō	V-:3AAI-P--
01090307	Matt.9.3	ἐν	en	P-:--------
01090308	Matt.9.3	ἑαυτοῖς	heautou	RP:----DPM-
01090309	Matt.9.3	Οὗτος	houtos	RD:----NSM-
01090310	Matt.9.3	βλασφημεῖ	blasphēmeō	V-:3PAI-S--
01090401	Matt.9.4	καὶ	kai	C-:--------
01090402	Matt.9.4	εἰδὼς	horaō	V-:-XAPNSM-
01090403	Matt.9.4	ὁ	ho	RA:----NSM-
01090404	Matt.9.4	Ἰησοῦς	iēsous	N-:----NSM-
01090405	Matt.9.4	τὰς	ho	RA:----APF-
01090406	Matt.9.4	ἐνθυμήσεις	enthymēsis	N-:----APF-
01090407	Matt.9.4	αὐτῶν	autos	RP:----GPM-
01090408	Matt.9.4	εἶπεν	legō	V-:3AAI-S--
01090409	Matt.9.4	Ἱνατί	hinati	D-:--------
01090410	Matt.9.4	ἐνθυμεῖσθε	enthymeomai	V-:2PMI-P--
01090411	Matt.9.4	πονηρὰ	ponēros	A-:----APN-
01090412	Matt.9.4	ἐν	en	P-:--------
01090413	Matt.9.4	ταῖς	ho	RA:----DPF-
01090414	Matt.9.4	καρδίαις	kardia	N-:----DPF-
01090415	Matt.9.4	ὑμῶν	sy	RP:----GP--
01090501	Matt.9.5	τί	tis	RI:----NSN-
01090502	Matt.9.5	γάρ	gar	C-:--------
01090503	Matt.9.5	ἐστιν	eimi	V-:3PAI-S--
01090504	Matt.9.5	εὐκοπώτερον	eukopōteros	A-:----NSNC
01090505	Matt.9.5	εἰπεῖν	legō	V-:-AAN----
01090506	Matt.9.5	Ἀφίενταί	aphiēmi	V-:3PPI-P--
01090507	Matt.9.5	σου	sy	RP:----GS--
01090508	Matt.9.5	αἱ	ho	RA:----NPF-
01090509	Matt.9.5	ἁμαρτίαι	hamartia	N-:----NPF-
01090510	Matt.9.5	ἢ	ē	C-:--------
01090511	Matt.9.5	εἰπεῖν	legō	V-:-AAN----
01090512	Matt.9.5	Ἔγειρε	egeirō	V-:2PAD-S--
01090513	Matt.9.5	καὶ	kai	C-:--------
01090514	Matt.9.5	περιπάτει	peripateō	V-:2PAD-S--
01090601	Matt.9.6	ἵνα	hina	C-:--------
01090602	Matt.9.6	δὲ	de	C-:--------
01090603	Matt.9.6	εἰδῆτε	oida	V-:2XAS-P--
01090604	Matt.9.6	ὅτι	hoti	C-:--------
01090605	Matt.9.6	ἐξουσίαν	exousia	N-:----ASF-
01090606	Matt.9.6	ἔχει	echō	V-:3PAI-S--
01090607	Matt.9.6	ὁ	ho	RA:----NSM-
01090608	Matt.9.6	υἱὸς	huios	N-:----NSM-
01090609	Matt.9.6	τοῦ	ho	RA:----GSM-
01090610	Matt.9.6	ἀνθρώπου	anthrōpos	N-:----GSM-
01090611	Matt.9.6	ἐπὶ	epi	P-:--------
01090612	Matt.9.6	τῆς	ho	RA:----GSF-
01090613	Matt.9.6	γῆς	gē	N-:----GSF-
01090614	Matt.9.6	ἀφιέναι	aphiēmi	V-:-PAN----
01090615	Matt.9.6	ἁμαρτίας	hamartia	N-:----APF-
01090616	Matt.9.6	τότε	tote	D-:--------
01090617	Matt.9.6	λέγει	legō	V-:3PAI-S--
01090618	Matt.9.6	τῷ	ho	RA:----DSM-
01090619	Matt.9.6	παραλυτικῷ	paralytikos	A-:----DSM-
01090620	Matt.9.6	Ἐγερθεὶς	egeirō	V-:-APPNSM-
01090621	Matt.9.6	ἆρόν	airō	V-:2AAD-S--
01090622	Matt.9.6	σου	sy	RP:----GS--
01090623	Matt.9.6	τὴν	ho	RA:----ASF-
01090624	Matt.9.6	κλίνην	klinē	N-:----ASF-
01090625	Matt.9.6	καὶ	kai	C-:--------
01090626	Matt.9.6	ὕπαγε	hypagō	V-:2PAD-S--
01090627	Matt.9.6	εἰς	eis	P-:--------
01090628	Matt.9.6	τὸν	ho	RA:----ASM-
01090629	Matt.9.6	οἶκόν	oikos	N-:----ASM-
01090630	Matt.9.6	σου	sy	RP:----GS--
01090701	Matt.9.7	καὶ	kai	C-:--------
01090702	Matt.9.7	ἐγερθεὶς	egeirō	V-:-APPNSM-
01090703	Matt.9.7	ἀπῆλθεν	aperchomai	V-:3AAI-S--
01090704	Matt.9.7	εἰς	eis	P-:--------
01090705	Matt.9.7	τὸν	ho	RA:----ASM-
01090706	Matt.9.7	οἶκον	oikos	N-:----ASM-
01090707	Matt.9.7	αὐτοῦ	autos	RP:----GSM-
01090801	Matt.9.8	ἰδόντες	horaō	V-:-AAPNPM-
01090802	Matt.9.8	δὲ	de	C-:--------
01090803	Matt.9.8	οἱ	ho	RA:----NPM-
01090804	Matt.9.8	ὄχλοι	ochlos	N-:----NPM-
01090805	Matt.9.8	ἐφοβήθησαν	phobeomai	V-:3API-P--
01090806	Matt.9.8	καὶ	kai	C-:--------
01090807	Matt.9.8	ἐδόξασαν	doxazō	V-:3AAI-P--
01090808	Matt.9.8	τὸν	ho	RA:----ASM-
01090809	Matt.9.8	θεὸν	theos	N-:----ASM-
01090810	Matt.9.8	τὸν	ho	RA:----ASM-
01090811	Matt.9.8	δόντα	didōmi	V-:-AAPASM-
01090812	Matt.9.8	ἐξουσίαν	exousia	N-:----ASF-
01090813	Matt.9.8	τοιαύτην	toioutos	RD:----ASF-
01090814	Matt.9.8	τοῖς	ho	RA:----DPM-
01090815	Matt.9.8	ἀνθρώποις	anthrōpos	N-:----DPM-
01090901	Matt.9.9	Καὶ	kai	C-:--------
01090902	Matt.9.9	παράγων	paragō	V-:-PAPNSM-
01090903	Matt.9.9	ὁ	ho	RA:----NSM-
01090904	Matt.9.9	Ἰησοῦς	iēsous	N-:----NSM-
01090905	Matt.9.9	ἐκεῖθεν	ekeithen	D-:--------
01090906	Matt.9.9	εἶδεν	horaō	V-:3AAI-S--
01090907	Matt.9.9	ἄνθρωπον	anthrōpos	N-:----ASM-
01090908	Matt.9.9	καθήμενον	kathēmai	V-:-PMPASM-
01090909	Matt.9.9	ἐπὶ	epi	P-:--------
01090910	Matt.9.9	τὸ	ho	RA:----ASN-
01090911	Matt.9.9	τελώνιον	telōnion	N-:----ASN-
01090912	Matt.9.9	Μαθθαῖον	maththaios	N-:----ASM-
01090913	Matt.9.9	λεγόμενον	legō	V-:-PPPASM-
01090914	Matt.9.9	καὶ	kai	C-:--------
01090915	Matt.9.9	λέγει	legō	V-:3PAI-S--
01090916	Matt.9.9	αὐτῷ	autos	RP:----DSM-
01090917	Matt.9.9	Ἀκολούθει	akoloutheō	V-:2PAD-S--
01090918	Matt.9.9	μοι	egō	RP:----DS--
01090919	Matt.9.9	καὶ	kai	C-:--------
01090920	Matt.9.9	ἀναστὰς	anistēmi	V-:-AAPNSM-
01090921	Matt.9.9	ἠκολούθησεν	akoloutheō	V-:3AAI-S--
01090922	Matt.9.9	αὐτῷ	autos	RP:----DSM-
01091001	Matt.9.10	Καὶ	kai	C-:--------
01091002	Matt.9.10	ἐγένετο	ginomai	V-:3AMI-S--
01091003	Matt.9.10	αὐτοῦ	autos	RP:----GSM-
01091004	Matt.9.10	ἀνακειμένου	anakeimai	V-:-PMPGSM-
01091005	Matt.9.10	ἐν	en	P-:--------
01091006	Matt.9.10	τῇ	ho	RA:----DSF-
01091007	Matt.9.10	οἰκίᾳ	oikia	N-:----DSF-
01091008	Matt.9.10	καὶ	kai	C-:--------
01091009	Matt.9.10	ἰδοὺ	idou	X-:--------
01091010	Matt.9.10	πολλοὶ	polys	A-:----NPM-
01091011	Matt.9.10	τελῶναι	telōnēs	N-:----NPM-
01091012	Matt.9.10	καὶ	kai	C-:--------
01091013	Matt.9.10	ἁμαρτωλοὶ	hamartōlos	A-:----NPM-
01091014	Matt.9.10	ἐλθόντες	erchomai	V-:-AAPNPM-
01091015	Matt.9.10	συνανέκειντο	synanakeimai	V-:3IMI-P--
01091016	Matt.9.10	τῷ	ho	RA:----DSM-
01091017	Matt.9.10	Ἰησοῦ	iēsous	N-:----DSM-
01091018	Matt.9.10	καὶ	kai	C-:--------
01091019	Matt.9.10	τοῖς	ho	RA:----DPM-
01091020	Matt.9.10	μαθηταῖς	mathētēs	N-:----DPM-
01091021	Matt.9.10	αὐτοῦ	autos	RP:----GSM-
01091101	Matt.9.11	καὶ	kai	C-:--------
01091102	Matt.9.11	ἰδόντες	horaō	V-:-AAPNPM-
01091103	Matt.9.11	οἱ	ho	RA:----NPM-
01091104	Matt.9.11	Φαρισαῖοι	pharisaios	N-:----NPM-
01091105	Matt.9.11	ἔλεγον	legō	V-:3IAI-P--
01091106	Matt.9.11	τοῖς	ho	RA:----DPM-
01091107	Matt.9.11	μαθηταῖς	mathētēs	N-:----DPM-
01091108	Matt.9.11	αὐτοῦ	autos	RP:----GSM-
01091109	Matt.9.11	Διὰ	dia	P-:--------
01091110	Matt.9.11	τί	tis	RI:----ASN-
01091111	Matt.9.11	μετὰ	meta	P-:--------
01091112	Matt.9.11	τῶν	ho	RA:----GPM-
01091113	Matt.9.11	τελωνῶν	telōnēs	N-:----GPM-
01091114	Matt.9.11	καὶ	kai	C-:--------
01091115	Matt.9.11	ἁμαρτωλῶν	hamartōlos	A-:----GPM-
01091116	Matt.9.11	ἐσθίει	esthiō	V-:3PAI-S--
01091117	Matt.9.11	ὁ	ho	RA:----NSM-
01091118	Matt.9.11	διδάσκαλος	didaskalos	N-:----NSM-
01091119	Matt.9.11	ὑμῶν	sy	RP:----GP--
01091201	Matt.9.12	ὁ	ho	RA:----NSM-
01091202	Matt.9.12	δὲ	de	C-:--------
01091203	Matt.9.12	ἀκούσας	akouō	V-:-AAPNSM-
01091204	Matt.9.12	εἶπεν	legō	V-:3AAI-S--
01091205	Matt.9.12	Οὐ	ou	D-:--------
01091206	Matt.9.12	χρείαν	chreia	N-:----ASF-
01091207	Matt.9.12	ἔχουσιν	echō	V-:3PAI-P--
01091208	Matt.9.12	οἱ	ho	RA:----NPM-
01091209	Matt.9.12	ἰσχύοντες	ischyō	V-:-PAPNPM-
01091210	Matt.9.12	ἰατροῦ	iatros	N-:----GSM-
01091211	Matt.9.12	ἀλλὰ	alla	C-:--------
01091212	Matt.9.12	οἱ	ho	RA:----NPM-
01091213	Matt.9.12	κακῶς	kakōs	D-:--------
01091214	Matt.9.12	ἔχοντες	echō	V-:-PAPNPM-
01091301	Matt.9.13	πορευθέντες	poreuomai	V-:-APPNPM-
01091302	Matt.9.13	δὲ	de	C-:--------
01091303	Matt.9.13	μάθετε	manthanō	V-:2AAD-P--
01091304	Matt.9.13	τί	tis	RI:----NSN-
01091305	Matt.9.13	ἐστιν	eimi	V-:3PAI-S--
01091306	Matt.9.13	Ἔλεος	eleos	N-:----ASN-
01091307	Matt.9.13	θέλω	thelō	V-:1PAI-S--
01091308	Matt.9.13	καὶ	kai	C-:--------
01091309	Matt.9.13	οὐ	ou	D-:--------
01091310	Matt.9.13	θυσίαν	thysia	N-:----ASF-
01091311	Matt.9.13	οὐ	ou	D-:--------
01091312	Matt.9.13	γὰρ	gar	C-:--------
01091313	Matt.9.13	ἦλθον	erchomai	V-:1AAI-S--
01091314	Matt.9.13	καλέσαι	kaleō	V-:-AAN----
01091315	Matt.9.13	δικαίους	dikaios	A-:----APM-
01091316	Matt.9.13	ἀλλὰ	alla	C-:--------
01091317	Matt.9.13	ἁμαρτωλούς	hamartōlos	A-:----APM-
01091401	Matt.9.14	Τότε	tote	D-:--------
01091402	Matt.9.14	προσέρχονται	proserchomai	V-:3PMI-P--
01091403	Matt.9.14	αὐτῷ	autos	RP:----DSM-
01091404	Matt.9.14	οἱ	ho	RA:----NPM-
01091405	Matt.9.14	μαθηταὶ	mathētēs	N-:----NPM-
01091406	Matt.9.14	Ἰωάννου	iōannēs	N-:----GSM-
01091407	Matt.9.14	λέγοντες	legō	V-:-PAPNPM-
01091408	Matt.9.14	Διὰ	dia	P-:--------
01091409	Matt.9.14	τί	tis	RI:----ASN-
01091410	Matt.9.14	ἡμεῖς	egō	RP:----NP--
01091411	Matt.9.14	καὶ	kai	C-:--------
01091412	Matt.9.14	οἱ	ho	RA:----NPM-
01091413	Matt.9.14	Φαρισαῖοι	pharisaios	N-:----NPM-
01091414	Matt.9.14	νηστεύομεν	nēsteuō	V-:1PAI-P--
01091415	Matt.9.14	πολλά	polys	A-:----APN-
01091416	Matt.9.14	οἱ	ho	RA:----NPM-
01091417	Matt.9.14	δὲ	de	C-:--------
01091418	Matt.9.14	μαθηταί	mathētēs	N-:----NPM-
01091419	Matt.9.14	σου	sy	RP:----GS--
01091420	Matt.9.14	οὐ	ou	D-:--------
01091421	Matt.9.14	νηστεύουσιν	nēsteuō	V-:3PAI-P--
01091501	Matt.9.15	καὶ	kai	C-:--------
01091502	Matt.9.15	εἶπεν	legō	V-:3AAI-S--
01091503	Matt.9.15	αὐτοῖς	autos	RP:----DPM-
01091504	Matt.9.15	ὁ	ho	RA:----NSM-
01091505	Matt.9.15	Ἰησοῦς	iēsous	N-:----NSM-
01091506	Matt.9.15	Μὴ	mē	X-:--------
01091507	Matt.9.15	δύνανται	dynamai	V-:3PMI-P--
01091508	Matt.9.15	οἱ	ho	RA:----NPM-
01091509	Matt.9.15	υἱοὶ	huios	N-:----NPM-
01091510	Matt.9.15	τοῦ	ho	RA:----GSM-
01091511	Matt.9.15	νυμφῶνος	nymphōn	N-:----GSM-
01091512	Matt.9.15	πενθεῖν	pentheō	V-:-PAN----
01091513	Matt.9.15	ἐφ’	epi	P-:--------
01091514	Matt.9.15	ὅσον	hosos	RR:----ASM-
01091515	Matt.9.15	μετ’	meta	P-:--------
01091516	Matt.9.15	αὐτῶν	autos	RP:----GPM-
01091517	Matt.9.15	ἐστιν	eimi	V-:3PAI-S--
01091518	Matt.9.15	ὁ	ho	RA:----NSM-
01091519	Matt.9.15	νυμφίος	nymphios	N-:----NSM-
01091520	Matt.9.15	ἐλεύσονται	erchomai	V-:3FMI-P--
01091521	Matt.9.15	δὲ	de	C-:--------
01091522	Matt.9.15	ἡμέραι	hēmera	N-:----NPF-
01091523	Matt.9.15	ὅταν	hotan	D-:--------
01091524	Matt.9.15	ἀπαρθῇ	apairō	V-:3APS-S--
01091525	Matt.9.15	ἀπ’	apo	P-:--------
01091526	Matt.9.15	αὐτῶν	autos	RP:----GPM-
01091527	Matt.9.15	ὁ	ho	RA:----NSM-
01091528	Matt.9.15	νυμφίος	nymphios	N-:----NSM-
01091529	Matt.9.15	καὶ	kai	C-:--------
01091530	Matt.9.15	τότε	tote	D-:--------
01091531	Matt.9.15	νηστεύσουσιν	nēsteuō	V-:3FAI-P--
01091601	Matt.9.16	οὐδεὶς	oudeis	A-:----NSM-
01091602	Matt.9.16	δὲ	de	C-:--------
01091603	Matt.9.16	ἐπιβάλλει	epiballō	V-:3PAI-S--
01091604	Matt.9.16	ἐπίβλημα	epiblēma	N-:----ASN-
01091605	Matt.9.16	ῥάκους	rhakos	N-:----GSN-
01091606	Matt.9.16	ἀγνάφου	agnaphos	A-:----GSN-
01091607	Matt.9.16	ἐπὶ	epi	P-:--------
01091608	Matt.9.16	ἱματίῳ	himation	N-:----DSN-
01091609	Matt.9.16	παλαιῷ	palaios	A-:----DSN-
01091610	Matt.9.16	αἴρει	airō	V-:3PAI-S--
01091611	Matt.9.16	γὰρ	gar	C-:--------
01091612	Matt.9.16	τὸ	ho	RA:----ASN-
01091613	Matt.9.16	πλήρωμα	plērōma	N-:----ASN-
01091614	Matt.9.16	αὐτοῦ	autos	RP:----GSN-
01091615	Matt.9.16	ἀπὸ	apo	P-:--------
01091616	Matt.9.16	τοῦ	ho	RA:----GSN-
01091617	Matt.9.16	ἱματίου	himation	N-:----GSN-
01091618	Matt.9.16	καὶ	kai	C-:--------
01091619	Matt.9.16	χεῖρον	cheirōn	A-:----NSNC
01091620	Matt.9.16	σχίσμα	schisma	N-:----NSN-
01091621	Matt.9.16	γίνεται	ginomai	V-:3PMI-S--
01091701	Matt.9.17	οὐδὲ	oude	C-:--------
01091702	Matt.9.17	βάλλουσιν	ballō	V-:3PAI-P--
01091703	Matt.9.17	οἶνον	oinos	N-:----ASM-
01091704	Matt.9.17	νέον	neos	A-:----ASM-
01091705	Matt.9.17	εἰς	eis	P-:--------
01091706	Matt.9.17	ἀσκοὺς	askos	N-:----APM-
01091707	Matt.9.17	παλαιούς	palaios	A-:----APM-
01091708	Matt.9.17	εἰ	ei	C-:--------
01091709	Matt.9.17	δὲ	de	C-:--------
01091710	Matt.9.17	μή	mē	D-:--------
01091711	Matt.9.17	γε	ge	X-:--------
01091712	Matt.9.17	ῥήγνυνται	rhēgnymi	V-:3PPI-P--
01091713	Matt.9.17	οἱ	ho	RA:----NPM-
01091714	Matt.9.17	ἀσκοί	askos	N-:----NPM-
01091715	Matt.9.17	καὶ	kai	C-:--------
01091716	Matt.9.17	ὁ	ho	RA:----NSM-
01091717	Matt.9.17	οἶνος	oinos	N-:----NSM-
01091718	Matt.9.17	ἐκχεῖται	ekcheō	V-:3PPI-S--
01091719	Matt.9.17	καὶ	kai	C-:--------
01091720	Matt.9.17	οἱ	ho	RA:----NPM-
01091721	Matt.9.17	ἀσκοὶ	askos	N-:----NPM-
01091722	Matt.9.17	ἀπόλλυνται	apollymi	V-:3PPI-P--
01091723	Matt.9.17	ἀλλὰ	alla	C-:--------
01091724	Matt.9.17	βάλλουσιν	ballō	V-:3PAI-P--
01091725	Matt.9.17	οἶνον	oinos	N-:----ASM-
01091726	Matt.9.17	νέον	neos	A-:----ASM-
01091727	Matt.9.17	εἰς	eis	P-:--------
01091728	Matt.9.17	ἀσκοὺς	askos	N-:----APM-
01091729	Matt.9.17	καινούς	kainos	A-:----APM-
01091730	Matt.9.17	καὶ	kai	C-:--------
01091731	Matt.9.17	ἀμφότεροι	amphoteroi	A-:----NPM-
01091732	Matt.9.17	συντηροῦνται	syntēreō	V-:3PPI-P--
01091801	Matt.9.18	Ταῦτα	houtos	RD:----APN-
01091802	Matt.9.18	αὐτοῦ	autos	RP:----GSM-
01091803	Matt.9.18	λαλοῦντος	laleō	V-:-PAPGSM-
01091804	Matt.9.18	αὐτοῖς	autos	RP:----DPM-
01091805	Matt.9.18	ἰδοὺ	idou	X-:--------
01091806	Matt.9.18	ἄρχων	archōn	N-:----NSM-
01091807	Matt.9.18	εἷς	heis	A-:----NSM-
01091808	Matt.9.18	ἐλθὼν	erchomai	V-:-AAPNSM-
01091809	Matt.9.18	προσεκύνει	proskyneō	V-:3IAI-S--
01091810	Matt.9.18	αὐτῷ	autos	RP:----DSM-
01091811	Matt.9.18	λέγων	legō	V-:-PAPNSM-
01091812	Matt.9.18	ὅτι	hoti	C-:--------
01091813	Matt.9.18	Ἡ	ho	RA:----NSF-
01091814	Matt.9.18	θυγάτηρ	thygatēr	N-:----NSF-
01091815	Matt.9.18	μου	egō	RP:----GS--
01091816	Matt.9.18	ἄρτι	arti	D-:--------
01091817	Matt.9.18	ἐτελεύτησεν	teleutaō	V-:3AAI-S--
01091818	Matt.9.18	ἀλλὰ	alla	C-:--------
01091819	Matt.9.18	ἐλθὼν	erchomai	V-:-AAPNSM-
01091820	Matt.9.18	ἐπίθες	epitithēmi	V-:2AAD-S--
01091821	Matt.9.18	τὴν	ho	RA:----ASF-
01091822	Matt.9.18	χεῖρά	cheir	N-:----ASF-
01091823	Matt.9.18	σου	sy	RP:----GS--
01091824	Matt.9.18	ἐπ’	epi	P-:--------
01091825	Matt.9.18	αὐτήν	autos	RP:----ASF-
01091826	Matt.9.18	καὶ	kai	C-:--------
01091827	Matt.9.18	ζήσεται	zaō	V-:3FMI-S--
01091901	Matt.9.19	καὶ	kai	C-:--------
01091902	Matt.9.19	ἐγερθεὶς	egeirō	V-:-APPNSM-
01091903	Matt.9.19	ὁ	ho	RA:----NSM-
01091904	Matt.9.19	Ἰησοῦς	iēsous	N-:----NSM-
01091905	Matt.9.19	ἠκολούθει	akoloutheō	V-:3IAI-S--
01091906	Matt.9.19	αὐτῷ	autos	RP:----DSM-
01091907	Matt.9.19	καὶ	kai	C-:--------
01091908	Matt.9.19	οἱ	ho	RA:----NPM-
01091909	Matt.9.19	μαθηταὶ	mathētēs	N-:----NPM-
01091910	Matt.9.19	αὐτοῦ	autos	RP:----GSM-
01092001	Matt.9.20	Καὶ	kai	C-:--------
01092002	Matt.9.20	ἰδοὺ	idou	X-:--------
01092003	Matt.9.20	γυνὴ	gynē	N-:----NSF-
01092004	Matt.9.20	αἱμορροοῦσα	haimorroeō	V-:-PAPNSF-
01092005	Matt.9.20	δώδεκα	dōdeka	A-:----APN-
01092006	Matt.9.20	ἔτη	etos	N-:----APN-
01092007	Matt.9.20	προσελθοῦσα	proserchomai	V-:-AAPNSF-
01092008	Matt.9.20	ὄπισθεν	opisthen	D-:--------
01092009	Matt.9.20	ἥψατο	haptō	V-:3AMI-S--
01092010	Matt.9.20	τοῦ	ho	RA:----GSN-
01092011	Matt.9.20	κρασπέδου	kraspedon	N-:----GSN-
01092012	Matt.9.20	τοῦ	ho	RA:----GSN-
01092013	Matt.9.20	ἱματίου	himation	N-:----GSN-
01092014	Matt.9.20	αὐτοῦ	autos	RP:----GSM-
01092101	Matt.9.21	ἔλεγεν	legō	V-:3IAI-S--
01092102	Matt.9.21	γὰρ	gar	C-:--------
01092103	Matt.9.21	ἐν	en	P-:--------
01092104	Matt.9.21	ἑαυτῇ	heautou	RP:----DSF-
01092105	Matt.9.21	Ἐὰν	ean	C-:--------
01092106	Matt.9.21	μόνον	monos	A-:----ASN-
01092107	Matt.9.21	ἅψωμαι	haptō	V-:1AMS-S--
01092108	Matt.9.21	τοῦ	ho	RA:----GSN-
01092109	Matt.9.21	ἱματίου	himation	N-:----GSN-
01092110	Matt.9.21	αὐτοῦ	autos	RP:----GSM-
01092111	Matt.9.21	σωθήσομαι	sōzō	V-:1FPI-S--
01092201	Matt.9.22	ὁ	ho	RA:----NSM-
01092202	Matt.9.22	δὲ	de	C-:--------
01092203	Matt.9.22	Ἰησοῦς	iēsous	N-:----NSM-
01092204	Matt.9.22	στραφεὶς	strephō	V-:-APPNSM-
01092205	Matt.9.22	καὶ	kai	C-:--------
01092206	Matt.9.22	ἰδὼν	horaō	V-:-AAPNSM-
01092207	Matt.9.22	αὐτὴν	autos	RP:----ASF-
01092208	Matt.9.22	εἶπεν	legō	V-:3AAI-S--
01092209	Matt.9.22	Θάρσει	tharseō	V-:2PAD-S--
01092210	Matt.9.22	θύγατερ	thygatēr	N-:----VSF-
01092211	Matt.9.22	ἡ	ho	RA:----NSF-
01092212	Matt.9.22	πίστις	pistis	N-:----NSF-
01092213	Matt.9.22	σου	sy	RP:----GS--
01092214	Matt.9.22	σέσωκέν	sōzō	V-:3XAI-S--
01092215	Matt.9.22	σε	sy	RP:----AS--
01092216	Matt.9.22	καὶ	kai	C-:--------
01092217	Matt.9.22	ἐσώθη	sōzō	V-:3API-S--
01092218	Matt.9.22	ἡ	ho	RA:----NSF-
01092219	Matt.9.22	γυνὴ	gynē	N-:----NSF-
01092220	Matt.9.22	ἀπὸ	apo	P-:--------
01092221	Matt.9.22	τῆς	ho	RA:----GSF-
01092222	Matt.9.22	ὥρας	hōra	N-:----GSF-
01092223	Matt.9.22	ἐκείνης	ekeinos	RD:----GSF-
01092301	Matt.9.23	καὶ	kai	C-:--------
01092302	Matt.9.23	ἐλθὼν	erchomai	V-:-AAPNSM-
01092303	Matt.9.23	ὁ	ho	RA:----NSM-
01092304	Matt.9.23	Ἰησοῦς	iēsous	N-:----NSM-
01092305	Matt.9.23	εἰς	eis	P-:--------
01092306	Matt.9.23	τὴν	ho	RA:----ASF-
01092307	Matt.9.23	οἰκίαν	oikia	N-:----ASF-
01092308	Matt.9.23	τοῦ	ho	RA:----GSM-
01092309	Matt.9.23	ἄρχοντος	archōn	N-:----GSM-
01092310	Matt.9.23	καὶ	kai	C-:--------
01092311	Matt.9.23	ἰδὼν	horaō	V-:-AAPNSM-
01092312	Matt.9.23	τοὺς	ho	RA:----APM-
01092313	Matt.9.23	αὐλητὰς	aulētēs	N-:----APM-
01092314	Matt.9.23	καὶ	kai	C-:--------
01092315	Matt.9.23	τὸν	ho	RA:----ASM-
01092316	Matt.9.23	ὄχλον	ochlos	N-:----ASM-
01092317	Matt.9.23	θορυβούμενον	thorybeō	V-:-PPPASM-
01092401	Matt.9.24	ἔλεγεν	legō	V-:3IAI-S--
01092402	Matt.9.24	Ἀναχωρεῖτε	anachōreō	V-:2PAD-P--
01092403	Matt.9.24	οὐ	ou	D-:--------
01092404	Matt.9.24	γὰρ	gar	C-:--------
01092405	Matt.9.24	ἀπέθανεν	apothnēskō	V-:3AAI-S--
01092406	Matt.9.24	τὸ	ho	RA:----NSN-
01092407	Matt.9.24	κοράσιον	korasion	N-:----NSN-
01092408	Matt.9.24	ἀλλὰ	alla	C-:--------
01092409	Matt.9.24	καθεύδει	katheudō	V-:3PAI-S--
01092410	Matt.9.24	καὶ	kai	C-:--------
01092411	Matt.9.24	κατεγέλων	katagelaō	V-:3IAI-P--
01092412	Matt.9.24	αὐτοῦ	autos	RP:----GSM-
01092501	Matt.9.25	ὅτε	hote	C-:--------
01092502	Matt.9.25	δὲ	de	C-:--------
01092503	Matt.9.25	ἐξεβλήθη	ekballō	V-:3API-S--
01092504	Matt.9.25	ὁ	ho	RA:----NSM-
01092505	Matt.9.25	ὄχλος	ochlos	N-:----NSM-
01092506	Matt.9.25	εἰσελθὼν	eiserchomai	V-:-AAPNSM-
01092507	Matt.9.25	ἐκράτησεν	krateō	V-:3AAI-S--
01092508	Matt.9.25	τῆς	ho	RA:----GSF-
01092509	Matt.9.25	χειρὸς	cheir	N-:----GSF-
01092510	Matt.9.25	αὐτῆς	autos	RP:----GSF-
01092511	Matt.9.25	καὶ	kai	C-:--------
01092512	Matt.9.25	ἠγέρθη	egeirō	V-:3API-S--
01092513	Matt.9.25	τὸ	ho	RA:----NSN-
01092514	Matt.9.25	κοράσιον	korasion	N-:----NSN-
01092601	Matt.9.26	καὶ	kai	C-:--------
01092602	Matt.9.26	ἐξῆλθεν	exerchomai	V-:3AAI-S--
01092603	Matt.9.26	ἡ	ho	RA:----NSF-
01092604	Matt.9.26	φήμη	phēmē	N-:----NSF-
01092605	Matt.9.26	αὕτη	houtos	RD:----NSF-
01092606	Matt.9.26	εἰς	eis	P-:--------
01092607	Matt.9.26	ὅλην	holos	A-:----ASF-
01092608	Matt.9.26	τὴν	ho	RA:----ASF-
01092609	Matt.9.26	γῆν	gē	N-:----ASF-
01092610	Matt.9.26	ἐκείνην	ekeinos	RD:----ASF-
01092701	Matt.9.27	Καὶ	kai	C-:--------
01092702	Matt.9.27	παράγοντι	paragō	V-:-PAPDSM-
01092703	Matt.9.27	ἐκεῖθεν	ekeithen	D-:--------
01092704	Matt.9.27	τῷ	ho	RA:----DSM-
01092705	Matt.9.27	Ἰησοῦ	iēsous	N-:----DSM-
01092706	Matt.9.27	ἠκολούθησαν	akoloutheō	V-:3AAI-P--
01092707	Matt.9.27	αὐτῷ	autos	RP:----DSM-
01092708	Matt.9.27	δύο	dyo	A-:----NPM-
01092709	Matt.9.27	τυφλοὶ	typhlos	A-:----NPM-
01092710	Matt.9.27	κράζοντες	krazō	V-:-PAPNPM-
01092711	Matt.9.27	καὶ	kai	C-:--------
01092712	Matt.9.27	λέγοντες	legō	V-:-PAPNPM-
01092713	Matt.9.27	Ἐλέησον	eleaō	V-:2AAD-S--
01092714	Matt.9.27	ἡμᾶς	egō	RP:----AP--
01092715	Matt.9.27	υἱὲ	huios	N-:----VSM-
01092716	Matt.9.27	Δαυίδ	dauid	N-:----GSM-
01092801	Matt.9.28	ἐλθόντι	erchomai	V-:-AAPDSM-
01092802	Matt.9.28	δὲ	de	C-:--------
01092803	Matt.9.28	εἰς	eis	P-:--------
01092804	Matt.9.28	τὴν	ho	RA:----ASF-
01092805	Matt.9.28	οἰκίαν	oikia	N-:----ASF-
01092806	Matt.9.28	προσῆλθον	proserchomai	V-:3AAI-P--
01092807	Matt.9.28	αὐτῷ	autos	RP:----DSM-
01092808	Matt.9.28	οἱ	ho	RA:----NPM-
01092809	Matt.9.28	τυφλοί	typhlos	A-:----NPM-
01092810	Matt.9.28	καὶ	kai	C-:--------
01092811	Matt.9.28	λέγει	legō	V-:3PAI-S--
01092812	Matt.9.28	αὐτοῖς	autos	RP:----DPM-
01092813	Matt.9.28	ὁ	ho	RA:----NSM-
01092814	Matt.9.28	Ἰησοῦς	iēsous	N-:----NSM-
01092815	Matt.9.28	Πιστεύετε	pisteuō	V-:2PAI-P--
01092816	Matt.9.28	ὅτι	hoti	C-:--------
01092817	Matt.9.28	δύναμαι	dynamai	V-:1PMI-S--
01092818	Matt.9.28	τοῦτο	houtos	RD:----ASN-
01092819	Matt.9.28	ποιῆσαι	poieō	V-:-AAN----
01092820	Matt.9.28	λέγουσιν	legō	V-:3PAI-P--
01092821	Matt.9.28	αὐτῷ	autos	RP:----DSM-
01092822	Matt.9.28	Ναί	nai	X-:--------
01092823	Matt.9.28	κύριε	kyrios	N-:----VSM-
01092901	Matt.9.29	τότε	tote	D-:--------
01092902	Matt.9.29	ἥψατο	haptō	V-:3AMI-S--
01092903	Matt.9.29	τῶν	ho	RA:----GPM-
01092904	Matt.9.29	ὀφθαλμῶν	ophthalmos	N-:----GPM-
01092905	Matt.9.29	αὐτῶν	autos	RP:----GPM-
01092906	Matt.9.29	λέγων	legō	V-:-PAPNSM-
01092907	Matt.9.29	Κατὰ	kata	P-:--------
01092908	Matt.9.29	τὴν	ho	RA:----ASF-
01092909	Matt.9.29	πίστιν	pistis	N-:----ASF-
01092910	Matt.9.29	ὑμῶν	sy	RP:----GP--
01092911	Matt.9.29	γενηθήτω	ginomai	V-:3APD-S--
01092912	Matt.9.29	ὑμῖν	sy	RP:----DP--
01093001	Matt.9.30	καὶ	kai	C-:--------
01093002	Matt.9.30	ἠνεῴχθησαν	anoigō	V-:3API-P--
01093003	Matt.9.30	αὐτῶν	autos	RP:----GPM-
01093004	Matt.9.30	οἱ	ho	RA:----NPM-
01093005	Matt.9.30	ὀφθαλμοί	ophthalmos	N-:----NPM-
01093006	Matt.9.30	καὶ	kai	C-:--------
01093007	Matt.9.30	ἐνεβριμήθη	embrimaomai	V-:3API-S--
01093008	Matt.9.30	αὐτοῖς	autos	RP:----DPM-
01093009	Matt.9.30	ὁ	ho	RA:----NSM-
01093010	Matt.9.30	Ἰησοῦς	iēsous	N-:----NSM-
01093011	Matt.9.30	λέγων	legō	V-:-PAPNSM-
01093012	Matt.9.30	Ὁρᾶτε	horaō	V-:2PAD-P--
01093013	Matt.9.30	μηδεὶς	mēdeis	A-:----NSM-
01093014	Matt.9.30	γινωσκέτω	ginōskō	V-:3PAD-S--
01093101	Matt.9.31	οἱ	ho	RA:----NPM-
01093102	Matt.9.31	δὲ	de	C-:--------
01093103	Matt.9.31	ἐξελθόντες	exerchomai	V-:-AAPNPM-
01093104	Matt.9.31	διεφήμισαν	diaphēmizō	V-:3AAI-P--
01093105	Matt.9.31	αὐτὸν	autos	RP:----ASM-
01093106	Matt.9.31	ἐν	en	P-:--------
01093107	Matt.9.31	ὅλῃ	holos	A-:----DSF-
01093108	Matt.9.31	τῇ	ho	RA:----DSF-
01093109	Matt.9.31	γῇ	gē	N-:----DSF-
01093110	Matt.9.31	ἐκείνῃ	ekeinos	RD:----DSF-
01093201	Matt.9.32	Αὐτῶν	autos	RP:----GPM-
01093202	Matt.9.32	δὲ	de	C-:--------
01093203	Matt.9.32	ἐξερχομένων	exerchomai	V-:-PMPGPM-
01093204	Matt.9.32	ἰδοὺ	idou	X-:--------
01093205	Matt.9.32	προσήνεγκαν	prospherō	V-:3AAI-P--
01093206	Matt.9.32	αὐτῷ	autos	RP:----DSM-
01093207	Matt.9.32	ἄνθρωπον	anthrōpos	N-:----ASM-
01093208	Matt.9.32	κωφὸν	kōphos	A-:----ASM-
01093209	Matt.9.32	δαιμονιζόμενον	daimonizomai	V-:-PMPASM-
01093301	Matt.9.33	καὶ	kai	C-:--------
01093302	Matt.9.33	ἐκβληθέντος	ekballō	V-:-APPGSN-
01093303	Matt.9.33	τοῦ	ho	RA:----GSN-
01093304	Matt.9.33	δαιμονίου	daimonion	N-:----GSN-
01093305	Matt.9.33	ἐλάλησεν	laleō	V-:3AAI-S--
01093306	Matt.9.33	ὁ	ho	RA:----NSM-
01093307	Matt.9.33	κωφός	kōphos	A-:----NSM-
01093308	Matt.9.33	καὶ	kai	C-:--------
01093309	Matt.9.33	ἐθαύμασαν	thaumazō	V-:3AAI-P--
01093310	Matt.9.33	οἱ	ho	RA:----NPM-
01093311	Matt.9.33	ὄχλοι	ochlos	N-:----NPM-
01093312	Matt.9.33	λέγοντες	legō	V-:-PAPNPM-
01093313	Matt.9.33	Οὐδέποτε	oudepote	D-:--------
01093314	Matt.9.33	ἐφάνη	phainō	V-:3API-S--
01093315	Matt.9.33	οὕτως	houtō(s)	D-:--------
01093316	Matt.9.33	ἐν	en	P-:--------
01093317	Matt.9.33	τῷ	ho	RA:----DSM-
01093318	Matt.9.33	Ἰσραήλ	israēl	N-:----DSM-
01093401	Matt.9.34	οἱ	ho	RA:----NPM-
01093402	Matt.9.34	δὲ	de	C-:--------
01093403	Matt.9.34	Φαρισαῖοι	pharisaios	N-:----NPM-
01093404	Matt.9.34	ἔλεγον	legō	V-:3IAI-P--
01093405	Matt.9.34	Ἐν	en	P-:--------
01093406	Matt.9.34	τῷ	ho	RA:----DSM-
01093407	Matt.9.34	ἄρχοντι	archōn	N-:----DSM-
01093408	Matt.9.34	τῶν	ho	RA:----GPN-
01093409	Matt.9.34	δαιμονίων	daimonion	N-:----GPN-
01093410	Matt.9.34	ἐκβάλλει	ekballō	V-:3PAI-S--
01093411	Matt.9.34	τὰ	ho	RA:----APN-
01093412	Matt.9.34	δαιμόνια	daimonion	N-:----APN-
01093501	Matt.9.35	Καὶ	kai	C-:--------
01093502	Matt.9.35	περιῆγεν	periagō	V-:3IAI-S--
01093503	Matt.9.35	ὁ	ho	RA:----NSM-
01093504	Matt.9.35	Ἰησοῦς	iēsous	N-:----NSM-
01093505	Matt.9.35	τὰς	ho	RA:----APF-
01093506	Matt.9.35	πόλεις	polis	N-:----APF-
01093507	Matt.9.35	πάσας	pas	A-:----APF-
01093508	Matt.9.35	καὶ	kai	C-:--------
01093509	Matt.9.35	τὰς	ho	RA:----APF-
01093510	Matt.9.35	κώμας	kōmē	N-:----APF-
01093511	Matt.9.35	διδάσκων	didaskō	V-:-PAPNSM-
01093512	Matt.9.35	ἐν	en	P-:--------
01093513	Matt.9.35	ταῖς	ho	RA:----DPF-
01093514	Matt.9.35	συναγωγαῖς	synagōgē	N-:----DPF-
01093515	Matt.9.35	αὐτῶν	autos	RP:----GPM-
01093516	Matt.9.35	καὶ	kai	C-:--------
01093517	Matt.9.35	κηρύσσων	kēryssō	V-:-PAPNSM-
01093518	Matt.9.35	τὸ	ho	RA:----ASN-
01093519	Matt.9.35	εὐαγγέλιον	euangelion	N-:----ASN-
01093520	Matt.9.35	τῆς	ho	RA:----GSF-
01093521	Matt.9.35	βασιλείας	basileia	N-:----GSF-
01093522	Matt.9.35	καὶ	kai	C-:--------
01093523	Matt.9.35	θεραπεύων	therapeuō	V-:-PAPNSM-
01093524	Matt.9.35	πᾶσαν	pas	A-:----ASF-
01093525	Matt.9.35	νόσον	nosos	N-:----ASF-
01093526	Matt.9.35	καὶ	kai	C-:--------
01093527	Matt.9.35	πᾶσαν	pas	A-:----ASF-
01093528	Matt.9.35	μαλακίαν	malakia	N-:----ASF-
01093601	Matt.9.36	Ἰδὼν	horaō	V-:-AAPNSM-
01093602	Matt.9.36	δὲ	de	C-:--------
01093603	Matt.9.36	τοὺς	ho	RA:----APM-
01093604	Matt.9.36	ὄχλους	ochlos	N-:----APM-
01093605	Matt.9.36	ἐσπλαγχνίσθη	splanchnizomai	V-:3API-S--
01093606	Matt.9.36	περὶ	peri	P-:--------
01093607	Matt.9.36	αὐτῶν	autos	RP:----GPM-
01093608	Matt.9.36	ὅτι	hoti	C-:--------
01093609	Matt.9.36	ἦσαν	eimi	V-:3IAI-P--
01093610	Matt.9.36	ἐσκυλμένοι	skyllō	V-:-XPPNPM-
01093611	Matt.9.36	καὶ	kai	C-:--------
01093612	Matt.9.36	ἐρριμμένοι	rhiptō	V-:-XPPNPM-
01093613	Matt.9.36	ὡσεὶ	hōsei	C-:--------
01093614	Matt.9.36	πρόβατα	probaton	N-:----NPN-
01093615	Matt.9.36	μὴ	mē	D-:--------
01093616	Matt.9.36	ἔχοντα	echō	V-:-PAPNPN-
01093617	Matt.9.36	ποιμένα	poimēn	N-:----ASM-
01093701	Matt.9.37	τότε	tote	D-:--------
01093702	Matt.9.37	λέγει	legō	V-:3PAI-S--
01093703	Matt.9.37	τοῖς	ho	RA:----DPM-
01093704	Matt.9.37	μαθηταῖς	mathētēs	N-:----DPM-
01093705	Matt.9.37	αὐτοῦ	autos	RP:----GSM-
01093706	Matt.9.37	Ὁ	ho	RA:----NSM-
01093707	Matt.9.37	μὲν	men	C-:--------
01093708	Matt.9.37	θερισμὸς	therismos	N-:----NSM-
01093709	Matt.9.37	πολύς	polys	A-:----NSM-
01093710	Matt.9.37	οἱ	ho	RA:----NPM-
01093711	Matt.9.37	δὲ	de	C-:--------
01093712	Matt.9.37	ἐργάται	ergatēs	N-:----NPM-
01093713	Matt.9.37	ὀλίγοι	oligos	A-:----NPM-
01093801	Matt.9.38	δεήθητε	deō	V-:2APD-P--
01093802	Matt.9.38	οὖν	oun	C-:--------
01093803	Matt.9.38	τοῦ	ho	RA:----GSM-
01093804	Matt.9.38	κυρίου	kyrios	N-:----GSM-
01093805	Matt.9.38	τοῦ	ho	RA:----GSM-
01093806	Matt.9.38	θερισμοῦ	therismos	N-:----GSM-
01093807	Matt.9.38	ὅπως	hopōs	C-:--------
01093808	Matt.9.38	ἐκβάλῃ	ekballō	V-:3AAS-S--
01093809	Matt.9.38	ἐργάτας	ergatēs	N-:----APM-
01093810	Matt.9.38	εἰς	eis	P-:--------
01093811	Matt.9.38	τὸν	ho	RA:----ASM-
01093812	Matt.9.38	θερισμὸν	therismos	N-:----ASM-
01093813	Matt.9.38	αὐτοῦ	autos	RP:----GSM-
01100101	Matt.10.1	Καὶ	kai	C-:--------
01100102	Matt.10.1	προσκαλεσάμενος	proskaleomai	V-:-AMPNSM-
01100103	Matt.10.1	τοὺς	ho	RA:----APM-
01100104	Matt.10.1	δώδεκα	dōdeka	A-:----APM-
01100105	Matt.10.1	μαθητὰς	mathētēs	N-:----APM-
01100106	Matt.10.1	αὐτοῦ	autos	RP:----GSM-
01100107	Matt.10.1	ἔδωκεν	didōmi	V-:3AAI-S--
01100108	Matt.10.1	αὐτοῖς	autos	RP:----DPM-
01100109	Matt.10.1	ἐξουσίαν	exousia	N-:----ASF-
01100110	Matt.10.1	πνευμάτων	pneuma	N-:----GPN-
01100111	Matt.10.1	ἀκαθάρτων	akathartos	A-:----GPN-
01100112	Matt.10.1	ὥστε	hōste	C-:--------
01100113	Matt.10.1	ἐκβάλλειν	ekballō	V-:-PAN----
01100114	Matt.10.1	αὐτὰ	autos	RP:----APN-
01100115	Matt.10.1	καὶ	kai	C-:--------
01100116	Matt.10.1	θεραπεύειν	therapeuō	V-:-PAN----
01100117	Matt.10.1	πᾶσαν	pas	A-:----ASF-
01100118	Matt.10.1	νόσον	nosos	N-:----ASF-
01100119	Matt.10.1	καὶ	kai	C-:--------
01100120	Matt.10.1	πᾶσαν	pas	A-:----ASF-
01100121	Matt.10.1	μαλακίαν	malakia	N-:----ASF-
01100201	Matt.10.2	τῶν	ho	RA:----GPM-
01100202	Matt.10.2	δὲ	de	C-:--------
01100203	Matt.10.2	δώδεκα	dōdeka	A-:----GPM-
01100204	Matt.10.2	ἀποστόλων	apostolos	N-:----GPM-
01100205	Matt.10.2	τὰ	ho	RA:----NPN-
01100206	Matt.10.2	ὀνόματά	onoma	N-:----NPN-
01100207	Matt.10.2	ἐστιν	eimi	V-:3PAI-S--
01100208	Matt.10.2	ταῦτα	houtos	RD:----NPN-
01100209	Matt.10.2	πρῶτος	prōtos	A-:----NSM-
01100210	Matt.10.2	Σίμων	simōn	N-:----NSM-
01100211	Matt.10.2	ὁ	ho	RA:----NSM-
01100212	Matt.10.2	λεγόμενος	legō	V-:-PPPNSM-
01100213	Matt.10.2	Πέτρος	petros	N-:----NSM-
01100214	Matt.10.2	καὶ	kai	C-:--------
01100215	Matt.10.2	Ἀνδρέας	andreas	N-:----NSM-
01100216	Matt.10.2	ὁ	ho	RA:----NSM-
01100217	Matt.10.2	ἀδελφὸς	adelphos	N-:----NSM-
01100218	Matt.10.2	αὐτοῦ	autos	RP:----GSM-
01100219	Matt.10.2	Ἰάκωβος	iakōbos	N-:----NSM-
01100220	Matt.10.2	ὁ	ho	RA:----NSM-
01100221	Matt.10.2	τοῦ	ho	RA:----GSM-
01100222	Matt.10.2	Ζεβεδαίου	zebedaios	N-:----GSM-
01100223	Matt.10.2	καὶ	kai	C-:--------
01100224	Matt.10.2	Ἰωάννης	iōannēs	N-:----NSM-
01100225	Matt.10.2	ὁ	ho	RA:----NSM-
01100226	Matt.10.2	ἀδελφὸς	adelphos	N-:----NSM-
01100227	Matt.10.2	αὐτοῦ	autos	RP:----GSM-
01100301	Matt.10.3	Φίλιππος	philippos	N-:----NSM-
01100302	Matt.10.3	καὶ	kai	C-:--------
01100303	Matt.10.3	Βαρθολομαῖος	bartholomaios	N-:----NSM-
01100304	Matt.10.3	Θωμᾶς	thōmas	N-:----NSM-
01100305	Matt.10.3	καὶ	kai	C-:--------
01100306	Matt.10.3	Μαθθαῖος	maththaios	N-:----NSM-
01100307	Matt.10.3	ὁ	ho	RA:----NSM-
01100308	Matt.10.3	τελώνης	telōnēs	N-:----NSM-
01100309	Matt.10.3	Ἰάκωβος	iakōbos	N-:----NSM-
01100310	Matt.10.3	ὁ	ho	RA:----NSM-
01100311	Matt.10.3	τοῦ	ho	RA:----GSM-
01100312	Matt.10.3	Ἁλφαίου	halphaios	N-:----GSM-
01100313	Matt.10.3	καὶ	kai	C-:--------
01100314	Matt.10.3	Θαδδαῖος	thaddaios	N-:----NSM-
01100401	Matt.10.4	Σίμων	simōn	N-:----NSM-
01100402	Matt.10.4	ὁ	ho	RA:----NSM-
01100403	Matt.10.4	Καναναῖος	kananaios	N-:----NSM-
01100404	Matt.10.4	καὶ	kai	C-:--------
01100405	Matt.10.4	Ἰούδας	ioudas	N-:----NSM-
01100406	Matt.10.4	ὁ	ho	RA:----NSM-
01100407	Matt.10.4	Ἰσκαριώτης	iskariōtēs	N-:----NSM-
01100408	Matt.10.4	ὁ	ho	RA:----NSM-
01100409	Matt.10.4	καὶ	kai	D-:--------
01100410	Matt.10.4	παραδοὺς	paradidōmi	V-:-AAPNSM-
01100411	Matt.10.4	αὐτόν	autos	RP:----ASM-
01100501	Matt.10.5	Τούτους	houtos	RD:----APM-
01100502	Matt.10.5	τοὺς	ho	RA:----APM-
01100503	Matt.10.5	δώδεκα	dōdeka	A-:----APM-
01100504	Matt.10.5	ἀπέστειλεν	apostellō	V-:3AAI-S--
01100505	Matt.10.5	ὁ	ho	RA:----NSM-
01100506	Matt.10.5	Ἰησοῦς	iēsous	N-:----NSM-
01100507	Matt.10.5	παραγγείλας	parangellō	V-:-AAPNSM-
01100508	Matt.10.5	αὐτοῖς	autos	RP:----DPM-
01100509	Matt.10.5	λέγων	legō	V-:-PAPNSM-
01100510	Matt.10.5	Εἰς	eis	P-:--------
01100511	Matt.10.5	ὁδὸν	hodos	N-:----ASF-
01100512	Matt.10.5	ἐθνῶν	ethnos	N-:----GPN-
01100513	Matt.10.5	μὴ	mē	D-:--------
01100514	Matt.10.5	ἀπέλθητε	aperchomai	V-:2AAS-P--
01100515	Matt.10.5	καὶ	kai	C-:--------
01100516	Matt.10.5	εἰς	eis	P-:--------
01100517	Matt.10.5	πόλιν	polis	N-:----ASF-
01100518	Matt.10.5	Σαμαριτῶν	samaritēs	N-:----GPM-
01100519	Matt.10.5	μὴ	mē	D-:--------
01100520	Matt.10.5	εἰσέλθητε	eiserchomai	V-:2AAS-P--
01100601	Matt.10.6	πορεύεσθε	poreuomai	V-:2PMD-P--
01100602	Matt.10.6	δὲ	de	C-:--------
01100603	Matt.10.6	μᾶλλον	mallon	D-:--------
01100604	Matt.10.6	πρὸς	pros	P-:--------
01100605	Matt.10.6	τὰ	ho	RA:----APN-
01100606	Matt.10.6	πρόβατα	probaton	N-:----APN-
01100607	Matt.10.6	τὰ	ho	RA:----APN-
01100608	Matt.10.6	ἀπολωλότα	apollymi	V-:-XAPAPN-
01100609	Matt.10.6	οἴκου	oikos	N-:----GSM-
01100610	Matt.10.6	Ἰσραήλ	israēl	N-:----GSM-
01100701	Matt.10.7	πορευόμενοι	poreuomai	V-:-PMPNPM-
01100702	Matt.10.7	δὲ	de	C-:--------
01100703	Matt.10.7	κηρύσσετε	kēryssō	V-:2PAD-P--
01100704	Matt.10.7	λέγοντες	legō	V-:-PAPNPM-
01100705	Matt.10.7	ὅτι	hoti	C-:--------
01100706	Matt.10.7	Ἤγγικεν	engizō	V-:3XAI-S--
01100707	Matt.10.7	ἡ	ho	RA:----NSF-
01100708	Matt.10.7	βασιλεία	basileia	N-:----NSF-
01100709	Matt.10.7	τῶν	ho	RA:----GPM-
01100710	Matt.10.7	οὐρανῶν	ouranos	N-:----GPM-
01100801	Matt.10.8	ἀσθενοῦντας	astheneō	V-:-PAPAPM-
01100802	Matt.10.8	θεραπεύετε	therapeuō	V-:2PAD-P--
01100803	Matt.10.8	νεκροὺς	nekros	A-:----APM-
01100804	Matt.10.8	ἐγείρετε	egeirō	V-:2PAD-P--
01100805	Matt.10.8	λεπροὺς	lepros	A-:----APM-
01100806	Matt.10.8	καθαρίζετε	katharizō	V-:2PAD-P--
01100807	Matt.10.8	δαιμόνια	daimonion	N-:----APN-
01100808	Matt.10.8	ἐκβάλλετε	ekballō	V-:2PAD-P--
01100809	Matt.10.8	δωρεὰν	dōrean	D-:--------
01100810	Matt.10.8	ἐλάβετε	lambanō	V-:2AAI-P--
01100811	Matt.10.8	δωρεὰν	dōrean	D-:--------
01100812	Matt.10.8	δότε	didōmi	V-:2AAD-P--
01100901	Matt.10.9	μὴ	mē	D-:--------
01100902	Matt.10.9	κτήσησθε	ktaomai	V-:2AMS-P--
01100903	Matt.10.9	χρυσὸν	chrysos	N-:----ASM-
01100904	Matt.10.9	μηδὲ	mēde	C-:--------
01100905	Matt.10.9	ἄργυρον	argyros	N-:----ASM-
01100906	Matt.10.9	μηδὲ	mēde	C-:--------
01100907	Matt.10.9	χαλκὸν	chalkos	N-:----ASM-
01100908	Matt.10.9	εἰς	eis	P-:--------
01100909	Matt.10.9	τὰς	ho	RA:----APF-
01100910	Matt.10.9	ζώνας	zōnē	N-:----APF-
01100911	Matt.10.9	ὑμῶν	sy	RP:----GP--
01101001	Matt.10.10	μὴ	mē	D-:--------
01101002	Matt.10.10	πήραν	pēra	N-:----ASF-
01101003	Matt.10.10	εἰς	eis	P-:--------
01101004	Matt.10.10	ὁδὸν	hodos	N-:----ASF-
01101005	Matt.10.10	μηδὲ	mēde	C-:--------
01101006	Matt.10.10	δύο	dyo	A-:----APM-
01101007	Matt.10.10	χιτῶνας	chitōn	N-:----APM-
01101008	Matt.10.10	μηδὲ	mēde	C-:--------
01101009	Matt.10.10	ὑποδήματα	hypodēma	N-:----APN-
01101010	Matt.10.10	μηδὲ	mēde	C-:--------
01101011	Matt.10.10	ῥάβδον	rhabdos	N-:----ASF-
01101012	Matt.10.10	ἄξιος	axios	A-:----NSM-
01101013	Matt.10.10	γὰρ	gar	C-:--------
01101014	Matt.10.10	ὁ	ho	RA:----NSM-
01101015	Matt.10.10	ἐργάτης	ergatēs	N-:----NSM-
01101016	Matt.10.10	τῆς	ho	RA:----GSF-
01101017	Matt.10.10	τροφῆς	trophē	N-:----GSF-
01101018	Matt.10.10	αὐτοῦ	autos	RP:----GSM-
01101101	Matt.10.11	εἰς	eis	P-:--------
01101102	Matt.10.11	ἣν	hos	RR:----ASF-
01101103	Matt.10.11	δ’	de	C-:--------
01101104	Matt.10.11	ἂν	an	X-:--------
01101105	Matt.10.11	πόλιν	polis	N-:----ASF-
01101106	Matt.10.11	ἢ	ē	C-:--------
01101107	Matt.10.11	κώμην	kōmē	N-:----ASF-
01101108	Matt.10.11	εἰσέλθητε	eiserchomai	V-:2AAS-P--
01101109	Matt.10.11	ἐξετάσατε	exetazō	V-:2AAD-P--
01101110	Matt.10.11	τίς	tis	RI:----NSM-
01101111	Matt.10.11	ἐν	en	P-:--------
01101112	Matt.10.11	αὐτῇ	autos	RP:----DSF-
01101113	Matt.10.11	ἄξιός	axios	A-:----NSM-
01101114	Matt.10.11	ἐστιν	eimi	V-:3PAI-S--
01101115	Matt.10.11	κἀκεῖ	kakei	C-:--------
01101116	Matt.10.11	μείνατε	menō	V-:2AAD-P--
01101117	Matt.10.11	ἕως	heōs	C-:--------
01101118	Matt.10.11	ἂν	an	X-:--------
01101119	Matt.10.11	ἐξέλθητε	exerchomai	V-:2AAS-P--
01101201	Matt.10.12	εἰσερχόμενοι	eiserchomai	V-:-PMPNPM-
01101202	Matt.10.12	δὲ	de	C-:--------
01101203	Matt.10.12	εἰς	eis	P-:--------
01101204	Matt.10.12	τὴν	ho	RA:----ASF-
01101205	Matt.10.12	οἰκίαν	oikia	N-:----ASF-
01101206	Matt.10.12	ἀσπάσασθε	aspazomai	V-:2AMD-P--
01101207	Matt.10.12	αὐτήν	autos	RP:----ASF-
01101301	Matt.10.13	καὶ	kai	C-:--------
01101302	Matt.10.13	ἐὰν	ean	C-:--------
01101303	Matt.10.13	μὲν	men	C-:--------
01101304	Matt.10.13	ᾖ	eimi	V-:3PAS-S--
01101305	Matt.10.13	ἡ	ho	RA:----NSF-
01101306	Matt.10.13	οἰκία	oikia	N-:----NSF-
01101307	Matt.10.13	ἀξία	axios	A-:----NSF-
01101308	Matt.10.13	ἐλθάτω	erchomai	V-:3AAD-S--
01101309	Matt.10.13	ἡ	ho	RA:----NSF-
01101310	Matt.10.13	εἰρήνη	eirēnē	N-:----NSF-
01101311	Matt.10.13	ὑμῶν	sy	RP:----GP--
01101312	Matt.10.13	ἐπ’	epi	P-:--------
01101313	Matt.10.13	αὐτήν	autos	RP:----ASF-
01101314	Matt.10.13	ἐὰν	ean	C-:--------
01101315	Matt.10.13	δὲ	de	C-:--------
01101316	Matt.10.13	μὴ	mē	D-:--------
01101317	Matt.10.13	ᾖ	eimi	V-:3PAS-S--
01101318	Matt.10.13	ἀξία	axios	A-:----NSF-
01101319	Matt.10.13	ἡ	ho	RA:----NSF-
01101320	Matt.10.13	εἰρήνη	eirēnē	N-:----NSF-
01101321	Matt.10.13	ὑμῶν	sy	RP:----GP--
01101322	Matt.10.13	πρὸς	pros	P-:--------
01101323	Matt.10.13	ὑμᾶς	sy	RP:----AP--
01101324	Matt.10.13	ἐπιστραφήτω	epistrephō	V-:3APD-S--
01101401	Matt.10.14	καὶ	kai	C-:--------
01101402	Matt.10.14	ὃς	hos	RR:----NSM-
01101403	Matt.10.14	ἂν	an	X-:--------
01101404	Matt.10.14	μὴ	mē	D-:--------
01101405	Matt.10.14	δέξηται	dechomai	V-:3AMS-S--
01101406	Matt.10.14	ὑμᾶς	sy	RP:----AP--
01101407	Matt.10.14	μηδὲ	mēde	C-:--------
01101408	Matt.10.14	ἀκούσῃ	akouō	V-:3AAS-S--
01101409	Matt.10.14	τοὺς	ho	RA:----APM-
01101410	Matt.10.14	λόγους	logos	N-:----APM-
01101411	Matt.10.14	ὑμῶν	sy	RP:----GP--
01101412	Matt.10.14	ἐξερχόμενοι	exerchomai	V-:-PMPNPM-
01101413	Matt.10.14	ἔξω	exō	P-:--------
01101414	Matt.10.14	τῆς	ho	RA:----GSF-
01101415	Matt.10.14	οἰκίας	oikia	N-:----GSF-
01101416	Matt.10.14	ἢ	ē	C-:--------
01101417	Matt.10.14	τῆς	ho	RA:----GSF-
01101418	Matt.10.14	πόλεως	polis	N-:----GSF-
01101419	Matt.10.14	ἐκείνης	ekeinos	RD:----GSF-
01101420	Matt.10.14	ἐκτινάξατε	ektinassō	V-:2AAD-P--
01101421	Matt.10.14	τὸν	ho	RA:----ASM-
01101422	Matt.10.14	κονιορτὸν	koniortos	N-:----ASM-
01101423	Matt.10.14	τῶν	ho	RA:----GPM-
01101424	Matt.10.14	ποδῶν	pous	N-:----GPM-
01101425	Matt.10.14	ὑμῶν	sy	RP:----GP--
01101501	Matt.10.15	ἀμὴν	amēn	X-:--------
01101502	Matt.10.15	λέγω	legō	V-:1PAI-S--
01101503	Matt.10.15	ὑμῖν	sy	RP:----DP--
01101504	Matt.10.15	ἀνεκτότερον	anektos	A-:----NSNC
01101505	Matt.10.15	ἔσται	eimi	V-:3FMI-S--
01101506	Matt.10.15	γῇ	gē	N-:----DSF-
01101507	Matt.10.15	Σοδόμων	sodoma	N-:----GPN-
01101508	Matt.10.15	καὶ	kai	C-:--------
01101509	Matt.10.15	Γομόρρων	gomorra	N-:----GPN-
01101510	Matt.10.15	ἐν	en	P-:--------
01101511	Matt.10.15	ἡμέρᾳ	hēmera	N-:----DSF-
01101512	Matt.10.15	κρίσεως	krisis	N-:----GSF-
01101513	Matt.10.15	ἢ	ē	C-:--------
01101514	Matt.10.15	τῇ	ho	RA:----DSF-
01101515	Matt.10.15	πόλει	polis	N-:----DSF-
01101516	Matt.10.15	ἐκείνῃ	ekeinos	RD:----DSF-
01101601	Matt.10.16	Ἰδοὺ	idou	X-:--------
01101602	Matt.10.16	ἐγὼ	egō	RP:----NS--
01101603	Matt.10.16	ἀποστέλλω	apostellō	V-:1PAI-S--
01101604	Matt.10.16	ὑμᾶς	sy	RP:----AP--
01101605	Matt.10.16	ὡς	hōs	C-:--------
01101606	Matt.10.16	πρόβατα	probaton	N-:----APN-
01101607	Matt.10.16	ἐν	en	P-:--------
01101608	Matt.10.16	μέσῳ	mesos	A-:----DSN-
01101609	Matt.10.16	λύκων	lykos	N-:----GPM-
01101610	Matt.10.16	γίνεσθε	ginomai	V-:2PMD-P--
01101611	Matt.10.16	οὖν	oun	C-:--------
01101612	Matt.10.16	φρόνιμοι	phronimos	A-:----NPM-
01101613	Matt.10.16	ὡς	hōs	C-:--------
01101614	Matt.10.16	οἱ	ho	RA:----NPM-
01101615	Matt.10.16	ὄφεις	ophis	N-:----NPM-
01101616	Matt.10.16	καὶ	kai	C-:--------
01101617	Matt.10.16	ἀκέραιοι	akeraios	A-:----NPM-
01101618	Matt.10.16	ὡς	hōs	C-:--------
01101619	Matt.10.16	αἱ	ho	RA:----NPF-
01101620	Matt.10.16	περιστεραί	peristera	N-:----NPF-
01101701	Matt.10.17	προσέχετε	prosechō	V-:2PAD-P--
01101702	Matt.10.17	δὲ	de	C-:--------
01101703	Matt.10.17	ἀπὸ	apo	P-:--------
01101704	Matt.10.17	τῶν	ho	RA:----GPM-
01101705	Matt.10.17	ἀνθρώπων	anthrōpos	N-:----GPM-
01101706	Matt.10.17	παραδώσουσιν	paradidōmi	V-:3FAI-P--
01101707	Matt.10.17	γὰρ	gar	C-:--------
01101708	Matt.10.17	ὑμᾶς	sy	RP:----AP--
01101709	Matt.10.17	εἰς	eis	P-:--------
01101710	Matt.10.17	συνέδρια	synedrion	N-:----APN-
01101711	Matt.10.17	καὶ	kai	C-:--------
01101712	Matt.10.17	ἐν	en	P-:--------
01101713	Matt.10.17	ταῖς	ho	RA:----DPF-
01101714	Matt.10.17	συναγωγαῖς	synagōgē	N-:----DPF-
01101715	Matt.10.17	αὐτῶν	autos	RP:----GPM-
01101716	Matt.10.17	μαστιγώσουσιν	mastigoō	V-:3FAI-P--
01101717	Matt.10.17	ὑμᾶς	sy	RP:----AP--
01101801	Matt.10.18	καὶ	kai	D-:--------
01101802	Matt.10.18	ἐπὶ	epi	P-:--------
01101803	Matt.10.18	ἡγεμόνας	hēgemōn	N-:----APM-
01101804	Matt.10.18	δὲ	de	C-:--------
01101805	Matt.10.18	καὶ	kai	C-:--------
01101806	Matt.10.18	βασιλεῖς	basileus	N-:----APM-
01101807	Matt.10.18	ἀχθήσεσθε	agō	V-:2FPI-P--
01101808	Matt.10.18	ἕνεκεν	heneken	P-:--------
01101809	Matt.10.18	ἐμοῦ	egō	RP:----GS--
01101810	Matt.10.18	εἰς	eis	P-:--------
01101811	Matt.10.18	μαρτύριον	martyrion	N-:----ASN-
01101812	Matt.10.18	αὐτοῖς	autos	RP:----DPM-
01101813	Matt.10.18	καὶ	kai	C-:--------
01101814	Matt.10.18	τοῖς	ho	RA:----DPN-
01101815	Matt.10.18	ἔθνεσιν	ethnos	N-:----DPN-
01101901	Matt.10.19	ὅταν	hotan	C-:--------
01101902	Matt.10.19	δὲ	de	C-:--------
01101903	Matt.10.19	παραδῶσιν	paradidōmi	V-:3AAS-P--
01101904	Matt.10.19	ὑμᾶς	sy	RP:----AP--
01101905	Matt.10.19	μὴ	mē	D-:--------
01101906	Matt.10.19	μεριμνήσητε	merimnaō	V-:2AAS-P--
01101907	Matt.10.19	πῶς	pōs	D-:--------
01101908	Matt.10.19	ἢ	ē	C-:--------
01101909	Matt.10.19	τί	tis	RI:----ASN-
01101910	Matt.10.19	λαλήσητε	laleō	V-:2AAS-P--
01101911	Matt.10.19	δοθήσεται	didōmi	V-:3FPI-S--
01101912	Matt.10.19	γὰρ	gar	C-:--------
01101913	Matt.10.19	ὑμῖν	sy	RP:----DP--
01101914	Matt.10.19	ἐν	en	P-:--------
01101915	Matt.10.19	ἐκείνῃ	ekeinos	RD:----DSF-
01101916	Matt.10.19	τῇ	ho	RA:----DSF-
01101917	Matt.10.19	ὥρᾳ	hōra	N-:----DSF-
01101918	Matt.10.19	τί	tis	RI:----ASN-
01101919	Matt.10.19	λαλήσητε	laleō	V-:2AAS-P--
01102001	Matt.10.20	οὐ	ou	D-:--------
01102002	Matt.10.20	γὰρ	gar	C-:--------
01102003	Matt.10.20	ὑμεῖς	sy	RP:----NP--
01102004	Matt.10.20	ἐστε	eimi	V-:2PAI-P--
01102005	Matt.10.20	οἱ	ho	RA:----NPM-
01102006	Matt.10.20	λαλοῦντες	laleō	V-:-PAPNPM-
01102007	Matt.10.20	ἀλλὰ	alla	C-:--------
01102008	Matt.10.20	τὸ	ho	RA:----NSN-
01102009	Matt.10.20	πνεῦμα	pneuma	N-:----NSN-
01102010	Matt.10.20	τοῦ	ho	RA:----GSM-
01102011	Matt.10.20	πατρὸς	patēr	N-:----GSM-
01102012	Matt.10.20	ὑμῶν	sy	RP:----GP--
01102013	Matt.10.20	τὸ	ho	RA:----NSN-
01102014	Matt.10.20	λαλοῦν	laleō	V-:-PAPNSN-
01102015	Matt.10.20	ἐν	en	P-:--------
01102016	Matt.10.20	ὑμῖν	sy	RP:----DP--
01102101	Matt.10.21	παραδώσει	paradidōmi	V-:3FAI-S--
01102102	Matt.10.21	δὲ	de	C-:--------
01102103	Matt.10.21	ἀδελφὸς	adelphos	N-:----NSM-
01102104	Matt.10.21	ἀδελφὸν	adelphos	N-:----ASM-
01102105	Matt.10.21	εἰς	eis	P-:--------
01102106	Matt.10.21	θάνατον	thanatos	N-:----ASM-
01102107	Matt.10.21	καὶ	kai	C-:--------
01102108	Matt.10.21	πατὴρ	patēr	N-:----NSM-
01102109	Matt.10.21	τέκνον	teknon	N-:----ASN-
01102110	Matt.10.21	καὶ	kai	C-:--------
01102111	Matt.10.21	ἐπαναστήσονται	epanistamai	V-:3FMI-P--
01102112	Matt.10.21	τέκνα	teknon	N-:----NPN-
01102113	Matt.10.21	ἐπὶ	epi	P-:--------
01102114	Matt.10.21	γονεῖς	goneus	N-:----APM-
01102115	Matt.10.21	καὶ	kai	C-:--------
01102116	Matt.10.21	θανατώσουσιν	thanatoō	V-:3FAI-P--
01102117	Matt.10.21	αὐτούς	autos	RP:----APM-
01102201	Matt.10.22	καὶ	kai	C-:--------
01102202	Matt.10.22	ἔσεσθε	eimi	V-:2FMI-P--
01102203	Matt.10.22	μισούμενοι	miseō	V-:-PPPNPM-
01102204	Matt.10.22	ὑπὸ	hypo	P-:--------
01102205	Matt.10.22	πάντων	pas	A-:----GPM-
01102206	Matt.10.22	διὰ	dia	P-:--------
01102207	Matt.10.22	τὸ	ho	RA:----ASN-
01102208	Matt.10.22	ὄνομά	onoma	N-:----ASN-
01102209	Matt.10.22	μου	egō	RP:----GS--
01102210	Matt.10.22	ὁ	ho	RA:----NSM-
01102211	Matt.10.22	δὲ	de	C-:--------
01102212	Matt.10.22	ὑπομείνας	hypomenō	V-:-AAPNSM-
01102213	Matt.10.22	εἰς	eis	P-:--------
01102214	Matt.10.22	τέλος	telos	N-:----ASN-
01102215	Matt.10.22	οὗτος	houtos	RD:----NSM-
01102216	Matt.10.22	σωθήσεται	sōzō	V-:3FPI-S--
01102301	Matt.10.23	ὅταν	hotan	C-:--------
01102302	Matt.10.23	δὲ	de	C-:--------
01102303	Matt.10.23	διώκωσιν	diōkō	V-:3PAS-P--
01102304	Matt.10.23	ὑμᾶς	sy	RP:----AP--
01102305	Matt.10.23	ἐν	en	P-:--------
01102306	Matt.10.23	τῇ	ho	RA:----DSF-
01102307	Matt.10.23	πόλει	polis	N-:----DSF-
01102308	Matt.10.23	ταύτῃ	houtos	RD:----DSF-
01102309	Matt.10.23	φεύγετε	pheugō	V-:2PAD-P--
01102310	Matt.10.23	εἰς	eis	P-:--------
01102311	Matt.10.23	τὴν	ho	RA:----ASF-
01102312	Matt.10.23	ἑτέραν	heteros	A-:----ASF-
01102313	Matt.10.23	ἀμὴν	amēn	X-:--------
01102314	Matt.10.23	γὰρ	gar	C-:--------
01102315	Matt.10.23	λέγω	legō	V-:1PAI-S--
01102316	Matt.10.23	ὑμῖν	sy	RP:----DP--
01102317	Matt.10.23	οὐ	ou	D-:--------
01102318	Matt.10.23	μὴ	mē	D-:--------
01102319	Matt.10.23	τελέσητε	teleō	V-:2AAS-P--
01102320	Matt.10.23	τὰς	ho	RA:----APF-
01102321	Matt.10.23	πόλεις	polis	N-:----APF-
01102322	Matt.10.23	τοῦ	ho	RA:----GSM-
01102323	Matt.10.23	Ἰσραὴλ	israēl	N-:----GSM-
01102324	Matt.10.23	ἕως	heōs	C-:--------
01102325	Matt.10.23	ἂν	an	X-:--------
01102326	Matt.10.23	ἔλθῃ	erchomai	V-:3AAS-S--
01102327	Matt.10.23	ὁ	ho	RA:----NSM-
01102328	Matt.10.23	υἱὸς	huios	N-:----NSM-
01102329	Matt.10.23	τοῦ	ho	RA:----GSM-
01102330	Matt.10.23	ἀνθρώπου	anthrōpos	N-:----GSM-
01102401	Matt.10.24	Οὐκ	ou	D-:--------
01102402	Matt.10.24	ἔστιν	eimi	V-:3PAI-S--
01102403	Matt.10.24	μαθητὴς	mathētēs	N-:----NSM-
01102404	Matt.10.24	ὑπὲρ	hyper	P-:--------
01102405	Matt.10.24	τὸν	ho	RA:----ASM-
01102406	Matt.10.24	διδάσκαλον	didaskalos	N-:----ASM-
01102407	Matt.10.24	οὐδὲ	oude	C-:--------
01102408	Matt.10.24	δοῦλος	doulos	N-:----NSM-
01102409	Matt.10.24	ὑπὲρ	hyper	P-:--------
01102410	Matt.10.24	τὸν	ho	RA:----ASM-
01102411	Matt.10.24	κύριον	kyrios	N-:----ASM-
01102412	Matt.10.24	αὐτοῦ	autos	RP:----GSM-
01102501	Matt.10.25	ἀρκετὸν	arketos	A-:----NSN-
01102502	Matt.10.25	τῷ	ho	RA:----DSM-
01102503	Matt.10.25	μαθητῇ	mathētēs	N-:----DSM-
01102504	Matt.10.25	ἵνα	hina	C-:--------
01102505	Matt.10.25	γένηται	ginomai	V-:3AMS-S--
01102506	Matt.10.25	ὡς	hōs	C-:--------
01102507	Matt.10.25	ὁ	ho	RA:----NSM-
01102508	Matt.10.25	διδάσκαλος	didaskalos	N-:----NSM-
01102509	Matt.10.25	αὐτοῦ	autos	RP:----GSM-
01102510	Matt.10.25	καὶ	kai	C-:--------
01102511	Matt.10.25	ὁ	ho	RA:----NSM-
01102512	Matt.10.25	δοῦλος	doulos	N-:----NSM-
01102513	Matt.10.25	ὡς	hōs	C-:--------
01102514	Matt.10.25	ὁ	ho	RA:----NSM-
01102515	Matt.10.25	κύριος	kyrios	N-:----NSM-
01102516	Matt.10.25	αὐτοῦ	autos	RP:----GSM-
01102517	Matt.10.25	εἰ	ei	C-:--------
01102518	Matt.10.25	τὸν	ho	RA:----ASM-
01102519	Matt.10.25	οἰκοδεσπότην	oikodespotēs	N-:----ASM-
01102520	Matt.10.25	Βεελζεβοὺλ	beelzeboul	N-:----ASM-
01102521	Matt.10.25	ἐπεκάλεσαν	epikaleō	V-:3AAI-P--
01102522	Matt.10.25	πόσῳ	posos	RI:----DSN-
01102523	Matt.10.25	μᾶλλον	mallon	D-:--------
01102524	Matt.10.25	τοὺς	ho	RA:----APM-
01102525	Matt.10.25	οἰκιακοὺς	oikiakos	N-:----APM-
01102526	Matt.10.25	αὐτοῦ	autos	RP:----GSM-
01102601	Matt.10.26	Μὴ	mē	D-:--------
01102602	Matt.10.26	οὖν	oun	C-:--------
01102603	Matt.10.26	φοβηθῆτε	phobeomai	V-:2APS-P--
01102604	Matt.10.26	αὐτούς	autos	RP:----APM-
01102605	Matt.10.26	οὐδὲν	oudeis	A-:----NSN-
01102606	Matt.10.26	γάρ	gar	C-:--------
01102607	Matt.10.26	ἐστιν	eimi	V-:3PAI-S--
01102608	Matt.10.26	κεκαλυμμένον	kalyptō	V-:-XPPNSN-
01102609	Matt.10.26	ὃ	hos	RR:----NSN-
01102610	Matt.10.26	οὐκ	ou	D-:--------
01102611	Matt.10.26	ἀποκαλυφθήσεται	apokalyptō	V-:3FPI-S--
01102612	Matt.10.26	καὶ	kai	C-:--------
01102613	Matt.10.26	κρυπτὸν	kryptos	A-:----NSN-
01102614	Matt.10.26	ὃ	hos	RR:----NSN-
01102615	Matt.10.26	οὐ	ou	D-:--------
01102616	Matt.10.26	γνωσθήσεται	ginōskō	V-:3FPI-S--
01102701	Matt.10.27	ὃ	hos	RR:----ASN-
01102702	Matt.10.27	λέγω	legō	V-:1PAI-S--
01102703	Matt.10.27	ὑμῖν	sy	RP:----DP--
01102704	Matt.10.27	ἐν	en	P-:--------
01102705	Matt.10.27	τῇ	ho	RA:----DSF-
01102706	Matt.10.27	σκοτίᾳ	skotia	N-:----DSF-
01102707	Matt.10.27	εἴπατε	legō	V-:2AAD-P--
01102708	Matt.10.27	ἐν	en	P-:--------
01102709	Matt.10.27	τῷ	ho	RA:----DSN-
01102710	Matt.10.27	φωτί	phōs	N-:----DSN-
01102711	Matt.10.27	καὶ	kai	C-:--------
01102712	Matt.10.27	ὃ	hos	RR:----ASN-
01102713	Matt.10.27	εἰς	eis	P-:--------
01102714	Matt.10.27	τὸ	ho	RA:----ASN-
01102715	Matt.10.27	οὖς	ous	N-:----ASN-
01102716	Matt.10.27	ἀκούετε	akouō	V-:2PAI-P--
01102717	Matt.10.27	κηρύξατε	kēryssō	V-:2AAD-P--
01102718	Matt.10.27	ἐπὶ	epi	P-:--------
01102719	Matt.10.27	τῶν	ho	RA:----GPN-
01102720	Matt.10.27	δωμάτων	dōma	N-:----GPN-
01102801	Matt.10.28	καὶ	kai	C-:--------
01102802	Matt.10.28	μὴ	mē	D-:--------
01102803	Matt.10.28	φοβεῖσθε	phobeomai	V-:2PMD-P--
01102804	Matt.10.28	ἀπὸ	apo	P-:--------
01102805	Matt.10.28	τῶν	ho	RA:----GPM-
01102806	Matt.10.28	ἀποκτεννόντων	apokteinō	V-:-PAPGPM-
01102807	Matt.10.28	τὸ	ho	RA:----ASN-
01102808	Matt.10.28	σῶμα	sōma	N-:----ASN-
01102809	Matt.10.28	τὴν	ho	RA:----ASF-
01102810	Matt.10.28	δὲ	de	C-:--------
01102811	Matt.10.28	ψυχὴν	psychē	N-:----ASF-
01102812	Matt.10.28	μὴ	mē	D-:--------
01102813	Matt.10.28	δυναμένων	dynamai	V-:-PMPGPM-
01102814	Matt.10.28	ἀποκτεῖναι	apokteinō	V-:-AAN----
01102815	Matt.10.28	φοβεῖσθε	phobeomai	V-:2PMD-P--
01102816	Matt.10.28	δὲ	de	C-:--------
01102817	Matt.10.28	μᾶλλον	mallon	D-:--------
01102818	Matt.10.28	τὸν	ho	RA:----ASM-
01102819	Matt.10.28	δυνάμενον	dynamai	V-:-PMPASM-
01102820	Matt.10.28	καὶ	kai	C-:--------
01102821	Matt.10.28	ψυχὴν	psychē	N-:----ASF-
01102822	Matt.10.28	καὶ	kai	C-:--------
01102823	Matt.10.28	σῶμα	sōma	N-:----ASN-
01102824	Matt.10.28	ἀπολέσαι	apollymi	V-:-AAN----
01102825	Matt.10.28	ἐν	en	P-:--------
01102826	Matt.10.28	γεέννῃ	geenna	N-:----DSF-
01102901	Matt.10.29	οὐχὶ	ouchi	X-:--------
01102902	Matt.10.29	δύο	dyo	A-:----NPN-
01102903	Matt.10.29	στρουθία	strouthion	N-:----NPN-
01102904	Matt.10.29	ἀσσαρίου	assarion	N-:----GSN-
01102905	Matt.10.29	πωλεῖται	pōleō	V-:3PPI-S--
01102906	Matt.10.29	καὶ	kai	C-:--------
01102907	Matt.10.29	ἓν	heis	A-:----NSN-
01102908	Matt.10.29	ἐξ	ek	P-:--------
01102909	Matt.10.29	αὐτῶν	autos	RP:----GPN-
01102910	Matt.10.29	οὐ	ou	D-:--------
01102911	Matt.10.29	πεσεῖται	piptō	V-:3FMI-S--
01102912	Matt.10.29	ἐπὶ	epi	P-:--------
01102913	Matt.10.29	τὴν	ho	RA:----ASF-
01102914	Matt.10.29	γῆν	gē	N-:----ASF-
01102915	Matt.10.29	ἄνευ	aneu	P-:--------
01102916	Matt.10.29	τοῦ	ho	RA:----GSM-
01102917	Matt.10.29	πατρὸς	patēr	N-:----GSM-
01102918	Matt.10.29	ὑμῶν	sy	RP:----GP--
01103001	Matt.10.30	ὑμῶν	sy	RP:----GP--
01103002	Matt.10.30	δὲ	de	C-:--------
01103003	Matt.10.30	καὶ	kai	D-:--------
01103004	Matt.10.30	αἱ	ho	RA:----NPF-
01103005	Matt.10.30	τρίχες	thrix	N-:----NPF-
01103006	Matt.10.30	τῆς	ho	RA:----GSF-
01103007	Matt.10.30	κεφαλῆς	kephalē	N-:----GSF-
01103008	Matt.10.30	πᾶσαι	pas	A-:----NPF-
01103009	Matt.10.30	ἠριθμημέναι	arithmeō	V-:-XPPNPF-
01103010	Matt.10.30	εἰσίν	eimi	V-:3PAI-P--
01103101	Matt.10.31	μὴ	mē	D-:--------
01103102	Matt.10.31	οὖν	oun	C-:--------
01103103	Matt.10.31	φοβεῖσθε	phobeomai	V-:2PMD-P--
01103104	Matt.10.31	πολλῶν	polys	A-:----GPN-
01103105	Matt.10.31	στρουθίων	strouthion	N-:----GPN-
01103106	Matt.10.31	διαφέρετε	diapherō	V-:2PAI-P--
01103107	Matt.10.31	ὑμεῖς	sy	RP:----NP--
01103201	Matt.10.32	Πᾶς	pas	A-:----NSM-
01103202	Matt.10.32	οὖν	oun	C-:--------
01103203	Matt.10.32	ὅστις	hostis	RR:----NSM-
01103204	Matt.10.32	ὁμολογήσει	homologeō	V-:3FAI-S--
01103205	Matt.10.32	ἐν	en	P-:--------
01103206	Matt.10.32	ἐμοὶ	egō	RP:----DS--
01103207	Matt.10.32	ἔμπροσθεν	emprosthen	P-:--------
01103208	Matt.10.32	τῶν	ho	RA:----GPM-
01103209	Matt.10.32	ἀνθρώπων	anthrōpos	N-:----GPM-
01103210	Matt.10.32	ὁμολογήσω	homologeō	V-:1FAI-S--
01103211	Matt.10.32	κἀγὼ	kagō	RP:----NS--
01103212	Matt.10.32	ἐν	en	P-:--------
01103213	Matt.10.32	αὐτῷ	autos	RP:----DSM-
01103214	Matt.10.32	ἔμπροσθεν	emprosthen	P-:--------
01103215	Matt.10.32	τοῦ	ho	RA:----GSM-
01103216	Matt.10.32	πατρός	patēr	N-:----GSM-
01103217	Matt.10.32	μου	egō	RP:----GS--
01103218	Matt.10.32	τοῦ	ho	RA:----GSM-
01103219	Matt.10.32	ἐν	en	P-:--------
01103220	Matt.10.32	οὐρανοῖς	ouranos	N-:----DPM-
01103301	Matt.10.33	ὅστις	hostis	RR:----NSM-
01103302	Matt.10.33	δ’	de	C-:--------
01103303	Matt.10.33	ἂν	an	X-:--------
01103304	Matt.10.33	ἀρνήσηταί	arneomai	V-:3AMS-S--
01103305	Matt.10.33	με	egō	RP:----AS--
01103306	Matt.10.33	ἔμπροσθεν	emprosthen	P-:--------
01103307	Matt.10.33	τῶν	ho	RA:----GPM-
01103308	Matt.10.33	ἀνθρώπων	anthrōpos	N-:----GPM-
01103309	Matt.10.33	ἀρνήσομαι	arneomai	V-:1FMI-S--
01103310	Matt.10.33	κἀγὼ	kagō	RP:----NS--
01103311	Matt.10.33	αὐτὸν	autos	RP:----ASM-
01103312	Matt.10.33	ἔμπροσθεν	emprosthen	P-:--------
01103313	Matt.10.33	τοῦ	ho	RA:----GSM-
01103314	Matt.10.33	πατρός	patēr	N-:----GSM-
01103315	Matt.10.33	μου	egō	RP:----GS--
01103316	Matt.10.33	τοῦ	ho	RA:----GSM-
01103317	Matt.10.33	ἐν	en	P-:--------
01103318	Matt.10.33	οὐρανοῖς	ouranos	N-:----DPM-
01103401	Matt.10.34	Μὴ	mē	D-:--------
01103402	Matt.10.34	νομίσητε	nomizō	V-:2AAS-P--
01103403	Matt.10.34	ὅτι	hoti	C-:--------
01103404	Matt.10.34	ἦλθον	erchomai	V-:1AAI-S--
01103405	Matt.10.34	βαλεῖν	ballō	V-:-AAN----
01103406	Matt.10.34	εἰρήνην	eirēnē	N-:----ASF-
01103407	Matt.10.34	ἐπὶ	epi	P-:--------
01103408	Matt.10.34	τὴν	ho	RA:----ASF-
01103409	Matt.10.34	γῆν	gē	N-:----ASF-
01103410	Matt.10.34	οὐκ	ou	D-:--------
01103411	Matt.10.34	ἦλθον	erchomai	V-:1AAI-S--
01103412	Matt.10.34	βαλεῖν	ballō	V-:-AAN----
01103413	Matt.10.34	εἰρήνην	eirēnē	N-:----ASF-
01103414	Matt.10.34	ἀλλὰ	alla	C-:--------
01103415	Matt.10.34	μάχαιραν	machaira	N-:----ASF-
01103501	Matt.10.35	ἦλθον	erchomai	V-:1AAI-S--
01103502	Matt.10.35	γὰρ	gar	C-:--------
01103503	Matt.10.35	διχάσαι	dichazō	V-:-AAN----
01103504	Matt.10.35	ἄνθρωπον	anthrōpos	N-:----ASM-
01103505	Matt.10.35	κατὰ	kata	P-:--------
01103506	Matt.10.35	τοῦ	ho	RA:----GSM-
01103507	Matt.10.35	πατρὸς	patēr	N-:----GSM-
01103508	Matt.10.35	αὐτοῦ	autos	RP:----GSM-
01103509	Matt.10.35	καὶ	kai	C-:--------
01103510	Matt.10.35	θυγατέρα	thygatēr	N-:----ASF-
01103511	Matt.10.35	κατὰ	kata	P-:--------
01103512	Matt.10.35	τῆς	ho	RA:----GSF-
01103513	Matt.10.35	μητρὸς	mētēr	N-:----GSF-
01103514	Matt.10.35	αὐτῆς	autos	RP:----GSF-
01103515	Matt.10.35	καὶ	kai	C-:--------
01103516	Matt.10.35	νύμφην	nymphē	N-:----ASF-
01103517	Matt.10.35	κατὰ	kata	P-:--------
01103518	Matt.10.35	τῆς	ho	RA:----GSF-
01103519	Matt.10.35	πενθερᾶς	penthera	N-:----GSF-
01103520	Matt.10.35	αὐτῆς	autos	RP:----GSF-
01103601	Matt.10.36	καὶ	kai	C-:--------
01103602	Matt.10.36	ἐχθροὶ	echthros	A-:----NPM-
01103603	Matt.10.36	τοῦ	ho	RA:----GSM-
01103604	Matt.10.36	ἀνθρώπου	anthrōpos	N-:----GSM-
01103605	Matt.10.36	οἱ	ho	RA:----NPM-
01103606	Matt.10.36	οἰκιακοὶ	oikiakos	N-:----NPM-
01103607	Matt.10.36	αὐτοῦ	autos	RP:----GSM-
01103701	Matt.10.37	ὁ	ho	RA:----NSM-
01103702	Matt.10.37	φιλῶν	phileō	V-:-PAPNSM-
01103703	Matt.10.37	πατέρα	patēr	N-:----ASM-
01103704	Matt.10.37	ἢ	ē	C-:--------
01103705	Matt.10.37	μητέρα	mētēr	N-:----ASF-
01103706	Matt.10.37	ὑπὲρ	hyper	P-:--------
01103707	Matt.10.37	ἐμὲ	egō	RP:----AS--
01103708	Matt.10.37	οὐκ	ou	D-:--------
01103709	Matt.10.37	ἔστιν	eimi	V-:3PAI-S--
01103710	Matt.10.37	μου	egō	RP:----GS--
01103711	Matt.10.37	ἄξιος	axios	A-:----NSM-
01103712	Matt.10.37	καὶ	kai	C-:--------
01103713	Matt.10.37	ὁ	ho	RA:----NSM-
01103714	Matt.10.37	φιλῶν	phileō	V-:-PAPNSM-
01103715	Matt.10.37	υἱὸν	huios	N-:----ASM-
01103716	Matt.10.37	ἢ	ē	C-:--------
01103717	Matt.10.37	θυγατέρα	thygatēr	N-:----ASF-
01103718	Matt.10.37	ὑπὲρ	hyper	P-:--------
01103719	Matt.10.37	ἐμὲ	egō	RP:----AS--
01103720	Matt.10.37	οὐκ	ou	D-:--------
01103721	Matt.10.37	ἔστιν	eimi	V-:3PAI-S--
01103722	Matt.10.37	μου	egō	RP:----GS--
01103723	Matt.10.37	ἄξιος	axios	A-:----NSM-
01103801	Matt.10.38	καὶ	kai	C-:--------
01103802	Matt.10.38	ὃς	hos	RR:----NSM-
01103803	Matt.10.38	οὐ	ou	D-:--------
01103804	Matt.10.38	λαμβάνει	lambanō	V-:3PAI-S--
01103805	Matt.10.38	τὸν	ho	RA:----ASM-
01103806	Matt.10.38	σταυρὸν	stauros	N-:----ASM-
01103807	Matt.10.38	αὐτοῦ	autos	RP:----GSM-
01103808	Matt.10.38	καὶ	kai	C-:--------
01103809	Matt.10.38	ἀκολουθεῖ	akoloutheō	V-:3PAI-S--
01103810	Matt.10.38	ὀπίσω	opisō	P-:--------
01103811	Matt.10.38	μου	egō	RP:----GS--
01103812	Matt.10.38	οὐκ	ou	D-:--------
01103813	Matt.10.38	ἔστιν	eimi	V-:3PAI-S--
01103814	Matt.10.38	μου	egō	RP:----GS--
01103815	Matt.10.38	ἄξιος	axios	A-:----NSM-
01103901	Matt.10.39	ὁ	ho	RA:----NSM-
01103902	Matt.10.39	εὑρὼν	heuriskō	V-:-AAPNSM-
01103903	Matt.10.39	τὴν	ho	RA:----ASF-
01103904	Matt.10.39	ψυχὴν	psychē	N-:----ASF-
01103905	Matt.10.39	αὐτοῦ	autos	RP:----GSM-
01103906	Matt.10.39	ἀπολέσει	apollymi	V-:3FAI-S--
01103907	Matt.10.39	αὐτήν	autos	RP:----ASF-
01103908	Matt.10.39	καὶ	kai	C-:--------
01103909	Matt.10.39	ὁ	ho	RA:----NSM-
01103910	Matt.10.39	ἀπολέσας	apollymi	V-:-AAPNSM-
01103911	Matt.10.39	τὴν	ho	RA:----ASF-
01103912	Matt.10.39	ψυχὴν	psychē	N-:----ASF-
01103913	Matt.10.39	αὐτοῦ	autos	RP:----GSM-
01103914	Matt.10.39	ἕνεκεν	heneken	P-:--------
01103915	Matt.10.39	ἐμοῦ	egō	RP:----GS--
01103916	Matt.10.39	εὑρήσει	heuriskō	V-:3FAI-S--
01103917	Matt.10.39	αὐτήν	autos	RP:----ASF-
01104001	Matt.10.40	Ὁ	ho	RA:----NSM-
01104002	Matt.10.40	δεχόμενος	dechomai	V-:-PMPNSM-
01104003	Matt.10.40	ὑμᾶς	sy	RP:----AP--
01104004	Matt.10.40	ἐμὲ	egō	RP:----AS--
01104005	Matt.10.40	δέχεται	dechomai	V-:3PMI-S--
01104006	Matt.10.40	καὶ	kai	C-:--------
01104007	Matt.10.40	ὁ	ho	RA:----NSM-
01104008	Matt.10.40	ἐμὲ	egō	RP:----AS--
01104009	Matt.10.40	δεχόμενος	dechomai	V-:-PMPNSM-
01104010	Matt.10.40	δέχεται	dechomai	V-:3PMI-S--
01104011	Matt.10.40	τὸν	ho	RA:----ASM-
01104012	Matt.10.40	ἀποστείλαντά	apostellō	V-:-AAPASM-
01104013	Matt.10.40	με	egō	RP:----AS--
01104101	Matt.10.41	ὁ	ho	RA:----NSM-
01104102	Matt.10.41	δεχόμενος	dechomai	V-:-PMPNSM-
01104103	Matt.10.41	προφήτην	prophētēs	N-:----ASM-
01104104	Matt.10.41	εἰς	eis	P-:--------
01104105	Matt.10.41	ὄνομα	onoma	N-:----ASN-
01104106	Matt.10.41	προφήτου	prophētēs	N-:----GSM-
01104107	Matt.10.41	μισθὸν	misthos	N-:----ASM-
01104108	Matt.10.41	προφήτου	prophētēs	N-:----GSM-
01104109	Matt.10.41	λήμψεται	lambanō	V-:3FMI-S--
01104110	Matt.10.41	καὶ	kai	C-:--------
01104111	Matt.10.41	ὁ	ho	RA:----NSM-
01104112	Matt.10.41	δεχόμενος	dechomai	V-:-PMPNSM-
01104113	Matt.10.41	δίκαιον	dikaios	A-:----ASM-
01104114	Matt.10.41	εἰς	eis	P-:--------
01104115	Matt.10.41	ὄνομα	onoma	N-:----ASN-
01104116	Matt.10.41	δικαίου	dikaios	A-:----GSM-
01104117	Matt.10.41	μισθὸν	misthos	N-:----ASM-
01104118	Matt.10.41	δικαίου	dikaios	A-:----GSM-
01104119	Matt.10.41	λήμψεται	lambanō	V-:3FMI-S--
01104201	Matt.10.42	καὶ	kai	C-:--------
01104202	Matt.10.42	ὃς	hos	RR:----NSM-
01104203	Matt.10.42	ἂν	an	X-:--------
01104204	Matt.10.42	ποτίσῃ	potizō	V-:3AAS-S--
01104205	Matt.10.42	ἕνα	heis	A-:----ASM-
01104206	Matt.10.42	τῶν	ho	RA:----GPM-
01104207	Matt.10.42	μικρῶν	mikros	A-:----GPM-
01104208	Matt.10.42	τούτων	houtos	RD:----GPM-
01104209	Matt.10.42	ποτήριον	potērion	N-:----ASN-
01104210	Matt.10.42	ψυχροῦ	psychros	A-:----GSN-
01104211	Matt.10.42	μόνον	monon	D-:--------
01104212	Matt.10.42	εἰς	eis	P-:--------
01104213	Matt.10.42	ὄνομα	onoma	N-:----ASN-
01104214	Matt.10.42	μαθητοῦ	mathētēs	N-:----GSM-
01104215	Matt.10.42	ἀμὴν	amēn	X-:--------
01104216	Matt.10.42	λέγω	legō	V-:1PAI-S--
01104217	Matt.10.42	ὑμῖν	sy	RP:----DP--
01104218	Matt.10.42	οὐ	ou	D-:--------
01104219	Matt.10.42	μὴ	mē	D-:--------
01104220	Matt.10.42	ἀπολέσῃ	apollymi	V-:3AAS-S--
01104221	Matt.10.42	τὸν	ho	RA:----ASM-
01104222	Matt.10.42	μισθὸν	misthos	N-:----ASM-
01104223	Matt.10.42	αὐτοῦ	autos	RP:----GSM-
01110101	Matt.11.1	Καὶ	kai	C-:--------
01110102	Matt.11.1	ἐγένετο	ginomai	V-:3AMI-S--
01110103	Matt.11.1	ὅτε	hote	C-:--------
01110104	Matt.11.1	ἐτέλεσεν	teleō	V-:3AAI-S--
01110105	Matt.11.1	ὁ	ho	RA:----NSM-
01110106	Matt.11.1	Ἰησοῦς	iēsous	N-:----NSM-
01110107	Matt.11.1	διατάσσων	diatassō	V-:-PAPNSM-
01110108	Matt.11.1	τοῖς	ho	RA:----DPM-
01110109	Matt.11.1	δώδεκα	dōdeka	A-:----DPM-
01110110	Matt.11.1	μαθηταῖς	mathētēs	N-:----DPM-
01110111	Matt.11.1	αὐτοῦ	autos	RP:----GSM-
01110112	Matt.11.1	μετέβη	metabainō	V-:3AAI-S--
01110113	Matt.11.1	ἐκεῖθεν	ekeithen	D-:--------
01110114	Matt.11.1	τοῦ	ho	RA:----GSN-
01110115	Matt.11.1	διδάσκειν	didaskō	V-:-PAN----
01110116	Matt.11.1	καὶ	kai	C-:--------
01110117	Matt.11.1	κηρύσσειν	kēryssō	V-:-PAN----
01110118	Matt.11.1	ἐν	en	P-:--------
01110119	Matt.11.1	ταῖς	ho	RA:----DPF-
01110120	Matt.11.1	πόλεσιν	polis	N-:----DPF-
01110121	Matt.11.1	αὐτῶν	autos	RP:----GPM-
01110201	Matt.11.2	Ὁ	ho	RA:----NSM-
01110202	Matt.11.2	δὲ	de	C-:--------
01110203	Matt.11.2	Ἰωάννης	iōannēs	N-:----NSM-
01110204	Matt.11.2	ἀκούσας	akouō	V-:-AAPNSM-
01110205	Matt.11.2	ἐν	en	P-:--------
01110206	Matt.11.2	τῷ	ho	RA:----DSN-
01110207	Matt.11.2	δεσμωτηρίῳ	desmōtērion	N-:----DSN-
01110208	Matt.11.2	τὰ	ho	RA:----APN-
01110209	Matt.11.2	ἔργα	ergon	N-:----APN-
01110210	Matt.11.2	τοῦ	ho	RA:----GSM-
01110211	Matt.11.2	χριστοῦ	christos	N-:----GSM-
01110212	Matt.11.2	πέμψας	pempō	V-:-AAPNSM-
01110213	Matt.11.2	διὰ	dia	P-:--------
01110214	Matt.11.2	τῶν	ho	RA:----GPM-
01110215	Matt.11.2	μαθητῶν	mathētēs	N-:----GPM-
01110216	Matt.11.2	αὐτοῦ	autos	RP:----GSM-
01110301	Matt.11.3	εἶπεν	legō	V-:3AAI-S--
01110302	Matt.11.3	αὐτῷ	autos	RP:----DSM-
01110303	Matt.11.3	Σὺ	sy	RP:----NS--
01110304	Matt.11.3	εἶ	eimi	V-:2PAI-S--
01110305	Matt.11.3	ὁ	ho	RA:----NSM-
01110306	Matt.11.3	ἐρχόμενος	erchomai	V-:-PMPNSM-
01110307	Matt.11.3	ἢ	ē	C-:--------
01110308	Matt.11.3	ἕτερον	heteros	A-:----ASM-
01110309	Matt.11.3	προσδοκῶμεν	prosdokaō	V-:1PAI-P--
01110401	Matt.11.4	καὶ	kai	C-:--------
01110402	Matt.11.4	ἀποκριθεὶς	apokrinomai	V-:-APPNSM-
01110403	Matt.11.4	ὁ	ho	RA:----NSM-
01110404	Matt.11.4	Ἰησοῦς	iēsous	N-:----NSM-
01110405	Matt.11.4	εἶπεν	legō	V-:3AAI-S--
01110406	Matt.11.4	αὐτοῖς	autos	RP:----DPM-
01110407	Matt.11.4	Πορευθέντες	poreuomai	V-:-APPNPM-
01110408	Matt.11.4	ἀπαγγείλατε	apangellō	V-:2AAD-P--
01110409	Matt.11.4	Ἰωάννῃ	iōannēs	N-:----DSM-
01110410	Matt.11.4	ἃ	hos	RR:----APN-
01110411	Matt.11.4	ἀκούετε	akouō	V-:2PAI-P--
01110412	Matt.11.4	καὶ	kai	C-:--------
01110413	Matt.11.4	βλέπετε	blepō	V-:2PAI-P--
01110501	Matt.11.5	τυφλοὶ	typhlos	A-:----NPM-
01110502	Matt.11.5	ἀναβλέπουσιν	anablepō	V-:3PAI-P--
01110503	Matt.11.5	καὶ	kai	C-:--------
01110504	Matt.11.5	χωλοὶ	chōlos	A-:----NPM-
01110505	Matt.11.5	περιπατοῦσιν	peripateō	V-:3PAI-P--
01110506	Matt.11.5	λεπροὶ	lepros	A-:----NPM-
01110507	Matt.11.5	καθαρίζονται	katharizō	V-:3PPI-P--
01110508	Matt.11.5	καὶ	kai	C-:--------
01110509	Matt.11.5	κωφοὶ	kōphos	A-:----NPM-
01110510	Matt.11.5	ἀκούουσιν	akouō	V-:3PAI-P--
01110511	Matt.11.5	καὶ	kai	C-:--------
01110512	Matt.11.5	νεκροὶ	nekros	A-:----NPM-
01110513	Matt.11.5	ἐγείρονται	egeirō	V-:3PPI-P--
01110514	Matt.11.5	καὶ	kai	C-:--------
01110515	Matt.11.5	πτωχοὶ	ptōchos	A-:----NPM-
01110516	Matt.11.5	εὐαγγελίζονται	euangelizō	V-:3PPI-P--
01110601	Matt.11.6	καὶ	kai	C-:--------
01110602	Matt.11.6	μακάριός	makarios	A-:----NSM-
01110603	Matt.11.6	ἐστιν	eimi	V-:3PAI-S--
01110604	Matt.11.6	ὃς	hos	RR:----NSM-
01110605	Matt.11.6	ἐὰν	ean	X-:--------
01110606	Matt.11.6	μὴ	mē	D-:--------
01110607	Matt.11.6	σκανδαλισθῇ	skandalizō	V-:3APS-S--
01110608	Matt.11.6	ἐν	en	P-:--------
01110609	Matt.11.6	ἐμοί	egō	RP:----DS--
01110701	Matt.11.7	Τούτων	houtos	RD:----GPM-
01110702	Matt.11.7	δὲ	de	C-:--------
01110703	Matt.11.7	πορευομένων	poreuomai	V-:-PMPGPM-
01110704	Matt.11.7	ἤρξατο	archō	V-:3AMI-S--
01110705	Matt.11.7	ὁ	ho	RA:----NSM-
01110706	Matt.11.7	Ἰησοῦς	iēsous	N-:----NSM-
01110707	Matt.11.7	λέγειν	legō	V-:-PAN----
01110708	Matt.11.7	τοῖς	ho	RA:----DPM-
01110709	Matt.11.7	ὄχλοις	ochlos	N-:----DPM-
01110710	Matt.11.7	περὶ	peri	P-:--------
01110711	Matt.11.7	Ἰωάννου	iōannēs	N-:----GSM-
01110712	Matt.11.7	Τί	tis	RI:----ASN-
01110713	Matt.11.7	ἐξήλθατε	exerchomai	V-:2AAI-P--
01110714	Matt.11.7	εἰς	eis	P-:--------
01110715	Matt.11.7	τὴν	ho	RA:----ASF-
01110716	Matt.11.7	ἔρημον	erēmos	A-:----ASF-
01110717	Matt.11.7	θεάσασθαι	theaomai	V-:-AMN----
01110718	Matt.11.7	κάλαμον	kalamos	N-:----ASM-
01110719	Matt.11.7	ὑπὸ	hypo	P-:--------
01110720	Matt.11.7	ἀνέμου	anemos	N-:----GSM-
01110721	Matt.11.7	σαλευόμενον	saleuō	V-:-PPPASM-
01110801	Matt.11.8	ἀλλὰ	alla	C-:--------
01110802	Matt.11.8	τί	tis	RI:----ASN-
01110803	Matt.11.8	ἐξήλθατε	exerchomai	V-:2AAI-P--
01110804	Matt.11.8	ἰδεῖν	horaō	V-:-AAN----
01110805	Matt.11.8	ἄνθρωπον	anthrōpos	N-:----ASM-
01110806	Matt.11.8	ἐν	en	P-:--------
01110807	Matt.11.8	μαλακοῖς	malakos	A-:----DPN-
01110808	Matt.11.8	ἠμφιεσμένον	amphiennymi	V-:-XPPASM-
01110809	Matt.11.8	ἰδοὺ	idou	X-:--------
01110810	Matt.11.8	οἱ	ho	RA:----NPM-
01110811	Matt.11.8	τὰ	ho	RA:----APN-
01110812	Matt.11.8	μαλακὰ	malakos	A-:----APN-
01110813	Matt.11.8	φοροῦντες	phoreō	V-:-PAPNPM-
01110814	Matt.11.8	ἐν	en	P-:--------
01110815	Matt.11.8	τοῖς	ho	RA:----DPM-
01110816	Matt.11.8	οἴκοις	oikos	N-:----DPM-
01110817	Matt.11.8	τῶν	ho	RA:----GPM-
01110818	Matt.11.8	βασιλέων	basileus	N-:----GPM-
01110819	Matt.11.8	εἰσίν	eimi	V-:3PAI-P--
01110901	Matt.11.9	ἀλλὰ	alla	C-:--------
01110902	Matt.11.9	τί	tis	RI:----ASN-
01110903	Matt.11.9	ἐξήλθατε	exerchomai	V-:2AAI-P--
01110904	Matt.11.9	προφήτην	prophētēs	N-:----ASM-
01110905	Matt.11.9	ἰδεῖν	horaō	V-:-AAN----
01110906	Matt.11.9	ναί	nai	X-:--------
01110907	Matt.11.9	λέγω	legō	V-:1PAI-S--
01110908	Matt.11.9	ὑμῖν	sy	RP:----DP--
01110909	Matt.11.9	καὶ	kai	C-:--------
01110910	Matt.11.9	περισσότερον	perissoteros	A-:----ASMC
01110911	Matt.11.9	προφήτου	prophētēs	N-:----GSM-
01111001	Matt.11.10	οὗτός	houtos	RD:----NSM-
01111002	Matt.11.10	ἐστιν	eimi	V-:3PAI-S--
01111003	Matt.11.10	περὶ	peri	P-:--------
01111004	Matt.11.10	οὗ	hos	RR:----GSM-
01111005	Matt.11.10	γέγραπται	graphō	V-:3XPI-S--
01111006	Matt.11.10	Ἰδοὺ	idou	X-:--------
01111007	Matt.11.10	ἐγὼ	egō	RP:----NS--
01111008	Matt.11.10	ἀποστέλλω	apostellō	V-:1PAI-S--
01111009	Matt.11.10	τὸν	ho	RA:----ASM-
01111010	Matt.11.10	ἄγγελόν	angelos	N-:----ASM-
01111011	Matt.11.10	μου	egō	RP:----GS--
01111012	Matt.11.10	πρὸ	pro	P-:--------
01111013	Matt.11.10	προσώπου	prosōpon	N-:----GSN-
01111014	Matt.11.10	σου	sy	RP:----GS--
01111015	Matt.11.10	ὃς	hos	RR:----NSM-
01111016	Matt.11.10	κατασκευάσει	kataskeuazō	V-:3FAI-S--
01111017	Matt.11.10	τὴν	ho	RA:----ASF-
01111018	Matt.11.10	ὁδόν	hodos	N-:----ASF-
01111019	Matt.11.10	σου	sy	RP:----GS--
01111020	Matt.11.10	ἔμπροσθέν	emprosthen	P-:--------
01111021	Matt.11.10	σου	sy	RP:----GS--
01111101	Matt.11.11	ἀμὴν	amēn	X-:--------
01111102	Matt.11.11	λέγω	legō	V-:1PAI-S--
01111103	Matt.11.11	ὑμῖν	sy	RP:----DP--
01111104	Matt.11.11	οὐκ	ou	D-:--------
01111105	Matt.11.11	ἐγήγερται	egeirō	V-:3XPI-S--
01111106	Matt.11.11	ἐν	en	P-:--------
01111107	Matt.11.11	γεννητοῖς	gennētos	A-:----DPM-
01111108	Matt.11.11	γυναικῶν	gynē	N-:----GPF-
01111109	Matt.11.11	μείζων	megas	A-:----NSMC
01111110	Matt.11.11	Ἰωάννου	iōannēs	N-:----GSM-
01111111	Matt.11.11	τοῦ	ho	RA:----GSM-
01111112	Matt.11.11	βαπτιστοῦ	baptistēs	N-:----GSM-
01111113	Matt.11.11	ὁ	ho	RA:----NSM-
01111114	Matt.11.11	δὲ	de	C-:--------
01111115	Matt.11.11	μικρότερος	mikros	A-:----NSMC
01111116	Matt.11.11	ἐν	en	P-:--------
01111117	Matt.11.11	τῇ	ho	RA:----DSF-
01111118	Matt.11.11	βασιλείᾳ	basileia	N-:----DSF-
01111119	Matt.11.11	τῶν	ho	RA:----GPM-
01111120	Matt.11.11	οὐρανῶν	ouranos	N-:----GPM-
01111121	Matt.11.11	μείζων	megas	A-:----NSMC
01111122	Matt.11.11	αὐτοῦ	autos	RP:----GSM-
01111123	Matt.11.11	ἐστιν	eimi	V-:3PAI-S--
01111201	Matt.11.12	ἀπὸ	apo	P-:--------
01111202	Matt.11.12	δὲ	de	C-:--------
01111203	Matt.11.12	τῶν	ho	RA:----GPF-
01111204	Matt.11.12	ἡμερῶν	hēmera	N-:----GPF-
01111205	Matt.11.12	Ἰωάννου	iōannēs	N-:----GSM-
01111206	Matt.11.12	τοῦ	ho	RA:----GSM-
01111207	Matt.11.12	βαπτιστοῦ	baptistēs	N-:----GSM-
01111208	Matt.11.12	ἕως	heōs	P-:--------
01111209	Matt.11.12	ἄρτι	arti	D-:--------
01111210	Matt.11.12	ἡ	ho	RA:----NSF-
01111211	Matt.11.12	βασιλεία	basileia	N-:----NSF-
01111212	Matt.11.12	τῶν	ho	RA:----GPM-
01111213	Matt.11.12	οὐρανῶν	ouranos	N-:----GPM-
01111214	Matt.11.12	βιάζεται	biazō	V-:3PMI-S--
01111215	Matt.11.12	καὶ	kai	C-:--------
01111216	Matt.11.12	βιασταὶ	biastēs	N-:----NPM-
01111217	Matt.11.12	ἁρπάζουσιν	harpazō	V-:3PAI-P--
01111218	Matt.11.12	αὐτήν	autos	RP:----ASF-
01111301	Matt.11.13	πάντες	pas	A-:----NPM-
01111302	Matt.11.13	γὰρ	gar	C-:--------
01111303	Matt.11.13	οἱ	ho	RA:----NPM-
01111304	Matt.11.13	προφῆται	prophētēs	N-:----NPM-
01111305	Matt.11.13	καὶ	kai	C-:--------
01111306	Matt.11.13	ὁ	ho	RA:----NSM-
01111307	Matt.11.13	νόμος	nomos	N-:----NSM-
01111308	Matt.11.13	ἕως	heōs	P-:--------
01111309	Matt.11.13	Ἰωάννου	iōannēs	N-:----GSM-
01111310	Matt.11.13	ἐπροφήτευσαν	prophēteuō	V-:3AAI-P--
01111401	Matt.11.14	καὶ	kai	C-:--------
01111402	Matt.11.14	εἰ	ei	C-:--------
01111403	Matt.11.14	θέλετε	thelō	V-:2PAI-P--
01111404	Matt.11.14	δέξασθαι	dechomai	V-:-AMN----
01111405	Matt.11.14	αὐτός	autos	RP:----NSM-
01111406	Matt.11.14	ἐστιν	eimi	V-:3PAI-S--
01111407	Matt.11.14	Ἠλίας	ēlias	N-:----NSM-
01111408	Matt.11.14	ὁ	ho	RA:----NSM-
01111409	Matt.11.14	μέλλων	mellō	V-:-PAPNSM-
01111410	Matt.11.14	ἔρχεσθαι	erchomai	V-:-PMN----
01111501	Matt.11.15	ὁ	ho	RA:----NSM-
01111502	Matt.11.15	ἔχων	echō	V-:-PAPNSM-
01111503	Matt.11.15	ὦτα	ous	N-:----APN-
01111504	Matt.11.15	ἀκουέτω	akouō	V-:3PAD-S--
01111601	Matt.11.16	Τίνι	tis	RI:----DSN-
01111602	Matt.11.16	δὲ	de	C-:--------
01111603	Matt.11.16	ὁμοιώσω	homoioō	V-:1FAI-S--
01111604	Matt.11.16	τὴν	ho	RA:----ASF-
01111605	Matt.11.16	γενεὰν	genea	N-:----ASF-
01111606	Matt.11.16	ταύτην	houtos	RD:----ASF-
01111607	Matt.11.16	ὁμοία	homoios	A-:----NSF-
01111608	Matt.11.16	ἐστὶν	eimi	V-:3PAI-S--
01111609	Matt.11.16	παιδίοις	paidion	N-:----DPN-
01111610	Matt.11.16	καθημένοις	kathēmai	V-:-PMPDPN-
01111611	Matt.11.16	ἐν	en	P-:--------
01111612	Matt.11.16	ταῖς	ho	RA:----DPF-
01111613	Matt.11.16	ἀγοραῖς	agora	N-:----DPF-
01111614	Matt.11.16	ἃ	hos	RR:----NPN-
01111615	Matt.11.16	προσφωνοῦντα	prosphōneō	V-:-PAPNPN-
01111616	Matt.11.16	τοῖς	ho	RA:----DPN-
01111617	Matt.11.16	ἑτέροις	heteros	A-:----DPN-
01111701	Matt.11.17	λέγουσιν	legō	V-:3PAI-P--
01111702	Matt.11.17	Ηὐλήσαμεν	auleō	V-:1AAI-P--
01111703	Matt.11.17	ὑμῖν	sy	RP:----DP--
01111704	Matt.11.17	καὶ	kai	C-:--------
01111705	Matt.11.17	οὐκ	ou	D-:--------
01111706	Matt.11.17	ὠρχήσασθε	orcheomai	V-:2AMI-P--
01111707	Matt.11.17	ἐθρηνήσαμεν	thrēneō	V-:1AAI-P--
01111708	Matt.11.17	καὶ	kai	C-:--------
01111709	Matt.11.17	οὐκ	ou	D-:--------
01111710	Matt.11.17	ἐκόψασθε	koptō	V-:2AMI-P--
01111801	Matt.11.18	ἦλθεν	erchomai	V-:3AAI-S--
01111802	Matt.11.18	γὰρ	gar	C-:--------
01111803	Matt.11.18	Ἰωάννης	iōannēs	N-:----NSM-
01111804	Matt.11.18	μήτε	mēte	C-:--------
01111805	Matt.11.18	ἐσθίων	esthiō	V-:-PAPNSM-
01111806	Matt.11.18	μήτε	mēte	C-:--------
01111807	Matt.11.18	πίνων	pinō	V-:-PAPNSM-
01111808	Matt.11.18	καὶ	kai	C-:--------
01111809	Matt.11.18	λέγουσιν	legō	V-:3PAI-P--
01111810	Matt.11.18	Δαιμόνιον	daimonion	N-:----ASN-
01111811	Matt.11.18	ἔχει	echō	V-:3PAI-S--
01111901	Matt.11.19	ἦλθεν	erchomai	V-:3AAI-S--
01111902	Matt.11.19	ὁ	ho	RA:----NSM-
01111903	Matt.11.19	υἱὸς	huios	N-:----NSM-
01111904	Matt.11.19	τοῦ	ho	RA:----GSM-
01111905	Matt.11.19	ἀνθρώπου	anthrōpos	N-:----GSM-
01111906	Matt.11.19	ἐσθίων	esthiō	V-:-PAPNSM-
01111907	Matt.11.19	καὶ	kai	C-:--------
01111908	Matt.11.19	πίνων	pinō	V-:-PAPNSM-
01111909	Matt.11.19	καὶ	kai	C-:--------
01111910	Matt.11.19	λέγουσιν	legō	V-:3PAI-P--
01111911	Matt.11.19	Ἰδοὺ	idou	X-:--------
01111912	Matt.11.19	ἄνθρωπος	anthrōpos	N-:----NSM-
01111913	Matt.11.19	φάγος	phagos	N-:----NSM-
01111914	Matt.11.19	καὶ	kai	C-:--------
01111915	Matt.11.19	οἰνοπότης	oinopotēs	N-:----NSM-
01111916	Matt.11.19	τελωνῶν	telōnēs	N-:----GPM-
01111917	Matt.11.19	φίλος	philos	A-:----NSM-
01111918	Matt.11.19	καὶ	kai	C-:--------
01111919	Matt.11.19	ἁμαρτωλῶν	hamartōlos	A-:----GPM-
01111920	Matt.11.19	καὶ	kai	C-:--------
01111921	Matt.11.19	ἐδικαιώθη	dikaioō	V-:3API-S--
01111922	Matt.11.19	ἡ	ho	RA:----NSF-
01111923	Matt.11.19	σοφία	sophia	N-:----NSF-
01111924	Matt.11.19	ἀπὸ	apo	P-:--------
01111925	Matt.11.19	τῶν	ho	RA:----GPN-
01111926	Matt.11.19	ἔργων	ergon	N-:----GPN-
01111927	Matt.11.19	αὐτῆς	autos	RP:----GSF-
01112001	Matt.11.20	Τότε	tote	D-:--------
01112002	Matt.11.20	ἤρξατο	archō	V-:3AMI-S--
01112003	Matt.11.20	ὀνειδίζειν	oneidizō	V-:-PAN----
01112004	Matt.11.20	τὰς	ho	RA:----APF-
01112005	Matt.11.20	πόλεις	polis	N-:----APF-
01112006	Matt.11.20	ἐν	en	P-:--------
01112007	Matt.11.20	αἷς	hos	RR:----DPF-
01112008	Matt.11.20	ἐγένοντο	ginomai	V-:3AMI-P--
01112009	Matt.11.20	αἱ	ho	RA:----NPF-
01112010	Matt.11.20	πλεῖσται	polys	A-:----NPFS
01112011	Matt.11.20	δυνάμεις	dynamis	N-:----NPF-
01112012	Matt.11.20	αὐτοῦ	autos	RP:----GSM-
01112013	Matt.11.20	ὅτι	hoti	C-:--------
01112014	Matt.11.20	οὐ	ou	D-:--------
01112015	Matt.11.20	μετενόησαν	metanoeō	V-:3AAI-P--
01112101	Matt.11.21	Οὐαί	ouai	X-:--------
01112102	Matt.11.21	σοι	sy	RP:----DS--
01112103	Matt.11.21	Χοραζίν	chorazin	N-:----VSF-
01112104	Matt.11.21	οὐαί	ouai	I-:--------
01112105	Matt.11.21	σοι	sy	RP:----DS--
01112106	Matt.11.21	Βηθσαϊδά	bēthsaida	N-:----VSF-
01112107	Matt.11.21	ὅτι	hoti	C-:--------
01112108	Matt.11.21	εἰ	ei	C-:--------
01112109	Matt.11.21	ἐν	en	P-:--------
01112110	Matt.11.21	Τύρῳ	tyros	N-:----DSF-
01112111	Matt.11.21	καὶ	kai	C-:--------
01112112	Matt.11.21	Σιδῶνι	sidōn	N-:----DSF-
01112113	Matt.11.21	ἐγένοντο	ginomai	V-:3AMI-P--
01112114	Matt.11.21	αἱ	ho	RA:----NPF-
01112115	Matt.11.21	δυνάμεις	dynamis	N-:----NPF-
01112116	Matt.11.21	αἱ	ho	RA:----NPF-
01112117	Matt.11.21	γενόμεναι	ginomai	V-:-AMPNPF-
01112118	Matt.11.21	ἐν	en	P-:--------
01112119	Matt.11.21	ὑμῖν	sy	RP:----DP--
01112120	Matt.11.21	πάλαι	palai	D-:--------
01112121	Matt.11.21	ἂν	an	X-:--------
01112122	Matt.11.21	ἐν	en	P-:--------
01112123	Matt.11.21	σάκκῳ	sakkos	N-:----DSM-
01112124	Matt.11.21	καὶ	kai	C-:--------
01112125	Matt.11.21	σποδῷ	spodos	N-:----DSF-
01112126	Matt.11.21	μετενόησαν	metanoeō	V-:3AAI-P--
01112201	Matt.11.22	πλὴν	plēn	C-:--------
01112202	Matt.11.22	λέγω	legō	V-:1PAI-S--
01112203	Matt.11.22	ὑμῖν	sy	RP:----DP--
01112204	Matt.11.22	Τύρῳ	tyros	N-:----DSF-
01112205	Matt.11.22	καὶ	kai	C-:--------
01112206	Matt.11.22	Σιδῶνι	sidōn	N-:----DSF-
01112207	Matt.11.22	ἀνεκτότερον	anektos	A-:----NSNC
01112208	Matt.11.22	ἔσται	eimi	V-:3FMI-S--
01112209	Matt.11.22	ἐν	en	P-:--------
01112210	Matt.11.22	ἡμέρᾳ	hēmera	N-:----DSF-
01112211	Matt.11.22	κρίσεως	krisis	N-:----GSF-
01112212	Matt.11.22	ἢ	ē	C-:--------
01112213	Matt.11.22	ὑμῖν	sy	RP:----DP--
01112301	Matt.11.23	καὶ	kai	D-:--------
01112302	Matt.11.23	σύ	sy	RP:----NS--
01112303	Matt.11.23	Καφαρναούμ	kapharnaoum	N-:----VSF-
01112304	Matt.11.23	μὴ	mē	X-:--------
01112305	Matt.11.23	ἕως	heōs	P-:--------
01112306	Matt.11.23	οὐρανοῦ	ouranos	N-:----GSM-
01112307	Matt.11.23	ὑψωθήσῃ	hypsoō	V-:2FPI-S--
01112308	Matt.11.23	ἕως	heōs	P-:--------
01112309	Matt.11.23	ᾅδου	hadēs	N-:----GSM-
01112310	Matt.11.23	καταβήσῃ	katabainō	V-:2FMI-S--
01112311	Matt.11.23	ὅτι	hoti	C-:--------
01112312	Matt.11.23	εἰ	ei	C-:--------
01112313	Matt.11.23	ἐν	en	P-:--------
01112314	Matt.11.23	Σοδόμοις	sodoma	N-:----DPN-
01112315	Matt.11.23	ἐγενήθησαν	ginomai	V-:3API-P--
01112316	Matt.11.23	αἱ	ho	RA:----NPF-
01112317	Matt.11.23	δυνάμεις	dynamis	N-:----NPF-
01112318	Matt.11.23	αἱ	ho	RA:----NPF-
01112319	Matt.11.23	γενόμεναι	ginomai	V-:-AMPNPF-
01112320	Matt.11.23	ἐν	en	P-:--------
01112321	Matt.11.23	σοί	sy	RP:----DS--
01112322	Matt.11.23	ἔμεινεν	menō	V-:3AAI-S--
01112323	Matt.11.23	ἂν	an	X-:--------
01112324	Matt.11.23	μέχρι	mechri(s)	P-:--------
01112325	Matt.11.23	τῆς	ho	RA:----GSF-
01112326	Matt.11.23	σήμερον	sēmeron	D-:--------
01112401	Matt.11.24	πλὴν	plēn	C-:--------
01112402	Matt.11.24	λέγω	legō	V-:1PAI-S--
01112403	Matt.11.24	ὑμῖν	sy	RP:----DP--
01112404	Matt.11.24	ὅτι	hoti	C-:--------
01112405	Matt.11.24	γῇ	gē	N-:----DSF-
01112406	Matt.11.24	Σοδόμων	sodoma	N-:----GPN-
01112407	Matt.11.24	ἀνεκτότερον	anektos	A-:----NSNC
01112408	Matt.11.24	ἔσται	eimi	V-:3FMI-S--
01112409	Matt.11.24	ἐν	en	P-:--------
01112410	Matt.11.24	ἡμέρᾳ	hēmera	N-:----DSF-
01112411	Matt.11.24	κρίσεως	krisis	N-:----GSF-
01112412	Matt.11.24	ἢ	ē	C-:--------
01112413	Matt.11.24	σοί	sy	RP:----DS--
01112501	Matt.11.25	Ἐν	en	P-:--------
01112502	Matt.11.25	ἐκείνῳ	ekeinos	RD:----DSM-
01112503	Matt.11.25	τῷ	ho	RA:----DSM-
01112504	Matt.11.25	καιρῷ	kairos	N-:----DSM-
01112505	Matt.11.25	ἀποκριθεὶς	apokrinomai	V-:-APPNSM-
01112506	Matt.11.25	ὁ	ho	RA:----NSM-
01112507	Matt.11.25	Ἰησοῦς	iēsous	N-:----NSM-
01112508	Matt.11.25	εἶπεν	legō	V-:3AAI-S--
01112509	Matt.11.25	Ἐξομολογοῦμαί	exomologeō	V-:1PMI-S--
01112510	Matt.11.25	σοι	sy	RP:----DS--
01112511	Matt.11.25	πάτερ	patēr	N-:----VSM-
01112512	Matt.11.25	κύριε	kyrios	N-:----VSM-
01112513	Matt.11.25	τοῦ	ho	RA:----GSM-
01112514	Matt.11.25	οὐρανοῦ	ouranos	N-:----GSM-
01112515	Matt.11.25	καὶ	kai	C-:--------
01112516	Matt.11.25	τῆς	ho	RA:----GSF-
01112517	Matt.11.25	γῆς	gē	N-:----GSF-
01112518	Matt.11.25	ὅτι	hoti	C-:--------
01112519	Matt.11.25	ἔκρυψας	kryptō	V-:2AAI-S--
01112520	Matt.11.25	ταῦτα	houtos	RD:----APN-
01112521	Matt.11.25	ἀπὸ	apo	P-:--------
01112522	Matt.11.25	σοφῶν	sophos	A-:----GPM-
01112523	Matt.11.25	καὶ	kai	C-:--------
01112524	Matt.11.25	συνετῶν	synetos	A-:----GPM-
01112525	Matt.11.25	καὶ	kai	C-:--------
01112526	Matt.11.25	ἀπεκάλυψας	apokalyptō	V-:2AAI-S--
01112527	Matt.11.25	αὐτὰ	autos	RP:----APN-
01112528	Matt.11.25	νηπίοις	nēpios	A-:----DPM-
01112601	Matt.11.26	ναί	nai	X-:--------
01112602	Matt.11.26	ὁ	ho	RA:----NSM-
01112603	Matt.11.26	πατήρ	patēr	N-:----NSM-
01112604	Matt.11.26	ὅτι	hoti	C-:--------
01112605	Matt.11.26	οὕτως	houtō(s)	D-:--------
01112606	Matt.11.26	εὐδοκία	eudokia	N-:----NSF-
01112607	Matt.11.26	ἐγένετο	ginomai	V-:3AMI-S--
01112608	Matt.11.26	ἔμπροσθέν	emprosthen	P-:--------
01112609	Matt.11.26	σου	sy	RP:----GS--
01112701	Matt.11.27	Πάντα	pas	A-:----NPN-
01112702	Matt.11.27	μοι	egō	RP:----DS--
01112703	Matt.11.27	παρεδόθη	paradidōmi	V-:3API-S--
01112704	Matt.11.27	ὑπὸ	hypo	P-:--------
01112705	Matt.11.27	τοῦ	ho	RA:----GSM-
01112706	Matt.11.27	πατρός	patēr	N-:----GSM-
01112707	Matt.11.27	μου	egō	RP:----GS--
01112708	Matt.11.27	καὶ	kai	C-:--------
01112709	Matt.11.27	οὐδεὶς	oudeis	A-:----NSM-
01112710	Matt.11.27	ἐπιγινώσκει	epiginōskō	V-:3PAI-S--
01112711	Matt.11.27	τὸν	ho	RA:----ASM-
01112712	Matt.11.27	υἱὸν	huios	N-:----ASM-
01112713	Matt.11.27	εἰ	ei	C-:--------
01112714	Matt.11.27	μὴ	mē	D-:--------
01112715	Matt.11.27	ὁ	ho	RA:----NSM-
01112716	Matt.11.27	πατήρ	patēr	N-:----NSM-
01112717	Matt.11.27	οὐδὲ	oude	C-:--------
01112718	Matt.11.27	τὸν	ho	RA:----ASM-
01112719	Matt.11.27	πατέρα	patēr	N-:----ASM-
01112720	Matt.11.27	τις	tis2	RI:----NSM-
01112721	Matt.11.27	ἐπιγινώσκει	epiginōskō	V-:3PAI-S--
01112722	Matt.11.27	εἰ	ei	C-:--------
01112723	Matt.11.27	μὴ	mē	D-:--------
01112724	Matt.11.27	ὁ	ho	RA:----NSM-
01112725	Matt.11.27	υἱὸς	huios	N-:----NSM-
01112726	Matt.11.27	καὶ	kai	C-:--------
01112727	Matt.11.27	ᾧ	hos	RR:----DSM-
01112728	Matt.11.27	ἐὰν	ean	X-:--------
01112729	Matt.11.27	βούληται	boulomai	V-:3PMS-S--
01112730	Matt.11.27	ὁ	ho	RA:----NSM-
01112731	Matt.11.27	υἱὸς	huios	N-:----NSM-
01112732	Matt.11.27	ἀποκαλύψαι	apokalyptō	V-:-AAN----
01112801	Matt.11.28	Δεῦτε	deute	D-:--------
01112802	Matt.11.28	πρός	pros	P-:--------
01112803	Matt.11.28	με	egō	RP:----AS--
01112804	Matt.11.28	πάντες	pas	A-:----NPM-
01112805	Matt.11.28	οἱ	ho	RA:----NPM-
01112806	Matt.11.28	κοπιῶντες	kopiaō	V-:-PAPNPM-
01112807	Matt.11.28	καὶ	kai	C-:--------
01112808	Matt.11.28	πεφορτισμένοι	phortizō	V-:-XPPNPM-
01112809	Matt.11.28	κἀγὼ	kagō	RP:----NS--
01112810	Matt.11.28	ἀναπαύσω	anapauō	V-:1FAI-S--
01112811	Matt.11.28	ὑμᾶς	sy	RP:----AP--
01112901	Matt.11.29	ἄρατε	airō	V-:2AAD-P--
01112902	Matt.11.29	τὸν	ho	RA:----ASM-
01112903	Matt.11.29	ζυγόν	zygos	N-:----ASM-
01112904	Matt.11.29	μου	egō	RP:----GS--
01112905	Matt.11.29	ἐφ’	epi	P-:--------
01112906	Matt.11.29	ὑμᾶς	sy	RP:----AP--
01112907	Matt.11.29	καὶ	kai	C-:--------
01112908	Matt.11.29	μάθετε	manthanō	V-:2AAD-P--
01112909	Matt.11.29	ἀπ’	apo	P-:--------
01112910	Matt.11.29	ἐμοῦ	egō	RP:----GS--
01112911	Matt.11.29	ὅτι	hoti	C-:--------
01112912	Matt.11.29	πραΰς	praus	A-:----NSM-
01112913	Matt.11.29	εἰμι	eimi	V-:1PAI-S--
01112914	Matt.11.29	καὶ	kai	C-:--------
01112915	Matt.11.29	ταπεινὸς	tapeinos	A-:----NSM-
01112916	Matt.11.29	τῇ	ho	RA:----DSF-
01112917	Matt.11.29	καρδίᾳ	kardia	N-:----DSF-
01112918	Matt.11.29	καὶ	kai	C-:--------
01112919	Matt.11.29	εὑρήσετε	heuriskō	V-:2FAI-P--
01112920	Matt.11.29	ἀνάπαυσιν	anapausis	N-:----ASF-
01112921	Matt.11.29	ταῖς	ho	RA:----DPF-
01112922	Matt.11.29	ψυχαῖς	psychē	N-:----DPF-
01112923	Matt.11.29	ὑμῶν	sy	RP:----GP--
01113001	Matt.11.30	ὁ	ho	RA:----NSM-
01113002	Matt.11.30	γὰρ	gar	C-:--------
01113003	Matt.11.30	ζυγός	zygos	N-:----NSM-
01113004	Matt.11.30	μου	egō	RP:----GS--
01113005	Matt.11.30	χρηστὸς	chrēstos	A-:----NSM-
01113006	Matt.11.30	καὶ	kai	C-:--------
01113007	Matt.11.30	τὸ	ho	RA:----NSN-
01113008	Matt.11.30	φορτίον	phortion	N-:----NSN-
01113009	Matt.11.30	μου	egō	RP:----GS--
01113010	Matt.11.30	ἐλαφρόν	elaphros	A-:----NSN-
01113011	Matt.11.30	ἐστιν	eimi	V-:3PAI-S--
01120101	Matt.12.1	Ἐν	en	P-:--------
01120102	Matt.12.1	ἐκείνῳ	ekeinos	RD:----DSM-
01120103	Matt.12.1	τῷ	ho	RA:----DSM-
01120104	Matt.12.1	καιρῷ	kairos	N-:----DSM-
01120105	Matt.12.1	ἐπορεύθη	poreuomai	V-:3API-S--
01120106	Matt.12.1	ὁ	ho	RA:----NSM-
01120107	Matt.12.1	Ἰησοῦς	iēsous	N-:----NSM-
01120108	Matt.12.1	τοῖς	ho	RA:----DPN-
01120109	Matt.12.1	σάββασιν	sabbaton	N-:----DPN-
01120110	Matt.12.1	διὰ	dia	P-:--------
01120111	Matt.12.1	τῶν	ho	RA:----GPN-
01120112	Matt.12.1	σπορίμων	sporimos	A-:----GPN-
01120113	Matt.12.1	οἱ	ho	RA:----NPM-
01120114	Matt.12.1	δὲ	de	C-:--------
01120115	Matt.12.1	μαθηταὶ	mathētēs	N-:----NPM-
01120116	Matt.12.1	αὐτοῦ	autos	RP:----GSM-
01120117	Matt.12.1	ἐπείνασαν	peinaō	V-:3AAI-P--
01120118	Matt.12.1	καὶ	kai	C-:--------
01120119	Matt.12.1	ἤρξαντο	archō	V-:3AMI-P--
01120120	Matt.12.1	τίλλειν	tillō	V-:-PAN----
01120121	Matt.12.1	στάχυας	stachys	N-:----APM-
01120122	Matt.12.1	καὶ	kai	C-:--------
01120123	Matt.12.1	ἐσθίειν	esthiō	V-:-PAN----
01120201	Matt.12.2	οἱ	ho	RA:----NPM-
01120202	Matt.12.2	δὲ	de	C-:--------
01120203	Matt.12.2	Φαρισαῖοι	pharisaios	N-:----NPM-
01120204	Matt.12.2	ἰδόντες	horaō	V-:-AAPNPM-
01120205	Matt.12.2	εἶπαν	legō	V-:3AAI-P--
01120206	Matt.12.2	αὐτῷ	autos	RP:----DSM-
01120207	Matt.12.2	Ἰδοὺ	idou	X-:--------
01120208	Matt.12.2	οἱ	ho	RA:----NPM-
01120209	Matt.12.2	μαθηταί	mathētēs	N-:----NPM-
01120210	Matt.12.2	σου	sy	RP:----GS--
01120211	Matt.12.2	ποιοῦσιν	poieō	V-:3PAI-P--
01120212	Matt.12.2	ὃ	hos	RR:----ASN-
01120213	Matt.12.2	οὐκ	ou	D-:--------
01120214	Matt.12.2	ἔξεστιν	exesti(n)	V-:3PAI-S--
01120215	Matt.12.2	ποιεῖν	poieō	V-:-PAN----
01120216	Matt.12.2	ἐν	en	P-:--------
01120217	Matt.12.2	σαββάτῳ	sabbaton	N-:----DSN-
01120301	Matt.12.3	ὁ	ho	RA:----NSM-
01120302	Matt.12.3	δὲ	de	C-:--------
01120303	Matt.12.3	εἶπεν	legō	V-:3AAI-S--
01120304	Matt.12.3	αὐτοῖς	autos	RP:----DPM-
01120305	Matt.12.3	Οὐκ	ou	X-:--------
01120306	Matt.12.3	ἀνέγνωτε	anaginōskō	V-:2AAI-P--
01120307	Matt.12.3	τί	tis	RI:----ASN-
01120308	Matt.12.3	ἐποίησεν	poieō	V-:3AAI-S--
01120309	Matt.12.3	Δαυὶδ	dauid	N-:----NSM-
01120310	Matt.12.3	ὅτε	hote	C-:--------
01120311	Matt.12.3	ἐπείνασεν	peinaō	V-:3AAI-S--
01120312	Matt.12.3	καὶ	kai	C-:--------
01120313	Matt.12.3	οἱ	ho	RA:----NPM-
01120314	Matt.12.3	μετ’	meta	P-:--------
01120315	Matt.12.3	αὐτοῦ	autos	RP:----GSM-
01120401	Matt.12.4	πῶς	pōs	C-:--------
01120402	Matt.12.4	εἰσῆλθεν	eiserchomai	V-:3AAI-S--
01120403	Matt.12.4	εἰς	eis	P-:--------
01120404	Matt.12.4	τὸν	ho	RA:----ASM-
01120405	Matt.12.4	οἶκον	oikos	N-:----ASM-
01120406	Matt.12.4	τοῦ	ho	RA:----GSM-
01120407	Matt.12.4	θεοῦ	theos	N-:----GSM-
01120408	Matt.12.4	καὶ	kai	C-:--------
01120409	Matt.12.4	τοὺς	ho	RA:----APM-
01120410	Matt.12.4	ἄρτους	artos	N-:----APM-
01120411	Matt.12.4	τῆς	ho	RA:----GSF-
01120412	Matt.12.4	προθέσεως	prothesis	N-:----GSF-
01120413	Matt.12.4	ἔφαγον	esthiō	V-:3AAI-P--
01120414	Matt.12.4	ὃ	hos	RR:----ASN-
01120415	Matt.12.4	οὐκ	ou	D-:--------
01120416	Matt.12.4	ἐξὸν	exesti(n)	V-:-PAPNSN-
01120417	Matt.12.4	ἦν	eimi	V-:3IAI-S--
01120418	Matt.12.4	αὐτῷ	autos	RP:----DSM-
01120419	Matt.12.4	φαγεῖν	esthiō	V-:-AAN----
01120420	Matt.12.4	οὐδὲ	oude	C-:--------
01120421	Matt.12.4	τοῖς	ho	RA:----DPM-
01120422	Matt.12.4	μετ’	meta	P-:--------
01120423	Matt.12.4	αὐτοῦ	autos	RP:----GSM-
01120424	Matt.12.4	εἰ	ei	C-:--------
01120425	Matt.12.4	μὴ	mē	D-:--------
01120426	Matt.12.4	τοῖς	ho	RA:----DPM-
01120427	Matt.12.4	ἱερεῦσιν	hiereus	N-:----DPM-
01120428	Matt.12.4	μόνοις	monos	A-:----DPM-
01120501	Matt.12.5	ἢ	ē	C-:--------
01120502	Matt.12.5	οὐκ	ou	X-:--------
01120503	Matt.12.5	ἀνέγνωτε	anaginōskō	V-:2AAI-P--
01120504	Matt.12.5	ἐν	en	P-:--------
01120505	Matt.12.5	τῷ	ho	RA:----DSM-
01120506	Matt.12.5	νόμῳ	nomos	N-:----DSM-
01120507	Matt.12.5	ὅτι	hoti	C-:--------
01120508	Matt.12.5	τοῖς	ho	RA:----DPN-
01120509	Matt.12.5	σάββασιν	sabbaton	N-:----DPN-
01120510	Matt.12.5	οἱ	ho	RA:----NPM-
01120511	Matt.12.5	ἱερεῖς	hiereus	N-:----NPM-
01120512	Matt.12.5	ἐν	en	P-:--------
01120513	Matt.12.5	τῷ	ho	RA:----DSN-
01120514	Matt.12.5	ἱερῷ	hieros	A-:----DSN-
01120515	Matt.12.5	τὸ	ho	RA:----ASN-
01120516	Matt.12.5	σάββατον	sabbaton	N-:----ASN-
01120517	Matt.12.5	βεβηλοῦσιν	bebēloō	V-:3PAI-P--
01120518	Matt.12.5	καὶ	kai	C-:--------
01120519	Matt.12.5	ἀναίτιοί	anaitios	A-:----NPM-
01120520	Matt.12.5	εἰσιν	eimi	V-:3PAI-P--
01120601	Matt.12.6	λέγω	legō	V-:1PAI-S--
01120602	Matt.12.6	δὲ	de	C-:--------
01120603	Matt.12.6	ὑμῖν	sy	RP:----DP--
01120604	Matt.12.6	ὅτι	hoti	C-:--------
01120605	Matt.12.6	τοῦ	ho	RA:----GSN-
01120606	Matt.12.6	ἱεροῦ	hieros	A-:----GSN-
01120607	Matt.12.6	μεῖζόν	megas	A-:----NSNC
01120608	Matt.12.6	ἐστιν	eimi	V-:3PAI-S--
01120609	Matt.12.6	ὧδε	hōde	D-:--------
01120701	Matt.12.7	εἰ	ei	C-:--------
01120702	Matt.12.7	δὲ	de	C-:--------
01120703	Matt.12.7	ἐγνώκειτε	ginōskō	V-:2YAI-P--
01120704	Matt.12.7	τί	tis	RI:----NSN-
01120705	Matt.12.7	ἐστιν	eimi	V-:3PAI-S--
01120706	Matt.12.7	Ἔλεος	eleos	N-:----ASN-
01120707	Matt.12.7	θέλω	thelō	V-:1PAI-S--
01120708	Matt.12.7	καὶ	kai	C-:--------
01120709	Matt.12.7	οὐ	ou	D-:--------
01120710	Matt.12.7	θυσίαν	thysia	N-:----ASF-
01120711	Matt.12.7	οὐκ	ou	D-:--------
01120712	Matt.12.7	ἂν	an	X-:--------
01120713	Matt.12.7	κατεδικάσατε	katadikazō	V-:2AAI-P--
01120714	Matt.12.7	τοὺς	ho	RA:----APM-
01120715	Matt.12.7	ἀναιτίους	anaitios	A-:----APM-
01120801	Matt.12.8	κύριος	kyrios	N-:----NSM-
01120802	Matt.12.8	γάρ	gar	C-:--------
01120803	Matt.12.8	ἐστιν	eimi	V-:3PAI-S--
01120804	Matt.12.8	τοῦ	ho	RA:----GSN-
01120805	Matt.12.8	σαββάτου	sabbaton	N-:----GSN-
01120806	Matt.12.8	ὁ	ho	RA:----NSM-
01120807	Matt.12.8	υἱὸς	huios	N-:----NSM-
01120808	Matt.12.8	τοῦ	ho	RA:----GSM-
01120809	Matt.12.8	ἀνθρώπου	anthrōpos	N-:----GSM-
01120901	Matt.12.9	Καὶ	kai	C-:--------
01120902	Matt.12.9	μεταβὰς	metabainō	V-:-AAPNSM-
01120903	Matt.12.9	ἐκεῖθεν	ekeithen	D-:--------
01120904	Matt.12.9	ἦλθεν	erchomai	V-:3AAI-S--
01120905	Matt.12.9	εἰς	eis	P-:--------
01120906	Matt.12.9	τὴν	ho	RA:----ASF-
01120907	Matt.12.9	συναγωγὴν	synagōgē	N-:----ASF-
01120908	Matt.12.9	αὐτῶν	autos	RP:----GPM-
01121001	Matt.12.10	καὶ	kai	C-:--------
01121002	Matt.12.10	ἰδοὺ	idou	X-:--------
01121003	Matt.12.10	ἄνθρωπος	anthrōpos	N-:----NSM-
01121004	Matt.12.10	χεῖρα	cheir	N-:----ASF-
01121005	Matt.12.10	ἔχων	echō	V-:-PAPNSM-
01121006	Matt.12.10	ξηράν	xēros	A-:----ASF-
01121007	Matt.12.10	καὶ	kai	C-:--------
01121008	Matt.12.10	ἐπηρώτησαν	eperōtaō	V-:3AAI-P--
01121009	Matt.12.10	αὐτὸν	autos	RP:----ASM-
01121010	Matt.12.10	λέγοντες	legō	V-:-PAPNPM-
01121011	Matt.12.10	Εἰ	ei	X-:--------
01121012	Matt.12.10	ἔξεστι	exesti(n)	V-:3PAI-S--
01121013	Matt.12.10	τοῖς	ho	RA:----DPN-
01121014	Matt.12.10	σάββασιν	sabbaton	N-:----DPN-
01121015	Matt.12.10	θεραπεύειν	therapeuō	V-:-PAN----
01121016	Matt.12.10	ἵνα	hina	C-:--------
01121017	Matt.12.10	κατηγορήσωσιν	katēgoreō	V-:3AAS-P--
01121018	Matt.12.10	αὐτοῦ	autos	RP:----GSM-
01121101	Matt.12.11	ὁ	ho	RA:----NSM-
01121102	Matt.12.11	δὲ	de	C-:--------
01121103	Matt.12.11	εἶπεν	legō	V-:3AAI-S--
01121104	Matt.12.11	αὐτοῖς	autos	RP:----DPM-
01121105	Matt.12.11	Τίς	tis	RI:----NSM-
01121106	Matt.12.11	ἔσται	eimi	V-:3FMI-S--
01121107	Matt.12.11	ἐξ	ek	P-:--------
01121108	Matt.12.11	ὑμῶν	sy	RP:----GP--
01121109	Matt.12.11	ἄνθρωπος	anthrōpos	N-:----NSM-
01121110	Matt.12.11	ὃς	hos	RR:----NSM-
01121111	Matt.12.11	ἕξει	echō	V-:3FAI-S--
01121112	Matt.12.11	πρόβατον	probaton	N-:----ASN-
01121113	Matt.12.11	ἕν	heis	A-:----ASN-
01121114	Matt.12.11	καὶ	kai	C-:--------
01121115	Matt.12.11	ἐὰν	ean	C-:--------
01121116	Matt.12.11	ἐμπέσῃ	empiptō	V-:3AAS-S--
01121117	Matt.12.11	τοῦτο	houtos	RD:----NSN-
01121118	Matt.12.11	τοῖς	ho	RA:----DPN-
01121119	Matt.12.11	σάββασιν	sabbaton	N-:----DPN-
01121120	Matt.12.11	εἰς	eis	P-:--------
01121121	Matt.12.11	βόθυνον	bothynos	N-:----ASM-
01121122	Matt.12.11	οὐχὶ	ouchi	X-:--------
01121123	Matt.12.11	κρατήσει	krateō	V-:3FAI-S--
01121124	Matt.12.11	αὐτὸ	autos	RP:----ASN-
01121125	Matt.12.11	καὶ	kai	C-:--------
01121126	Matt.12.11	ἐγερεῖ	egeirō	V-:3FAI-S--
01121201	Matt.12.12	πόσῳ	posos	RI:----DSN-
01121202	Matt.12.12	οὖν	oun	C-:--------
01121203	Matt.12.12	διαφέρει	diapherō	V-:3PAI-S--
01121204	Matt.12.12	ἄνθρωπος	anthrōpos	N-:----NSM-
01121205	Matt.12.12	προβάτου	probaton	N-:----GSN-
01121206	Matt.12.12	ὥστε	hōste	C-:--------
01121207	Matt.12.12	ἔξεστιν	exesti(n)	V-:3PAI-S--
01121208	Matt.12.12	τοῖς	ho	RA:----DPN-
01121209	Matt.12.12	σάββασιν	sabbaton	N-:----DPN-
01121210	Matt.12.12	καλῶς	kalōs	D-:--------
01121211	Matt.12.12	ποιεῖν	poieō	V-:-PAN----
01121301	Matt.12.13	τότε	tote	D-:--------
01121302	Matt.12.13	λέγει	legō	V-:3PAI-S--
01121303	Matt.12.13	τῷ	ho	RA:----DSM-
01121304	Matt.12.13	ἀνθρώπῳ	anthrōpos	N-:----DSM-
01121305	Matt.12.13	Ἔκτεινόν	ekteinō	V-:2AAD-S--
01121306	Matt.12.13	σου	sy	RP:----GS--
01121307	Matt.12.13	τὴν	ho	RA:----ASF-
01121308	Matt.12.13	χεῖρα	cheir	N-:----ASF-
01121309	Matt.12.13	καὶ	kai	C-:--------
01121310	Matt.12.13	ἐξέτεινεν	ekteinō	V-:3AAI-S--
01121311	Matt.12.13	καὶ	kai	C-:--------
01121312	Matt.12.13	ἀπεκατεστάθη	apokathistēmi	V-:3API-S--
01121313	Matt.12.13	ὑγιὴς	hygiēs	A-:----NSF-
01121314	Matt.12.13	ὡς	hōs	C-:--------
01121315	Matt.12.13	ἡ	ho	RA:----NSF-
01121316	Matt.12.13	ἄλλη	allos	A-:----NSF-
01121401	Matt.12.14	ἐξελθόντες	exerchomai	V-:-AAPNPM-
01121402	Matt.12.14	δὲ	de	C-:--------
01121403	Matt.12.14	οἱ	ho	RA:----NPM-
01121404	Matt.12.14	Φαρισαῖοι	pharisaios	N-:----NPM-
01121405	Matt.12.14	συμβούλιον	symboulion	N-:----ASN-
01121406	Matt.12.14	ἔλαβον	lambanō	V-:3AAI-P--
01121407	Matt.12.14	κατ’	kata	P-:--------
01121408	Matt.12.14	αὐτοῦ	autos	RP:----GSM-
01121409	Matt.12.14	ὅπως	hopōs	C-:--------
01121410	Matt.12.14	αὐτὸν	autos	RP:----ASM-
01121411	Matt.12.14	ἀπολέσωσιν	apollymi	V-:3AAS-P--
01121501	Matt.12.15	Ὁ	ho	RA:----NSM-
01121502	Matt.12.15	δὲ	de	C-:--------
01121503	Matt.12.15	Ἰησοῦς	iēsous	N-:----NSM-
01121504	Matt.12.15	γνοὺς	ginōskō	V-:-AAPNSM-
01121505	Matt.12.15	ἀνεχώρησεν	anachōreō	V-:3AAI-S--
01121506	Matt.12.15	ἐκεῖθεν	ekeithen	D-:--------
01121507	Matt.12.15	καὶ	kai	C-:--------
01121508	Matt.12.15	ἠκολούθησαν	akoloutheō	V-:3AAI-P--
01121509	Matt.12.15	αὐτῷ	autos	RP:----DSM-
01121510	Matt.12.15	πολλοί	polys	A-:----NPM-
01121511	Matt.12.15	καὶ	kai	C-:--------
01121512	Matt.12.15	ἐθεράπευσεν	therapeuō	V-:3AAI-S--
01121513	Matt.12.15	αὐτοὺς	autos	RP:----APM-
01121514	Matt.12.15	πάντας	pas	A-:----APM-
01121601	Matt.12.16	καὶ	kai	C-:--------
01121602	Matt.12.16	ἐπετίμησεν	epitimaō	V-:3AAI-S--
01121603	Matt.12.16	αὐτοῖς	autos	RP:----DPM-
01121604	Matt.12.16	ἵνα	hina	C-:--------
01121605	Matt.12.16	μὴ	mē	D-:--------
01121606	Matt.12.16	φανερὸν	phaneros	A-:----ASM-
01121607	Matt.12.16	αὐτὸν	autos	RP:----ASM-
01121608	Matt.12.16	ποιήσωσιν	poieō	V-:3AAS-P--
01121701	Matt.12.17	ἵνα	hina	C-:--------
01121702	Matt.12.17	πληρωθῇ	plēroō	V-:3APS-S--
01121703	Matt.12.17	τὸ	ho	RA:----NSN-
01121704	Matt.12.17	ῥηθὲν	legō	V-:-APPNSN-
01121705	Matt.12.17	διὰ	dia	P-:--------
01121706	Matt.12.17	Ἠσαΐου	ēsaias	N-:----GSM-
01121707	Matt.12.17	τοῦ	ho	RA:----GSM-
01121708	Matt.12.17	προφήτου	prophētēs	N-:----GSM-
01121709	Matt.12.17	λέγοντος	legō	V-:-PAPGSM-
01121801	Matt.12.18	Ἰδοὺ	idou	X-:--------
01121802	Matt.12.18	ὁ	ho	RA:----NSM-
01121803	Matt.12.18	παῖς	pais	N-:----NSM-
01121804	Matt.12.18	μου	egō	RP:----GS--
01121805	Matt.12.18	ὃν	hos	RR:----ASM-
01121806	Matt.12.18	ᾑρέτισα	hairetizō	V-:1AAI-S--
01121807	Matt.12.18	ὁ	ho	RA:----NSM-
01121808	Matt.12.18	ἀγαπητός	agapētos	A-:----NSM-
01121809	Matt.12.18	μου	egō	RP:----GS--
01121810	Matt.12.18	εἰς	eis	P-:--------
01121811	Matt.12.18	ὃν	hos	RR:----ASM-
01121812	Matt.12.18	εὐδόκησεν	eudokeō	V-:3AAI-S--
01121813	Matt.12.18	ἡ	ho	RA:----NSF-
01121814	Matt.12.18	ψυχή	psychē	N-:----NSF-
01121815	Matt.12.18	μου	egō	RP:----GS--
01121816	Matt.12.18	θήσω	tithēmi	V-:1FAI-S--
01121817	Matt.12.18	τὸ	ho	RA:----ASN-
01121818	Matt.12.18	πνεῦμά	pneuma	N-:----ASN-
01121819	Matt.12.18	μου	egō	RP:----GS--
01121820	Matt.12.18	ἐπ’	epi	P-:--------
01121821	Matt.12.18	αὐτόν	autos	RP:----ASM-
01121822	Matt.12.18	καὶ	kai	C-:--------
01121823	Matt.12.18	κρίσιν	krisis	N-:----ASF-
01121824	Matt.12.18	τοῖς	ho	RA:----DPN-
01121825	Matt.12.18	ἔθνεσιν	ethnos	N-:----DPN-
01121826	Matt.12.18	ἀπαγγελεῖ	apangellō	V-:3FAI-S--
01121901	Matt.12.19	οὐκ	ou	D-:--------
01121902	Matt.12.19	ἐρίσει	erizō	V-:3FAI-S--
01121903	Matt.12.19	οὐδὲ	oude	C-:--------
01121904	Matt.12.19	κραυγάσει	kraugazō	V-:3FAI-S--
01121905	Matt.12.19	οὐδὲ	oude	C-:--------
01121906	Matt.12.19	ἀκούσει	akouō	V-:3FAI-S--
01121907	Matt.12.19	τις	tis2	RI:----NSM-
01121908	Matt.12.19	ἐν	en	P-:--------
01121909	Matt.12.19	ταῖς	ho	RA:----DPF-
01121910	Matt.12.19	πλατείαις	platys	A-:----DPF-
01121911	Matt.12.19	τὴν	ho	RA:----ASF-
01121912	Matt.12.19	φωνὴν	phōnē	N-:----ASF-
01121913	Matt.12.19	αὐτοῦ	autos	RP:----GSM-
01122001	Matt.12.20	κάλαμον	kalamos	N-:----ASM-
01122002	Matt.12.20	συντετριμμένον	syntribō	V-:-XPPASM-
01122003	Matt.12.20	οὐ	ou	D-:--------
01122004	Matt.12.20	κατεάξει	katagnymi	V-:3FAI-S--
01122005	Matt.12.20	καὶ	kai	C-:--------
01122006	Matt.12.20	λίνον	linon	N-:----ASN-
01122007	Matt.12.20	τυφόμενον	typhomai	V-:-PPPASN-
01122008	Matt.12.20	οὐ	ou	D-:--------
01122009	Matt.12.20	σβέσει	sbennymi	V-:3FAI-S--
01122010	Matt.12.20	ἕως	heōs	C-:--------
01122011	Matt.12.20	ἂν	an	X-:--------
01122012	Matt.12.20	ἐκβάλῃ	ekballō	V-:3AAS-S--
01122013	Matt.12.20	εἰς	eis	P-:--------
01122014	Matt.12.20	νῖκος	nikos	N-:----ASN-
01122015	Matt.12.20	τὴν	ho	RA:----ASF-
01122016	Matt.12.20	κρίσιν	krisis	N-:----ASF-
01122101	Matt.12.21	καὶ	kai	C-:--------
01122102	Matt.12.21	τῷ	ho	RA:----DSN-
01122103	Matt.12.21	ὀνόματι	onoma	N-:----DSN-
01122104	Matt.12.21	αὐτοῦ	autos	RP:----GSM-
01122105	Matt.12.21	ἔθνη	ethnos	N-:----NPN-
01122106	Matt.12.21	ἐλπιοῦσιν	elpizō	V-:3FAI-P--
01122201	Matt.12.22	Τότε	tote	D-:--------
01122202	Matt.12.22	προσηνέχθη	prospherō	V-:3API-S--
01122203	Matt.12.22	αὐτῷ	autos	RP:----DSM-
01122204	Matt.12.22	δαιμονιζόμενος	daimonizomai	V-:-PMPNSM-
01122205	Matt.12.22	τυφλὸς	typhlos	A-:----NSM-
01122206	Matt.12.22	καὶ	kai	C-:--------
01122207	Matt.12.22	κωφός	kōphos	A-:----NSM-
01122208	Matt.12.22	καὶ	kai	C-:--------
01122209	Matt.12.22	ἐθεράπευσεν	therapeuō	V-:3AAI-S--
01122210	Matt.12.22	αὐτόν	autos	RP:----ASM-
01122211	Matt.12.22	ὥστε	hōste	C-:--------
01122212	Matt.12.22	τὸν	ho	RA:----ASM-
01122213	Matt.12.22	κωφὸν	kōphos	A-:----ASM-
01122214	Matt.12.22	λαλεῖν	laleō	V-:-PAN----
01122215	Matt.12.22	καὶ	kai	C-:--------
01122216	Matt.12.22	βλέπειν	blepō	V-:-PAN----
01122301	Matt.12.23	καὶ	kai	C-:--------
01122302	Matt.12.23	ἐξίσταντο	existēmi	V-:3IMI-P--
01122303	Matt.12.23	πάντες	pas	A-:----NPM-
01122304	Matt.12.23	οἱ	ho	RA:----NPM-
01122305	Matt.12.23	ὄχλοι	ochlos	N-:----NPM-
01122306	Matt.12.23	καὶ	kai	C-:--------
01122307	Matt.12.23	ἔλεγον	legō	V-:3IAI-P--
01122308	Matt.12.23	Μήτι	mēti	X-:--------
01122309	Matt.12.23	οὗτός	houtos	RD:----NSM-
01122310	Matt.12.23	ἐστιν	eimi	V-:3PAI-S--
01122311	Matt.12.23	ὁ	ho	RA:----NSM-
01122312	Matt.12.23	υἱὸς	huios	N-:----NSM-
01122313	Matt.12.23	Δαυίδ	dauid	N-:----GSM-
01122401	Matt.12.24	οἱ	ho	RA:----NPM-
01122402	Matt.12.24	δὲ	de	C-:--------
01122403	Matt.12.24	Φαρισαῖοι	pharisaios	N-:----NPM-
01122404	Matt.12.24	ἀκούσαντες	akouō	V-:-AAPNPM-
01122405	Matt.12.24	εἶπον	legō	V-:3AAI-P--
01122406	Matt.12.24	Οὗτος	houtos	RD:----NSM-
01122407	Matt.12.24	οὐκ	ou	D-:--------
01122408	Matt.12.24	ἐκβάλλει	ekballō	V-:3PAI-S--
01122409	Matt.12.24	τὰ	ho	RA:----APN-
01122410	Matt.12.24	δαιμόνια	daimonion	N-:----APN-
01122411	Matt.12.24	εἰ	ei	C-:--------
01122412	Matt.12.24	μὴ	mē	D-:--------
01122413	Matt.12.24	ἐν	en	P-:--------
01122414	Matt.12.24	τῷ	ho	RA:----DSM-
01122415	Matt.12.24	Βεελζεβοὺλ	beelzeboul	N-:----DSM-
01122416	Matt.12.24	ἄρχοντι	archōn	N-:----DSM-
01122417	Matt.12.24	τῶν	ho	RA:----GPN-
01122418	Matt.12.24	δαιμονίων	daimonion	N-:----GPN-
01122501	Matt.12.25	εἰδὼς	horaō	V-:-XAPNSM-
01122502	Matt.12.25	δὲ	de	C-:--------
01122503	Matt.12.25	τὰς	ho	RA:----APF-
01122504	Matt.12.25	ἐνθυμήσεις	enthymēsis	N-:----APF-
01122505	Matt.12.25	αὐτῶν	autos	RP:----GPM-
01122506	Matt.12.25	εἶπεν	legō	V-:3AAI-S--
01122507	Matt.12.25	αὐτοῖς	autos	RP:----DPM-
01122508	Matt.12.25	Πᾶσα	pas	A-:----NSF-
01122509	Matt.12.25	βασιλεία	basileia	N-:----NSF-
01122510	Matt.12.25	μερισθεῖσα	merizō	V-:-APPNSF-
01122511	Matt.12.25	καθ’	kata	P-:--------
01122512	Matt.12.25	ἑαυτῆς	heautou	RP:----GSF-
01122513	Matt.12.25	ἐρημοῦται	erēmoomai	V-:3PPI-S--
01122514	Matt.12.25	καὶ	kai	C-:--------
01122515	Matt.12.25	πᾶσα	pas	A-:----NSF-
01122516	Matt.12.25	πόλις	polis	N-:----NSF-
01122517	Matt.12.25	ἢ	ē	C-:--------
01122518	Matt.12.25	οἰκία	oikia	N-:----NSF-
01122519	Matt.12.25	μερισθεῖσα	merizō	V-:-APPNSF-
01122520	Matt.12.25	καθ’	kata	P-:--------
01122521	Matt.12.25	ἑαυτῆς	heautou	RP:----GSF-
01122522	Matt.12.25	οὐ	ou	D-:--------
01122523	Matt.12.25	σταθήσεται	histēmi	V-:3FPI-S--
01122601	Matt.12.26	καὶ	kai	C-:--------
01122602	Matt.12.26	εἰ	ei	C-:--------
01122603	Matt.12.26	ὁ	ho	RA:----NSM-
01122604	Matt.12.26	Σατανᾶς	satanas	N-:----NSM-
01122605	Matt.12.26	τὸν	ho	RA:----ASM-
01122606	Matt.12.26	Σατανᾶν	satanas	N-:----ASM-
01122607	Matt.12.26	ἐκβάλλει	ekballō	V-:3PAI-S--
01122608	Matt.12.26	ἐφ’	epi	P-:--------
01122609	Matt.12.26	ἑαυτὸν	heautou	RP:----ASM-
01122610	Matt.12.26	ἐμερίσθη	merizō	V-:3API-S--
01122611	Matt.12.26	πῶς	pōs	D-:--------
01122612	Matt.12.26	οὖν	oun	C-:--------
01122613	Matt.12.26	σταθήσεται	histēmi	V-:3FPI-S--
01122614	Matt.12.26	ἡ	ho	RA:----NSF-
01122615	Matt.12.26	βασιλεία	basileia	N-:----NSF-
01122616	Matt.12.26	αὐτοῦ	autos	RP:----GSM-
01122701	Matt.12.27	καὶ	kai	C-:--------
01122702	Matt.12.27	εἰ	ei	C-:--------
01122703	Matt.12.27	ἐγὼ	egō	RP:----NS--
01122704	Matt.12.27	ἐν	en	P-:--------
01122705	Matt.12.27	Βεελζεβοὺλ	beelzeboul	N-:----DSM-
01122706	Matt.12.27	ἐκβάλλω	ekballō	V-:1PAI-S--
01122707	Matt.12.27	τὰ	ho	RA:----APN-
01122708	Matt.12.27	δαιμόνια	daimonion	N-:----APN-
01122709	Matt.12.27	οἱ	ho	RA:----NPM-
01122710	Matt.12.27	υἱοὶ	huios	N-:----NPM-
01122711	Matt.12.27	ὑμῶν	sy	RP:----GP--
01122712	Matt.12.27	ἐν	en	P-:--------
01122713	Matt.12.27	τίνι	tis	RI:----DSM-
01122714	Matt.12.27	ἐκβάλλουσιν	ekballō	V-:3PAI-P--
01122715	Matt.12.27	διὰ	dia	P-:--------
01122716	Matt.12.27	τοῦτο	houtos	RD:----ASN-
01122717	Matt.12.27	αὐτοὶ	autos	RP:----NPM-
01122718	Matt.12.27	κριταὶ	kritēs	N-:----NPM-
01122719	Matt.12.27	ἔσονται	eimi	V-:3FMI-P--
01122720	Matt.12.27	ὑμῶν	sy	RP:----GP--
01122801	Matt.12.28	εἰ	ei	C-:--------
01122802	Matt.12.28	δὲ	de	C-:--------
01122803	Matt.12.28	ἐν	en	P-:--------
01122804	Matt.12.28	πνεύματι	pneuma	N-:----DSN-
01122805	Matt.12.28	θεοῦ	theos	N-:----GSM-
01122806	Matt.12.28	ἐγὼ	egō	RP:----NS--
01122807	Matt.12.28	ἐκβάλλω	ekballō	V-:1PAI-S--
01122808	Matt.12.28	τὰ	ho	RA:----APN-
01122809	Matt.12.28	δαιμόνια	daimonion	N-:----APN-
01122810	Matt.12.28	ἄρα	ara	C-:--------
01122811	Matt.12.28	ἔφθασεν	phthanō	V-:3AAI-S--
01122812	Matt.12.28	ἐφ’	epi	P-:--------
01122813	Matt.12.28	ὑμᾶς	sy	RP:----AP--
01122814	Matt.12.28	ἡ	ho	RA:----NSF-
01122815	Matt.12.28	βασιλεία	basileia	N-:----NSF-
01122816	Matt.12.28	τοῦ	ho	RA:----GSM-
01122817	Matt.12.28	θεοῦ	theos	N-:----GSM-
01122901	Matt.12.29	ἢ	ē	C-:--------
01122902	Matt.12.29	πῶς	pōs	D-:--------
01122903	Matt.12.29	δύναταί	dynamai	V-:3PMI-S--
01122904	Matt.12.29	τις	tis2	RI:----NSM-
01122905	Matt.12.29	εἰσελθεῖν	eiserchomai	V-:-AAN----
01122906	Matt.12.29	εἰς	eis	P-:--------
01122907	Matt.12.29	τὴν	ho	RA:----ASF-
01122908	Matt.12.29	οἰκίαν	oikia	N-:----ASF-
01122909	Matt.12.29	τοῦ	ho	RA:----GSM-
01122910	Matt.12.29	ἰσχυροῦ	ischyros	A-:----GSM-
01122911	Matt.12.29	καὶ	kai	C-:--------
01122912	Matt.12.29	τὰ	ho	RA:----APN-
01122913	Matt.12.29	σκεύη	skeuos	N-:----APN-
01122914	Matt.12.29	αὐτοῦ	autos	RP:----GSM-
01122915	Matt.12.29	ἁρπάσαι	harpazō	V-:-AAN----
01122916	Matt.12.29	ἐὰν	ean	C-:--------
01122917	Matt.12.29	μὴ	mē	D-:--------
01122918	Matt.12.29	πρῶτον	prōtos	A-:----ASN-
01122919	Matt.12.29	δήσῃ	deō	V-:3AAS-S--
01122920	Matt.12.29	τὸν	ho	RA:----ASM-
01122921	Matt.12.29	ἰσχυρόν	ischyros	A-:----ASM-
01122922	Matt.12.29	καὶ	kai	C-:--------
01122923	Matt.12.29	τότε	tote	D-:--------
01122924	Matt.12.29	τὴν	ho	RA:----ASF-
01122925	Matt.12.29	οἰκίαν	oikia	N-:----ASF-
01122926	Matt.12.29	αὐτοῦ	autos	RP:----GSM-
01122927	Matt.12.29	διαρπάσει	diarpazō	V-:3FAI-S--
01123001	Matt.12.30	ὁ	ho	RA:----NSM-
01123002	Matt.12.30	μὴ	mē	D-:--------
01123003	Matt.12.30	ὢν	eimi	V-:-PAPNSM-
01123004	Matt.12.30	μετ’	meta	P-:--------
01123005	Matt.12.30	ἐμοῦ	egō	RP:----GS--
01123006	Matt.12.30	κατ’	kata	P-:--------
01123007	Matt.12.30	ἐμοῦ	egō	RP:----GS--
01123008	Matt.12.30	ἐστιν	eimi	V-:3PAI-S--
01123009	Matt.12.30	καὶ	kai	C-:--------
01123010	Matt.12.30	ὁ	ho	RA:----NSM-
01123011	Matt.12.30	μὴ	mē	D-:--------
01123012	Matt.12.30	συνάγων	synagō	V-:-PAPNSM-
01123013	Matt.12.30	μετ’	meta	P-:--------
01123014	Matt.12.30	ἐμοῦ	egō	RP:----GS--
01123015	Matt.12.30	σκορπίζει	skorpizō	V-:3PAI-S--
01123101	Matt.12.31	διὰ	dia	P-:--------
01123102	Matt.12.31	τοῦτο	houtos	RD:----ASN-
01123103	Matt.12.31	λέγω	legō	V-:1PAI-S--
01123104	Matt.12.31	ὑμῖν	sy	RP:----DP--
01123105	Matt.12.31	πᾶσα	pas	A-:----NSF-
01123106	Matt.12.31	ἁμαρτία	hamartia	N-:----NSF-
01123107	Matt.12.31	καὶ	kai	C-:--------
01123108	Matt.12.31	βλασφημία	blasphēmia	N-:----NSF-
01123109	Matt.12.31	ἀφεθήσεται	aphiēmi	V-:3FPI-S--
01123110	Matt.12.31	τοῖς	ho	RA:----DPM-
01123111	Matt.12.31	ἀνθρώποις	anthrōpos	N-:----DPM-
01123112	Matt.12.31	ἡ	ho	RA:----NSF-
01123113	Matt.12.31	δὲ	de	C-:--------
01123114	Matt.12.31	τοῦ	ho	RA:----GSN-
01123115	Matt.12.31	πνεύματος	pneuma	N-:----GSN-
01123116	Matt.12.31	βλασφημία	blasphēmia	N-:----NSF-
01123117	Matt.12.31	οὐκ	ou	D-:--------
01123118	Matt.12.31	ἀφεθήσεται	aphiēmi	V-:3FPI-S--
01123201	Matt.12.32	καὶ	kai	C-:--------
01123202	Matt.12.32	ὃς	hos	RR:----NSM-
01123203	Matt.12.32	ἐὰν	ean	X-:--------
01123204	Matt.12.32	εἴπῃ	legō	V-:3AAS-S--
01123205	Matt.12.32	λόγον	logos	N-:----ASM-
01123206	Matt.12.32	κατὰ	kata	P-:--------
01123207	Matt.12.32	τοῦ	ho	RA:----GSM-
01123208	Matt.12.32	υἱοῦ	huios	N-:----GSM-
01123209	Matt.12.32	τοῦ	ho	RA:----GSM-
01123210	Matt.12.32	ἀνθρώπου	anthrōpos	N-:----GSM-
01123211	Matt.12.32	ἀφεθήσεται	aphiēmi	V-:3FPI-S--
01123212	Matt.12.32	αὐτῷ	autos	RP:----DSM-
01123213	Matt.12.32	ὃς	hos	RR:----NSM-
01123214	Matt.12.32	δ’	de	C-:--------
01123215	Matt.12.32	ἂν	an	X-:--------
01123216	Matt.12.32	εἴπῃ	legō	V-:3AAS-S--
01123217	Matt.12.32	κατὰ	kata	P-:--------
01123218	Matt.12.32	τοῦ	ho	RA:----GSN-
01123219	Matt.12.32	πνεύματος	pneuma	N-:----GSN-
01123220	Matt.12.32	τοῦ	ho	RA:----GSN-
01123221	Matt.12.32	ἁγίου	hagios	A-:----GSN-
01123222	Matt.12.32	οὐκ	ou	D-:--------
01123223	Matt.12.32	ἀφεθήσεται	aphiēmi	V-:3FPI-S--
01123224	Matt.12.32	αὐτῷ	autos	RP:----DSM-
01123225	Matt.12.32	οὔτε	oute	C-:--------
01123226	Matt.12.32	ἐν	en	P-:--------
01123227	Matt.12.32	τούτῳ	houtos	RD:----DSM-
01123228	Matt.12.32	τῷ	ho	RA:----DSM-
01123229	Matt.12.32	αἰῶνι	aiōn	N-:----DSM-
01123230	Matt.12.32	οὔτε	oute	C-:--------
01123231	Matt.12.32	ἐν	en	P-:--------
01123232	Matt.12.32	τῷ	ho	RA:----DSM-
01123233	Matt.12.32	μέλλοντι	mellō	V-:-PAPDSM-
01123301	Matt.12.33	Ἢ	ē	C-:--------
01123302	Matt.12.33	ποιήσατε	poieō	V-:2AAD-P--
01123303	Matt.12.33	τὸ	ho	RA:----ASN-
01123304	Matt.12.33	δένδρον	dendron	N-:----ASN-
01123305	Matt.12.33	καλὸν	kalos	A-:----ASN-
01123306	Matt.12.33	καὶ	kai	C-:--------
01123307	Matt.12.33	τὸν	ho	RA:----ASM-
01123308	Matt.12.33	καρπὸν	karpos	N-:----ASM-
01123309	Matt.12.33	αὐτοῦ	autos	RP:----GSN-
01123310	Matt.12.33	καλόν	kalos	A-:----ASM-
01123311	Matt.12.33	ἢ	ē	C-:--------
01123312	Matt.12.33	ποιήσατε	poieō	V-:2AAD-P--
01123313	Matt.12.33	τὸ	ho	RA:----ASN-
01123314	Matt.12.33	δένδρον	dendron	N-:----ASN-
01123315	Matt.12.33	σαπρὸν	sapros	A-:----ASN-
01123316	Matt.12.33	καὶ	kai	C-:--------
01123317	Matt.12.33	τὸν	ho	RA:----ASM-
01123318	Matt.12.33	καρπὸν	karpos	N-:----ASM-
01123319	Matt.12.33	αὐτοῦ	autos	RP:----GSN-
01123320	Matt.12.33	σαπρόν	sapros	A-:----ASM-
01123321	Matt.12.33	ἐκ	ek	P-:--------
01123322	Matt.12.33	γὰρ	gar	C-:--------
01123323	Matt.12.33	τοῦ	ho	RA:----GSM-
01123324	Matt.12.33	καρποῦ	karpos	N-:----GSM-
01123325	Matt.12.33	τὸ	ho	RA:----NSN-
01123326	Matt.12.33	δένδρον	dendron	N-:----NSN-
01123327	Matt.12.33	γινώσκεται	ginōskō	V-:3PPI-S--
01123401	Matt.12.34	γεννήματα	gennēma	N-:----VPN-
01123402	Matt.12.34	ἐχιδνῶν	echidna	N-:----GPF-
01123403	Matt.12.34	πῶς	pōs	D-:--------
01123404	Matt.12.34	δύνασθε	dynamai	V-:2PMI-P--
01123405	Matt.12.34	ἀγαθὰ	agathos	A-:----APN-
01123406	Matt.12.34	λαλεῖν	laleō	V-:-PAN----
01123407	Matt.12.34	πονηροὶ	ponēros	A-:----NPM-
01123408	Matt.12.34	ὄντες	eimi	V-:-PAPNPM-
01123409	Matt.12.34	ἐκ	ek	P-:--------
01123410	Matt.12.34	γὰρ	gar	C-:--------
01123411	Matt.12.34	τοῦ	ho	RA:----GSN-
01123412	Matt.12.34	περισσεύματος	perisseuma	N-:----GSN-
01123413	Matt.12.34	τῆς	ho	RA:----GSF-
01123414	Matt.12.34	καρδίας	kardia	N-:----GSF-
01123415	Matt.12.34	τὸ	ho	RA:----NSN-
01123416	Matt.12.34	στόμα	stoma	N-:----NSN-
01123417	Matt.12.34	λαλεῖ	laleō	V-:3PAI-S--
01123501	Matt.12.35	ὁ	ho	RA:----NSM-
01123502	Matt.12.35	ἀγαθὸς	agathos	A-:----NSM-
01123503	Matt.12.35	ἄνθρωπος	anthrōpos	N-:----NSM-
01123504	Matt.12.35	ἐκ	ek	P-:--------
01123505	Matt.12.35	τοῦ	ho	RA:----GSM-
01123506	Matt.12.35	ἀγαθοῦ	agathos	A-:----GSM-
01123507	Matt.12.35	θησαυροῦ	thēsauros	N-:----GSM-
01123508	Matt.12.35	ἐκβάλλει	ekballō	V-:3PAI-S--
01123509	Matt.12.35	ἀγαθά	agathos	A-:----APN-
01123510	Matt.12.35	καὶ	kai	C-:--------
01123511	Matt.12.35	ὁ	ho	RA:----NSM-
01123512	Matt.12.35	πονηρὸς	ponēros	A-:----NSM-
01123513	Matt.12.35	ἄνθρωπος	anthrōpos	N-:----NSM-
01123514	Matt.12.35	ἐκ	ek	P-:--------
01123515	Matt.12.35	τοῦ	ho	RA:----GSM-
01123516	Matt.12.35	πονηροῦ	ponēros	A-:----GSM-
01123517	Matt.12.35	θησαυροῦ	thēsauros	N-:----GSM-
01123518	Matt.12.35	ἐκβάλλει	ekballō	V-:3PAI-S--
01123519	Matt.12.35	πονηρά	ponēros	A-:----APN-
01123601	Matt.12.36	λέγω	legō	V-:1PAI-S--
01123602	Matt.12.36	δὲ	de	C-:--------
01123603	Matt.12.36	ὑμῖν	sy	RP:----DP--
01123604	Matt.12.36	ὅτι	hoti	C-:--------
01123605	Matt.12.36	πᾶν	pas	A-:----ASN-
01123606	Matt.12.36	ῥῆμα	rhēma	N-:----ASN-
01123607	Matt.12.36	ἀργὸν	argos	A-:----ASN-
01123608	Matt.12.36	ὃ	hos	RR:----ASN-
01123609	Matt.12.36	λαλήσουσιν	laleō	V-:3FAI-P--
01123610	Matt.12.36	οἱ	ho	RA:----NPM-
01123611	Matt.12.36	ἄνθρωποι	anthrōpos	N-:----NPM-
01123612	Matt.12.36	ἀποδώσουσιν	apodidōmi	V-:3FAI-P--
01123613	Matt.12.36	περὶ	peri	P-:--------
01123614	Matt.12.36	αὐτοῦ	autos	RP:----GSN-
01123615	Matt.12.36	λόγον	logos	N-:----ASM-
01123616	Matt.12.36	ἐν	en	P-:--------
01123617	Matt.12.36	ἡμέρᾳ	hēmera	N-:----DSF-
01123618	Matt.12.36	κρίσεως	krisis	N-:----GSF-
01123701	Matt.12.37	ἐκ	ek	P-:--------
01123702	Matt.12.37	γὰρ	gar	C-:--------
01123703	Matt.12.37	τῶν	ho	RA:----GPM-
01123704	Matt.12.37	λόγων	logos	N-:----GPM-
01123705	Matt.12.37	σου	sy	RP:----GS--
01123706	Matt.12.37	δικαιωθήσῃ	dikaioō	V-:2FPI-S--
01123707	Matt.12.37	καὶ	kai	C-:--------
01123708	Matt.12.37	ἐκ	ek	P-:--------
01123709	Matt.12.37	τῶν	ho	RA:----GPM-
01123710	Matt.12.37	λόγων	logos	N-:----GPM-
01123711	Matt.12.37	σου	sy	RP:----GS--
01123712	Matt.12.37	καταδικασθήσῃ	katadikazō	V-:2FPI-S--
01123801	Matt.12.38	Τότε	tote	D-:--------
01123802	Matt.12.38	ἀπεκρίθησαν	apokrinomai	V-:3API-P--
01123803	Matt.12.38	αὐτῷ	autos	RP:----DSM-
01123804	Matt.12.38	τινες	tis2	RI:----NPM-
01123805	Matt.12.38	τῶν	ho	RA:----GPM-
01123806	Matt.12.38	γραμματέων	grammateus	N-:----GPM-
01123807	Matt.12.38	καὶ	kai	C-:--------
01123808	Matt.12.38	Φαρισαίων	pharisaios	N-:----GPM-
01123809	Matt.12.38	λέγοντες	legō	V-:-PAPNPM-
01123810	Matt.12.38	Διδάσκαλε	didaskalos	N-:----VSM-
01123811	Matt.12.38	θέλομεν	thelō	V-:1PAI-P--
01123812	Matt.12.38	ἀπὸ	apo	P-:--------
01123813	Matt.12.38	σοῦ	sy	RP:----GS--
01123814	Matt.12.38	σημεῖον	sēmeion	N-:----ASN-
01123815	Matt.12.38	ἰδεῖν	horaō	V-:-AAN----
01123901	Matt.12.39	ὁ	ho	RA:----NSM-
01123902	Matt.12.39	δὲ	de	C-:--------
01123903	Matt.12.39	ἀποκριθεὶς	apokrinomai	V-:-APPNSM-
01123904	Matt.12.39	εἶπεν	legō	V-:3AAI-S--
01123905	Matt.12.39	αὐτοῖς	autos	RP:----DPM-
01123906	Matt.12.39	Γενεὰ	genea	N-:----NSF-
01123907	Matt.12.39	πονηρὰ	ponēros	A-:----NSF-
01123908	Matt.12.39	καὶ	kai	C-:--------
01123909	Matt.12.39	μοιχαλὶς	moichalis	A-:----NSF-
01123910	Matt.12.39	σημεῖον	sēmeion	N-:----ASN-
01123911	Matt.12.39	ἐπιζητεῖ	epizēteō	V-:3PAI-S--
01123912	Matt.12.39	καὶ	kai	C-:--------
01123913	Matt.12.39	σημεῖον	sēmeion	N-:----NSN-
01123914	Matt.12.39	οὐ	ou	D-:--------
01123915	Matt.12.39	δοθήσεται	didōmi	V-:3FPI-S--
01123916	Matt.12.39	αὐτῇ	autos	RP:----DSF-
01123917	Matt.12.39	εἰ	ei	C-:--------
01123918	Matt.12.39	μὴ	mē	D-:--------
01123919	Matt.12.39	τὸ	ho	RA:----NSN-
01123920	Matt.12.39	σημεῖον	sēmeion	N-:----NSN-
01123921	Matt.12.39	Ἰωνᾶ	iōnas	N-:----GSM-
01123922	Matt.12.39	τοῦ	ho	RA:----GSM-
01123923	Matt.12.39	προφήτου	prophētēs	N-:----GSM-
01124001	Matt.12.40	ὥσπερ	hōsper	C-:--------
01124002	Matt.12.40	γὰρ	gar	C-:--------
01124003	Matt.12.40	ἦν	eimi	V-:3IAI-S--
01124004	Matt.12.40	Ἰωνᾶς	iōnas	N-:----NSM-
01124005	Matt.12.40	ἐν	en	P-:--------
01124006	Matt.12.40	τῇ	ho	RA:----DSF-
01124007	Matt.12.40	κοιλίᾳ	koilia	N-:----DSF-
01124008	Matt.12.40	τοῦ	ho	RA:----GSN-
01124009	Matt.12.40	κήτους	kētos	N-:----GSN-
01124010	Matt.12.40	τρεῖς	treis	A-:----APF-
01124011	Matt.12.40	ἡμέρας	hēmera	N-:----APF-
01124012	Matt.12.40	καὶ	kai	C-:--------
01124013	Matt.12.40	τρεῖς	treis	A-:----APF-
01124014	Matt.12.40	νύκτας	nyx	N-:----APF-
01124015	Matt.12.40	οὕτως	houtō(s)	D-:--------
01124016	Matt.12.40	ἔσται	eimi	V-:3FMI-S--
01124017	Matt.12.40	ὁ	ho	RA:----NSM-
01124018	Matt.12.40	υἱὸς	huios	N-:----NSM-
01124019	Matt.12.40	τοῦ	ho	RA:----GSM-
01124020	Matt.12.40	ἀνθρώπου	anthrōpos	N-:----GSM-
01124021	Matt.12.40	ἐν	en	P-:--------
01124022	Matt.12.40	τῇ	ho	RA:----DSF-
01124023	Matt.12.40	καρδίᾳ	kardia	N-:----DSF-
01124024	Matt.12.40	τῆς	ho	RA:----GSF-
01124025	Matt.12.40	γῆς	gē	N-:----GSF-
01124026	Matt.12.40	τρεῖς	treis	A-:----APF-
01124027	Matt.12.40	ἡμέρας	hēmera	N-:----APF-
01124028	Matt.12.40	καὶ	kai	C-:--------
01124029	Matt.12.40	τρεῖς	treis	A-:----APF-
01124030	Matt.12.40	νύκτας	nyx	N-:----APF-
01124101	Matt.12.41	ἄνδρες	anēr	N-:----NPM-
01124102	Matt.12.41	Νινευῖται	nineuitēs	N-:----NPM-
01124103	Matt.12.41	ἀναστήσονται	anistēmi	V-:3FMI-P--
01124104	Matt.12.41	ἐν	en	P-:--------
01124105	Matt.12.41	τῇ	ho	RA:----DSF-
01124106	Matt.12.41	κρίσει	krisis	N-:----DSF-
01124107	Matt.12.41	μετὰ	meta	P-:--------
01124108	Matt.12.41	τῆς	ho	RA:----GSF-
01124109	Matt.12.41	γενεᾶς	genea	N-:----GSF-
01124110	Matt.12.41	ταύτης	houtos	RD:----GSF-
01124111	Matt.12.41	καὶ	kai	C-:--------
01124112	Matt.12.41	κατακρινοῦσιν	katakrinō	V-:3FAI-P--
01124113	Matt.12.41	αὐτήν	autos	RP:----ASF-
01124114	Matt.12.41	ὅτι	hoti	C-:--------
01124115	Matt.12.41	μετενόησαν	metanoeō	V-:3AAI-P--
01124116	Matt.12.41	εἰς	eis	P-:--------
01124117	Matt.12.41	τὸ	ho	RA:----ASN-
01124118	Matt.12.41	κήρυγμα	kērygma	N-:----ASN-
01124119	Matt.12.41	Ἰωνᾶ	iōnas	N-:----GSM-
01124120	Matt.12.41	καὶ	kai	C-:--------
01124121	Matt.12.41	ἰδοὺ	idou	X-:--------
01124122	Matt.12.41	πλεῖον	polys	A-:----NSNC
01124123	Matt.12.41	Ἰωνᾶ	iōnas	N-:----GSM-
01124124	Matt.12.41	ὧδε	hōde	D-:--------
01124201	Matt.12.42	βασίλισσα	basilissa	N-:----NSF-
01124202	Matt.12.42	νότου	notos	N-:----GSM-
01124203	Matt.12.42	ἐγερθήσεται	egeirō	V-:3FPI-S--
01124204	Matt.12.42	ἐν	en	P-:--------
01124205	Matt.12.42	τῇ	ho	RA:----DSF-
01124206	Matt.12.42	κρίσει	krisis	N-:----DSF-
01124207	Matt.12.42	μετὰ	meta	P-:--------
01124208	Matt.12.42	τῆς	ho	RA:----GSF-
01124209	Matt.12.42	γενεᾶς	genea	N-:----GSF-
01124210	Matt.12.42	ταύτης	houtos	RD:----GSF-
01124211	Matt.12.42	καὶ	kai	C-:--------
01124212	Matt.12.42	κατακρινεῖ	katakrinō	V-:3FAI-S--
01124213	Matt.12.42	αὐτήν	autos	RP:----ASF-
01124214	Matt.12.42	ὅτι	hoti	C-:--------
01124215	Matt.12.42	ἦλθεν	erchomai	V-:3AAI-S--
01124216	Matt.12.42	ἐκ	ek	P-:--------
01124217	Matt.12.42	τῶν	ho	RA:----GPN-
01124218	Matt.12.42	περάτων	peras	N-:----GPN-
01124219	Matt.12.42	τῆς	ho	RA:----GSF-
01124220	Matt.12.42	γῆς	gē	N-:----GSF-
01124221	Matt.12.42	ἀκοῦσαι	akouō	V-:-AAN----
01124222	Matt.12.42	τὴν	ho	RA:----ASF-
01124223	Matt.12.42	σοφίαν	sophia	N-:----ASF-
01124224	Matt.12.42	Σολομῶνος	solomōn	N-:----GSM-
01124225	Matt.12.42	καὶ	kai	C-:--------
01124226	Matt.12.42	ἰδοὺ	idou	X-:--------
01124227	Matt.12.42	πλεῖον	polys	A-:----NSNC
01124228	Matt.12.42	Σολομῶνος	solomōn	N-:----GSM-
01124229	Matt.12.42	ὧδε	hōde	D-:--------
01124301	Matt.12.43	Ὅταν	hotan	C-:--------
01124302	Matt.12.43	δὲ	de	C-:--------
01124303	Matt.12.43	τὸ	ho	RA:----NSN-
01124304	Matt.12.43	ἀκάθαρτον	akathartos	A-:----NSN-
01124305	Matt.12.43	πνεῦμα	pneuma	N-:----NSN-
01124306	Matt.12.43	ἐξέλθῃ	exerchomai	V-:3AAS-S--
01124307	Matt.12.43	ἀπὸ	apo	P-:--------
01124308	Matt.12.43	τοῦ	ho	RA:----GSM-
01124309	Matt.12.43	ἀνθρώπου	anthrōpos	N-:----GSM-
01124310	Matt.12.43	διέρχεται	dierchomai	V-:3PMI-S--
01124311	Matt.12.43	δι’	dia	P-:--------
01124312	Matt.12.43	ἀνύδρων	anydros	A-:----GPM-
01124313	Matt.12.43	τόπων	topos	N-:----GPM-
01124314	Matt.12.43	ζητοῦν	zēteō	V-:-PAPNSN-
01124315	Matt.12.43	ἀνάπαυσιν	anapausis	N-:----ASF-
01124316	Matt.12.43	καὶ	kai	C-:--------
01124317	Matt.12.43	οὐχ	ou	D-:--------
01124318	Matt.12.43	εὑρίσκει	heuriskō	V-:3PAI-S--
01124401	Matt.12.44	τότε	tote	D-:--------
01124402	Matt.12.44	λέγει	legō	V-:3PAI-S--
01124403	Matt.12.44	Εἰς	eis	P-:--------
01124404	Matt.12.44	τὸν	ho	RA:----ASM-
01124405	Matt.12.44	οἶκόν	oikos	N-:----ASM-
01124406	Matt.12.44	μου	egō	RP:----GS--
01124407	Matt.12.44	ἐπιστρέψω	epistrephō	V-:1FAI-S--
01124408	Matt.12.44	ὅθεν	hothen	D-:--------
01124409	Matt.12.44	ἐξῆλθον	exerchomai	V-:1AAI-S--
01124410	Matt.12.44	καὶ	kai	C-:--------
01124411	Matt.12.44	ἐλθὸν	erchomai	V-:-AAPNSN-
01124412	Matt.12.44	εὑρίσκει	heuriskō	V-:3PAI-S--
01124413	Matt.12.44	σχολάζοντα	scholazō	V-:-PAPASM-
01124414	Matt.12.44	σεσαρωμένον	saroō	V-:-XPPASM-
01124415	Matt.12.44	καὶ	kai	C-:--------
01124416	Matt.12.44	κεκοσμημένον	kosmeō	V-:-XPPASM-
01124501	Matt.12.45	τότε	tote	D-:--------
01124502	Matt.12.45	πορεύεται	poreuomai	V-:3PMI-S--
01124503	Matt.12.45	καὶ	kai	C-:--------
01124504	Matt.12.45	παραλαμβάνει	paralambanō	V-:3PAI-S--
01124505	Matt.12.45	μεθ’	meta	P-:--------
01124506	Matt.12.45	ἑαυτοῦ	heautou	RP:----GSN-
01124507	Matt.12.45	ἑπτὰ	hepta	A-:----APN-
01124508	Matt.12.45	ἕτερα	heteros	A-:----APN-
01124509	Matt.12.45	πνεύματα	pneuma	N-:----APN-
01124510	Matt.12.45	πονηρότερα	ponēros	A-:----APNC
01124511	Matt.12.45	ἑαυτοῦ	heautou	RP:----GSN-
01124512	Matt.12.45	καὶ	kai	C-:--------
01124513	Matt.12.45	εἰσελθόντα	eiserchomai	V-:-AAPNPN-
01124514	Matt.12.45	κατοικεῖ	katoikeō	V-:3PAI-S--
01124515	Matt.12.45	ἐκεῖ	ekei	D-:--------
01124516	Matt.12.45	καὶ	kai	C-:--------
01124517	Matt.12.45	γίνεται	ginomai	V-:3PMI-S--
01124518	Matt.12.45	τὰ	ho	RA:----NPN-
01124519	Matt.12.45	ἔσχατα	eschatos	A-:----NPN-
01124520	Matt.12.45	τοῦ	ho	RA:----GSM-
01124521	Matt.12.45	ἀνθρώπου	anthrōpos	N-:----GSM-
01124522	Matt.12.45	ἐκείνου	ekeinos	RD:----GSM-
01124523	Matt.12.45	χείρονα	cheirōn	A-:----NPNC
01124524	Matt.12.45	τῶν	ho	RA:----GPN-
01124525	Matt.12.45	πρώτων	prōtos	A-:----GPN-
01124526	Matt.12.45	οὕτως	houtō(s)	D-:--------
01124527	Matt.12.45	ἔσται	eimi	V-:3FMI-S--
01124528	Matt.12.45	καὶ	kai	D-:--------
01124529	Matt.12.45	τῇ	ho	RA:----DSF-
01124530	Matt.12.45	γενεᾷ	genea	N-:----DSF-
01124531	Matt.12.45	ταύτῃ	houtos	RD:----DSF-
01124532	Matt.12.45	τῇ	ho	RA:----DSF-
01124533	Matt.12.45	πονηρᾷ	ponēros	A-:----DSF-
01124601	Matt.12.46	Ἔτι	eti	D-:--------
01124602	Matt.12.46	δὲ	de	C-:--------
01124603	Matt.12.46	αὐτοῦ	autos	RP:----GSM-
01124604	Matt.12.46	λαλοῦντος	laleō	V-:-PAPGSM-
01124605	Matt.12.46	τοῖς	ho	RA:----DPM-
01124606	Matt.12.46	ὄχλοις	ochlos	N-:----DPM-
01124607	Matt.12.46	ἰδοὺ	idou	X-:--------
01124608	Matt.12.46	ἡ	ho	RA:----NSF-
01124609	Matt.12.46	μήτηρ	mētēr	N-:----NSF-
01124610	Matt.12.46	καὶ	kai	C-:--------
01124611	Matt.12.46	οἱ	ho	RA:----NPM-
01124612	Matt.12.46	ἀδελφοὶ	adelphos	N-:----NPM-
01124613	Matt.12.46	αὐτοῦ	autos	RP:----GSM-
01124614	Matt.12.46	εἱστήκεισαν	histēmi	V-:3YAI-P--
01124615	Matt.12.46	ἔξω	exō	D-:--------
01124616	Matt.12.46	ζητοῦντες	zēteō	V-:-PAPNPM-
01124617	Matt.12.46	αὐτῷ	autos	RP:----DSM-
01124618	Matt.12.46	λαλῆσαι	laleō	V-:-AAN----
01124701	Matt.12.47	εἶπεν	legō	V-:3AAI-S--
01124702	Matt.12.47	δέ	de	C-:--------
01124703	Matt.12.47	τις	tis2	RI:----NSM-
01124704	Matt.12.47	αὐτῷ	autos	RP:----DSM-
01124705	Matt.12.47	Ἰδοὺ	idou	X-:--------
01124706	Matt.12.47	ἡ	ho	RA:----NSF-
01124707	Matt.12.47	μήτηρ	mētēr	N-:----NSF-
01124708	Matt.12.47	σου	sy	RP:----GS--
01124709	Matt.12.47	καὶ	kai	C-:--------
01124710	Matt.12.47	οἱ	ho	RA:----NPM-
01124711	Matt.12.47	ἀδελφοί	adelphos	N-:----NPM-
01124712	Matt.12.47	σου	sy	RP:----GS--
01124713	Matt.12.47	ἔξω	exō	D-:--------
01124714	Matt.12.47	ἑστήκασιν	histēmi	V-:3XAI-P--
01124715	Matt.12.47	ζητοῦντές	zēteō	V-:-PAPNPM-
01124716	Matt.12.47	σοι	sy	RP:----DS--
01124717	Matt.12.47	λαλῆσαι	laleō	V-:-AAN----
01124801	Matt.12.48	ὁ	ho	RA:----NSM-
01124802	Matt.12.48	δὲ	de	C-:--------
01124803	Matt.12.48	ἀποκριθεὶς	apokrinomai	V-:-APPNSM-
01124804	Matt.12.48	εἶπεν	legō	V-:3AAI-S--
01124805	Matt.12.48	τῷ	ho	RA:----DSM-
01124806	Matt.12.48	λέγοντι	legō	V-:-PAPDSM-
01124807	Matt.12.48	αὐτῷ	autos	RP:----DSM-
01124808	Matt.12.48	Τίς	tis	RI:----NSF-
01124809	Matt.12.48	ἐστιν	eimi	V-:3PAI-S--
01124810	Matt.12.48	ἡ	ho	RA:----NSF-
01124811	Matt.12.48	μήτηρ	mētēr	N-:----NSF-
01124812	Matt.12.48	μου	egō	RP:----GS--
01124813	Matt.12.48	καὶ	kai	C-:--------
01124814	Matt.12.48	τίνες	tis	RI:----NPM-
01124815	Matt.12.48	εἰσὶν	eimi	V-:3PAI-P--
01124816	Matt.12.48	οἱ	ho	RA:----NPM-
01124817	Matt.12.48	ἀδελφοί	adelphos	N-:----NPM-
01124818	Matt.12.48	μου	egō	RP:----GS--
01124901	Matt.12.49	καὶ	kai	C-:--------
01124902	Matt.12.49	ἐκτείνας	ekteinō	V-:-AAPNSM-
01124903	Matt.12.49	τὴν	ho	RA:----ASF-
01124904	Matt.12.49	χεῖρα	cheir	N-:----ASF-
01124905	Matt.12.49	αὐτοῦ	autos	RP:----GSM-
01124906	Matt.12.49	ἐπὶ	epi	P-:--------
01124907	Matt.12.49	τοὺς	ho	RA:----APM-
01124908	Matt.12.49	μαθητὰς	mathētēs	N-:----APM-
01124909	Matt.12.49	αὐτοῦ	autos	RP:----GSM-
01124910	Matt.12.49	εἶπεν	legō	V-:3AAI-S--
01124911	Matt.12.49	Ἰδοὺ	idou	X-:--------
01124912	Matt.12.49	ἡ	ho	RA:----NSF-
01124913	Matt.12.49	μήτηρ	mētēr	N-:----NSF-
01124914	Matt.12.49	μου	egō	RP:----GS--
01124915	Matt.12.49	καὶ	kai	C-:--------
01124916	Matt.12.49	οἱ	ho	RA:----NPM-
01124917	Matt.12.49	ἀδελφοί	adelphos	N-:----NPM-
01124918	Matt.12.49	μου	egō	RP:----GS--
01125001	Matt.12.50	ὅστις	hostis	RR:----NSM-
01125002	Matt.12.50	γὰρ	gar	C-:--------
01125003	Matt.12.50	ἂν	an	X-:--------
01125004	Matt.12.50	ποιήσῃ	poieō	V-:3AAS-S--
01125005	Matt.12.50	τὸ	ho	RA:----ASN-
01125006	Matt.12.50	θέλημα	thelēma	N-:----ASN-
01125007	Matt.12.50	τοῦ	ho	RA:----GSM-
01125008	Matt.12.50	πατρός	patēr	N-:----GSM-
01125009	Matt.12.50	μου	egō	RP:----GS--
01125010	Matt.12.50	τοῦ	ho	RA:----GSM-
01125011	Matt.12.50	ἐν	en	P-:--------
01125012	Matt.12.50	οὐρανοῖς	ouranos	N-:----DPM-
01125013	Matt.12.50	αὐτός	autos	RP:----NSM-
01125014	Matt.12.50	μου	egō	RP:----GS--
01125015	Matt.12.50	ἀδελφὸς	adelphos	N-:----NSM-
01125016	Matt.12.50	καὶ	kai	C-:--------
01125017	Matt.12.50	ἀδελφὴ	adelphē	N-:----NSF-
01125018	Matt.12.50	καὶ	kai	C-:--------
01125019	Matt.12.50	μήτηρ	mētēr	N-:----NSF-
01125020	Matt.12.50	ἐστίν	eimi	V-:3PAI-S--
01130101	Matt.13.1	Ἐν	en	P-:--------
01130102	Matt.13.1	τῇ	ho	RA:----DSF-
01130103	Matt.13.1	ἡμέρᾳ	hēmera	N-:----DSF-
01130104	Matt.13.1	ἐκείνῃ	ekeinos	RD:----DSF-
01130105	Matt.13.1	ἐξελθὼν	exerchomai	V-:-AAPNSM-
01130106	Matt.13.1	ὁ	ho	RA:----NSM-
01130107	Matt.13.1	Ἰησοῦς	iēsous	N-:----NSM-
01130108	Matt.13.1	τῆς	ho	RA:----GSF-
01130109	Matt.13.1	οἰκίας	oikia	N-:----GSF-
01130110	Matt.13.1	ἐκάθητο	kathēmai	V-:3IMI-S--
01130111	Matt.13.1	παρὰ	para	P-:--------
01130112	Matt.13.1	τὴν	ho	RA:----ASF-
01130113	Matt.13.1	θάλασσαν	thalassa	N-:----ASF-
01130201	Matt.13.2	καὶ	kai	C-:--------
01130202	Matt.13.2	συνήχθησαν	synagō	V-:3API-P--
01130203	Matt.13.2	πρὸς	pros	P-:--------
01130204	Matt.13.2	αὐτὸν	autos	RP:----ASM-
01130205	Matt.13.2	ὄχλοι	ochlos	N-:----NPM-
01130206	Matt.13.2	πολλοί	polys	A-:----NPM-
01130207	Matt.13.2	ὥστε	hōste	C-:--------
01130208	Matt.13.2	αὐτὸν	autos	RP:----ASM-
01130209	Matt.13.2	εἰς	eis	P-:--------
01130210	Matt.13.2	πλοῖον	ploion	N-:----ASN-
01130211	Matt.13.2	ἐμβάντα	embainō	V-:-AAPASM-
01130212	Matt.13.2	καθῆσθαι	kathēmai	V-:-PMN----
01130213	Matt.13.2	καὶ	kai	C-:--------
01130214	Matt.13.2	πᾶς	pas	A-:----NSM-
01130215	Matt.13.2	ὁ	ho	RA:----NSM-
01130216	Matt.13.2	ὄχλος	ochlos	N-:----NSM-
01130217	Matt.13.2	ἐπὶ	epi	P-:--------
01130218	Matt.13.2	τὸν	ho	RA:----ASM-
01130219	Matt.13.2	αἰγιαλὸν	aigialos	N-:----ASM-
01130220	Matt.13.2	εἱστήκει	histēmi	V-:3YAI-S--
01130301	Matt.13.3	καὶ	kai	C-:--------
01130302	Matt.13.3	ἐλάλησεν	laleō	V-:3AAI-S--
01130303	Matt.13.3	αὐτοῖς	autos	RP:----DPM-
01130304	Matt.13.3	πολλὰ	polys	A-:----APN-
01130305	Matt.13.3	ἐν	en	P-:--------
01130306	Matt.13.3	παραβολαῖς	parabolē	N-:----DPF-
01130307	Matt.13.3	λέγων	legō	V-:-PAPNSM-
01130308	Matt.13.3	Ἰδοὺ	idou	X-:--------
01130309	Matt.13.3	ἐξῆλθεν	exerchomai	V-:3AAI-S--
01130310	Matt.13.3	ὁ	ho	RA:----NSM-
01130311	Matt.13.3	σπείρων	speirō	V-:-PAPNSM-
01130312	Matt.13.3	τοῦ	ho	RA:----GSN-
01130313	Matt.13.3	σπείρειν	speirō	V-:-PAN----
01130401	Matt.13.4	καὶ	kai	C-:--------
01130402	Matt.13.4	ἐν	en	P-:--------
01130403	Matt.13.4	τῷ	ho	RA:----DSN-
01130404	Matt.13.4	σπείρειν	speirō	V-:-PAN----
01130405	Matt.13.4	αὐτὸν	autos	RP:----ASM-
01130406	Matt.13.4	ἃ	hos	RR:----NPN-
01130407	Matt.13.4	μὲν	men	C-:--------
01130408	Matt.13.4	ἔπεσεν	piptō	V-:3AAI-S--
01130409	Matt.13.4	παρὰ	para	P-:--------
01130410	Matt.13.4	τὴν	ho	RA:----ASF-
01130411	Matt.13.4	ὁδόν	hodos	N-:----ASF-
01130412	Matt.13.4	καὶ	kai	C-:--------
01130413	Matt.13.4	ἐλθόντα	erchomai	V-:-AAPNPN-
01130414	Matt.13.4	τὰ	ho	RA:----NPN-
01130415	Matt.13.4	πετεινὰ	peteinon	A-:----NPN-
01130416	Matt.13.4	κατέφαγεν	katesthiō	V-:3AAI-S--
01130417	Matt.13.4	αὐτά	autos	RP:----APN-
01130501	Matt.13.5	ἄλλα	allos	A-:----NPN-
01130502	Matt.13.5	δὲ	de	C-:--------
01130503	Matt.13.5	ἔπεσεν	piptō	V-:3AAI-S--
01130504	Matt.13.5	ἐπὶ	epi	P-:--------
01130505	Matt.13.5	τὰ	ho	RA:----APN-
01130506	Matt.13.5	πετρώδη	petrōdes	A-:----APN-
01130507	Matt.13.5	ὅπου	hopou	D-:--------
01130508	Matt.13.5	οὐκ	ou	D-:--------
01130509	Matt.13.5	εἶχεν	echō	V-:3IAI-S--
01130510	Matt.13.5	γῆν	gē	N-:----ASF-
01130511	Matt.13.5	πολλήν	polys	A-:----ASF-
01130512	Matt.13.5	καὶ	kai	C-:--------
01130513	Matt.13.5	εὐθέως	eutheōs	D-:--------
01130514	Matt.13.5	ἐξανέτειλεν	exanatellō	V-:3AAI-S--
01130515	Matt.13.5	διὰ	dia	P-:--------
01130516	Matt.13.5	τὸ	ho	RA:----ASN-
01130517	Matt.13.5	μὴ	mē	D-:--------
01130518	Matt.13.5	ἔχειν	echō	V-:-PAN----
01130519	Matt.13.5	βάθος	bathos	N-:----ASN-
01130520	Matt.13.5	γῆς	gē	N-:----GSF-
01130601	Matt.13.6	ἡλίου	hēlios	N-:----GSM-
01130602	Matt.13.6	δὲ	de	C-:--------
01130603	Matt.13.6	ἀνατείλαντος	anatellō	V-:-AAPGSM-
01130604	Matt.13.6	ἐκαυματίσθη	kaumatizō	V-:3API-S--
01130605	Matt.13.6	καὶ	kai	C-:--------
01130606	Matt.13.6	διὰ	dia	P-:--------
01130607	Matt.13.6	τὸ	ho	RA:----ASN-
01130608	Matt.13.6	μὴ	mē	D-:--------
01130609	Matt.13.6	ἔχειν	echō	V-:-PAN----
01130610	Matt.13.6	ῥίζαν	rhiza	N-:----ASF-
01130611	Matt.13.6	ἐξηράνθη	xērainō	V-:3API-S--
01130701	Matt.13.7	ἄλλα	allos	A-:----NPN-
01130702	Matt.13.7	δὲ	de	C-:--------
01130703	Matt.13.7	ἔπεσεν	piptō	V-:3AAI-S--
01130704	Matt.13.7	ἐπὶ	epi	P-:--------
01130705	Matt.13.7	τὰς	ho	RA:----APF-
01130706	Matt.13.7	ἀκάνθας	akantha	N-:----APF-
01130707	Matt.13.7	καὶ	kai	C-:--------
01130708	Matt.13.7	ἀνέβησαν	anabainō	V-:3AAI-P--
01130709	Matt.13.7	αἱ	ho	RA:----NPF-
01130710	Matt.13.7	ἄκανθαι	akantha	N-:----NPF-
01130711	Matt.13.7	καὶ	kai	C-:--------
01130712	Matt.13.7	ἔπνιξαν	pnigō	V-:3AAI-P--
01130713	Matt.13.7	αὐτά	autos	RP:----APN-
01130801	Matt.13.8	ἄλλα	allos	A-:----NPN-
01130802	Matt.13.8	δὲ	de	C-:--------
01130803	Matt.13.8	ἔπεσεν	piptō	V-:3AAI-S--
01130804	Matt.13.8	ἐπὶ	epi	P-:--------
01130805	Matt.13.8	τὴν	ho	RA:----ASF-
01130806	Matt.13.8	γῆν	gē	N-:----ASF-
01130807	Matt.13.8	τὴν	ho	RA:----ASF-
01130808	Matt.13.8	καλὴν	kalos	A-:----ASF-
01130809	Matt.13.8	καὶ	kai	C-:--------
01130810	Matt.13.8	ἐδίδου	didōmi	V-:3IAI-S--
01130811	Matt.13.8	καρπόν	karpos	N-:----ASM-
01130812	Matt.13.8	ὃ	hos	RR:----NSN-
01130813	Matt.13.8	μὲν	men	C-:--------
01130814	Matt.13.8	ἑκατὸν	hekaton	A-:----APN-
01130815	Matt.13.8	ὃ	hos	RR:----NSN-
01130816	Matt.13.8	δὲ	de	C-:--------
01130817	Matt.13.8	ἑξήκοντα	hexēkonta	A-:----APN-
01130818	Matt.13.8	ὃ	hos	RR:----NSN-
01130819	Matt.13.8	δὲ	de	C-:--------
01130820	Matt.13.8	τριάκοντα	triakonta	A-:----APN-
01130901	Matt.13.9	ὁ	ho	RA:----NSM-
01130902	Matt.13.9	ἔχων	echō	V-:-PAPNSM-
01130903	Matt.13.9	ὦτα	ous	N-:----APN-
01130904	Matt.13.9	ἀκουέτω	akouō	V-:3PAD-S--
01131001	Matt.13.10	Καὶ	kai	C-:--------
01131002	Matt.13.10	προσελθόντες	proserchomai	V-:-AAPNPM-
01131003	Matt.13.10	οἱ	ho	RA:----NPM-
01131004	Matt.13.10	μαθηταὶ	mathētēs	N-:----NPM-
01131005	Matt.13.10	εἶπαν	legō	V-:3AAI-P--
01131006	Matt.13.10	αὐτῷ	autos	RP:----DSM-
01131007	Matt.13.10	Διὰ	dia	P-:--------
01131008	Matt.13.10	τί	tis	RI:----ASN-
01131009	Matt.13.10	ἐν	en	P-:--------
01131010	Matt.13.10	παραβολαῖς	parabolē	N-:----DPF-
01131011	Matt.13.10	λαλεῖς	laleō	V-:2PAI-S--
01131012	Matt.13.10	αὐτοῖς	autos	RP:----DPM-
01131101	Matt.13.11	ὁ	ho	RA:----NSM-
01131102	Matt.13.11	δὲ	de	C-:--------
01131103	Matt.13.11	ἀποκριθεὶς	apokrinomai	V-:-APPNSM-
01131104	Matt.13.11	εἶπεν	legō	V-:3AAI-S--
01131105	Matt.13.11	αὐτοῖς	autos	RP:----DPM-
01131106	Matt.13.11	Ὅτι	hoti	C-:--------
01131107	Matt.13.11	ὑμῖν	sy	RP:----DP--
01131108	Matt.13.11	δέδοται	didōmi	V-:3XPI-S--
01131109	Matt.13.11	γνῶναι	ginōskō	V-:-AAN----
01131110	Matt.13.11	τὰ	ho	RA:----APN-
01131111	Matt.13.11	μυστήρια	mystērion	N-:----APN-
01131112	Matt.13.11	τῆς	ho	RA:----GSF-
01131113	Matt.13.11	βασιλείας	basileia	N-:----GSF-
01131114	Matt.13.11	τῶν	ho	RA:----GPM-
01131115	Matt.13.11	οὐρανῶν	ouranos	N-:----GPM-
01131116	Matt.13.11	ἐκείνοις	ekeinos	RD:----DPM-
01131117	Matt.13.11	δὲ	de	C-:--------
01131118	Matt.13.11	οὐ	ou	D-:--------
01131119	Matt.13.11	δέδοται	didōmi	V-:3XPI-S--
01131201	Matt.13.12	ὅστις	hostis	RR:----NSM-
01131202	Matt.13.12	γὰρ	gar	C-:--------
01131203	Matt.13.12	ἔχει	echō	V-:3PAI-S--
01131204	Matt.13.12	δοθήσεται	didōmi	V-:3FPI-S--
01131205	Matt.13.12	αὐτῷ	autos	RP:----DSM-
01131206	Matt.13.12	καὶ	kai	C-:--------
01131207	Matt.13.12	περισσευθήσεται	perisseuō	V-:3FPI-S--
01131208	Matt.13.12	ὅστις	hostis	RR:----NSM-
01131209	Matt.13.12	δὲ	de	C-:--------
01131210	Matt.13.12	οὐκ	ou	D-:--------
01131211	Matt.13.12	ἔχει	echō	V-:3PAI-S--
01131212	Matt.13.12	καὶ	kai	D-:--------
01131213	Matt.13.12	ὃ	hos	RR:----ASN-
01131214	Matt.13.12	ἔχει	echō	V-:3PAI-S--
01131215	Matt.13.12	ἀρθήσεται	airō	V-:3FPI-S--
01131216	Matt.13.12	ἀπ’	apo	P-:--------
01131217	Matt.13.12	αὐτοῦ	autos	RP:----GSM-
01131301	Matt.13.13	διὰ	dia	P-:--------
01131302	Matt.13.13	τοῦτο	houtos	RD:----ASN-
01131303	Matt.13.13	ἐν	en	P-:--------
01131304	Matt.13.13	παραβολαῖς	parabolē	N-:----DPF-
01131305	Matt.13.13	αὐτοῖς	autos	RP:----DPM-
01131306	Matt.13.13	λαλῶ	laleō	V-:1PAI-S--
01131307	Matt.13.13	ὅτι	hoti	C-:--------
01131308	Matt.13.13	βλέποντες	blepō	V-:-PAPNPM-
01131309	Matt.13.13	οὐ	ou	D-:--------
01131310	Matt.13.13	βλέπουσιν	blepō	V-:3PAI-P--
01131311	Matt.13.13	καὶ	kai	C-:--------
01131312	Matt.13.13	ἀκούοντες	akouō	V-:-PAPNPM-
01131313	Matt.13.13	οὐκ	ou	D-:--------
01131314	Matt.13.13	ἀκούουσιν	akouō	V-:3PAI-P--
01131315	Matt.13.13	οὐδὲ	oude	C-:--------
01131316	Matt.13.13	συνίουσιν	syniēmi	V-:3PAI-P--
01131401	Matt.13.14	καὶ	kai	C-:--------
01131402	Matt.13.14	ἀναπληροῦται	anaplēroō	V-:3PPI-S--
01131403	Matt.13.14	αὐτοῖς	autos	RP:----DPM-
01131404	Matt.13.14	ἡ	ho	RA:----NSF-
01131405	Matt.13.14	προφητεία	prophēteia	N-:----NSF-
01131406	Matt.13.14	Ἠσαΐου	ēsaias	N-:----GSM-
01131407	Matt.13.14	ἡ	ho	RA:----NSF-
01131408	Matt.13.14	λέγουσα	legō	V-:-PAPNSF-
01131409	Matt.13.14	Ἀκοῇ	akoē	N-:----DSF-
01131410	Matt.13.14	ἀκούσετε	akouō	V-:2FAI-P--
01131411	Matt.13.14	καὶ	kai	C-:--------
01131412	Matt.13.14	οὐ	ou	D-:--------
01131413	Matt.13.14	μὴ	mē	D-:--------
01131414	Matt.13.14	συνῆτε	syniēmi	V-:2AAS-P--
01131415	Matt.13.14	καὶ	kai	C-:--------
01131416	Matt.13.14	βλέποντες	blepō	V-:-PAPNPM-
01131417	Matt.13.14	βλέψετε	blepō	V-:2FAI-P--
01131418	Matt.13.14	καὶ	kai	C-:--------
01131419	Matt.13.14	οὐ	ou	D-:--------
01131420	Matt.13.14	μὴ	mē	D-:--------
01131421	Matt.13.14	ἴδητε	horaō	V-:2AAS-P--
01131501	Matt.13.15	ἐπαχύνθη	pachynomai	V-:3API-S--
01131502	Matt.13.15	γὰρ	gar	C-:--------
01131503	Matt.13.15	ἡ	ho	RA:----NSF-
01131504	Matt.13.15	καρδία	kardia	N-:----NSF-
01131505	Matt.13.15	τοῦ	ho	RA:----GSM-
01131506	Matt.13.15	λαοῦ	laos	N-:----GSM-
01131507	Matt.13.15	τούτου	houtos	RD:----GSM-
01131508	Matt.13.15	καὶ	kai	C-:--------
01131509	Matt.13.15	τοῖς	ho	RA:----DPN-
01131510	Matt.13.15	ὠσὶν	ous	N-:----DPN-
01131511	Matt.13.15	βαρέως	bareōs	D-:--------
01131512	Matt.13.15	ἤκουσαν	akouō	V-:3AAI-P--
01131513	Matt.13.15	καὶ	kai	C-:--------
01131514	Matt.13.15	τοὺς	ho	RA:----APM-
01131515	Matt.13.15	ὀφθαλμοὺς	ophthalmos	N-:----APM-
01131516	Matt.13.15	αὐτῶν	autos	RP:----GPM-
01131517	Matt.13.15	ἐκάμμυσαν	kammyō	V-:3AAI-P--
01131518	Matt.13.15	μήποτε	mēpote	C-:--------
01131519	Matt.13.15	ἴδωσιν	horaō	V-:3AAS-P--
01131520	Matt.13.15	τοῖς	ho	RA:----DPM-
01131521	Matt.13.15	ὀφθαλμοῖς	ophthalmos	N-:----DPM-
01131522	Matt.13.15	καὶ	kai	C-:--------
01131523	Matt.13.15	τοῖς	ho	RA:----DPN-
01131524	Matt.13.15	ὠσὶν	ous	N-:----DPN-
01131525	Matt.13.15	ἀκούσωσιν	akouō	V-:3AAS-P--
01131526	Matt.13.15	καὶ	kai	C-:--------
01131527	Matt.13.15	τῇ	ho	RA:----DSF-
01131528	Matt.13.15	καρδίᾳ	kardia	N-:----DSF-
01131529	Matt.13.15	συνῶσιν	syniēmi	V-:3AAS-P--
01131530	Matt.13.15	καὶ	kai	C-:--------
01131531	Matt.13.15	ἐπιστρέψωσιν	epistrephō	V-:3AAS-P--
01131532	Matt.13.15	καὶ	kai	C-:--------
01131533	Matt.13.15	ἰάσομαι	iaomai	V-:1FMI-S--
01131534	Matt.13.15	αὐτούς	autos	RP:----APM-
01131601	Matt.13.16	ὑμῶν	sy	RP:----GP--
01131602	Matt.13.16	δὲ	de	C-:--------
01131603	Matt.13.16	μακάριοι	makarios	A-:----NPM-
01131604	Matt.13.16	οἱ	ho	RA:----NPM-
01131605	Matt.13.16	ὀφθαλμοὶ	ophthalmos	N-:----NPM-
01131606	Matt.13.16	ὅτι	hoti	C-:--------
01131607	Matt.13.16	βλέπουσιν	blepō	V-:3PAI-P--
01131608	Matt.13.16	καὶ	kai	C-:--------
01131609	Matt.13.16	τὰ	ho	RA:----NPN-
01131610	Matt.13.16	ὦτα	ous	N-:----NPN-
01131611	Matt.13.16	ὑμῶν	sy	RP:----GP--
01131612	Matt.13.16	ὅτι	hoti	C-:--------
01131613	Matt.13.16	ἀκούουσιν	akouō	V-:3PAI-P--
01131701	Matt.13.17	ἀμὴν	amēn	X-:--------
01131702	Matt.13.17	γὰρ	gar	C-:--------
01131703	Matt.13.17	λέγω	legō	V-:1PAI-S--
01131704	Matt.13.17	ὑμῖν	sy	RP:----DP--
01131705	Matt.13.17	ὅτι	hoti	C-:--------
01131706	Matt.13.17	πολλοὶ	polys	A-:----NPM-
01131707	Matt.13.17	προφῆται	prophētēs	N-:----NPM-
01131708	Matt.13.17	καὶ	kai	C-:--------
01131709	Matt.13.17	δίκαιοι	dikaios	A-:----NPM-
01131710	Matt.13.17	ἐπεθύμησαν	epithymeō	V-:3AAI-P--
01131711	Matt.13.17	ἰδεῖν	horaō	V-:-AAN----
01131712	Matt.13.17	ἃ	hos	RR:----APN-
01131713	Matt.13.17	βλέπετε	blepō	V-:2PAI-P--
01131714	Matt.13.17	καὶ	kai	C-:--------
01131715	Matt.13.17	οὐκ	ou	D-:--------
01131716	Matt.13.17	εἶδαν	horaō	V-:3AAI-P--
01131717	Matt.13.17	καὶ	kai	C-:--------
01131718	Matt.13.17	ἀκοῦσαι	akouō	V-:-AAN----
01131719	Matt.13.17	ἃ	hos	RR:----APN-
01131720	Matt.13.17	ἀκούετε	akouō	V-:2PAI-P--
01131721	Matt.13.17	καὶ	kai	C-:--------
01131722	Matt.13.17	οὐκ	ou	D-:--------
01131723	Matt.13.17	ἤκουσαν	akouō	V-:3AAI-P--
01131801	Matt.13.18	Ὑμεῖς	sy	RP:----NP--
01131802	Matt.13.18	οὖν	oun	C-:--------
01131803	Matt.13.18	ἀκούσατε	akouō	V-:2AAD-P--
01131804	Matt.13.18	τὴν	ho	RA:----ASF-
01131805	Matt.13.18	παραβολὴν	parabolē	N-:----ASF-
01131806	Matt.13.18	τοῦ	ho	RA:----GSM-
01131807	Matt.13.18	σπείραντος	speirō	V-:-AAPGSM-
01131901	Matt.13.19	παντὸς	pas	A-:----GSM-
01131902	Matt.13.19	ἀκούοντος	akouō	V-:-PAPGSM-
01131903	Matt.13.19	τὸν	ho	RA:----ASM-
01131904	Matt.13.19	λόγον	logos	N-:----ASM-
01131905	Matt.13.19	τῆς	ho	RA:----GSF-
01131906	Matt.13.19	βασιλείας	basileia	N-:----GSF-
01131907	Matt.13.19	καὶ	kai	C-:--------
01131908	Matt.13.19	μὴ	mē	D-:--------
01131909	Matt.13.19	συνιέντος	syniēmi	V-:-PAPGSM-
01131910	Matt.13.19	ἔρχεται	erchomai	V-:3PMI-S--
01131911	Matt.13.19	ὁ	ho	RA:----NSM-
01131912	Matt.13.19	πονηρὸς	ponēros	A-:----NSM-
01131913	Matt.13.19	καὶ	kai	C-:--------
01131914	Matt.13.19	ἁρπάζει	harpazō	V-:3PAI-S--
01131915	Matt.13.19	τὸ	ho	RA:----ASN-
01131916	Matt.13.19	ἐσπαρμένον	speirō	V-:-XPPASN-
01131917	Matt.13.19	ἐν	en	P-:--------
01131918	Matt.13.19	τῇ	ho	RA:----DSF-
01131919	Matt.13.19	καρδίᾳ	kardia	N-:----DSF-
01131920	Matt.13.19	αὐτοῦ	autos	RP:----GSM-
01131921	Matt.13.19	οὗτός	houtos	RD:----NSM-
01131922	Matt.13.19	ἐστιν	eimi	V-:3PAI-S--
01131923	Matt.13.19	ὁ	ho	RA:----NSM-
01131924	Matt.13.19	παρὰ	para	P-:--------
01131925	Matt.13.19	τὴν	ho	RA:----ASF-
01131926	Matt.13.19	ὁδὸν	hodos	N-:----ASF-
01131927	Matt.13.19	σπαρείς	speirō	V-:-APPNSM-
01132001	Matt.13.20	ὁ	ho	RA:----NSM-
01132002	Matt.13.20	δὲ	de	C-:--------
01132003	Matt.13.20	ἐπὶ	epi	P-:--------
01132004	Matt.13.20	τὰ	ho	RA:----APN-
01132005	Matt.13.20	πετρώδη	petrōdes	A-:----APN-
01132006	Matt.13.20	σπαρείς	speirō	V-:-APPNSM-
01132007	Matt.13.20	οὗτός	houtos	RD:----NSM-
01132008	Matt.13.20	ἐστιν	eimi	V-:3PAI-S--
01132009	Matt.13.20	ὁ	ho	RA:----NSM-
01132010	Matt.13.20	τὸν	ho	RA:----ASM-
01132011	Matt.13.20	λόγον	logos	N-:----ASM-
01132012	Matt.13.20	ἀκούων	akouō	V-:-PAPNSM-
01132013	Matt.13.20	καὶ	kai	C-:--------
01132014	Matt.13.20	εὐθὺς	euthys	A-:----NSM-
01132015	Matt.13.20	μετὰ	meta	P-:--------
01132016	Matt.13.20	χαρᾶς	chara	N-:----GSF-
01132017	Matt.13.20	λαμβάνων	lambanō	V-:-PAPNSM-
01132018	Matt.13.20	αὐτόν	autos	RP:----ASM-
01132101	Matt.13.21	οὐκ	ou	D-:--------
01132102	Matt.13.21	ἔχει	echō	V-:3PAI-S--
01132103	Matt.13.21	δὲ	de	C-:--------
01132104	Matt.13.21	ῥίζαν	rhiza	N-:----ASF-
01132105	Matt.13.21	ἐν	en	P-:--------
01132106	Matt.13.21	ἑαυτῷ	heautou	RP:----DSM-
01132107	Matt.13.21	ἀλλὰ	alla	C-:--------
01132108	Matt.13.21	πρόσκαιρός	proskairos	A-:----NSM-
01132109	Matt.13.21	ἐστιν	eimi	V-:3PAI-S--
01132110	Matt.13.21	γενομένης	ginomai	V-:-AMPGSF-
01132111	Matt.13.21	δὲ	de	C-:--------
01132112	Matt.13.21	θλίψεως	thlipsis	N-:----GSF-
01132113	Matt.13.21	ἢ	ē	C-:--------
01132114	Matt.13.21	διωγμοῦ	diōgmos	N-:----GSM-
01132115	Matt.13.21	διὰ	dia	P-:--------
01132116	Matt.13.21	τὸν	ho	RA:----ASM-
01132117	Matt.13.21	λόγον	logos	N-:----ASM-
01132118	Matt.13.21	εὐθὺς	euthys	A-:----NSM-
01132119	Matt.13.21	σκανδαλίζεται	skandalizō	V-:3PPI-S--
01132201	Matt.13.22	ὁ	ho	RA:----NSM-
01132202	Matt.13.22	δὲ	de	C-:--------
01132203	Matt.13.22	εἰς	eis	P-:--------
01132204	Matt.13.22	τὰς	ho	RA:----APF-
01132205	Matt.13.22	ἀκάνθας	akantha	N-:----APF-
01132206	Matt.13.22	σπαρείς	speirō	V-:-APPNSM-
01132207	Matt.13.22	οὗτός	houtos	RD:----NSM-
01132208	Matt.13.22	ἐστιν	eimi	V-:3PAI-S--
01132209	Matt.13.22	ὁ	ho	RA:----NSM-
01132210	Matt.13.22	τὸν	ho	RA:----ASM-
01132211	Matt.13.22	λόγον	logos	N-:----ASM-
01132212	Matt.13.22	ἀκούων	akouō	V-:-PAPNSM-
01132213	Matt.13.22	καὶ	kai	C-:--------
01132214	Matt.13.22	ἡ	ho	RA:----NSF-
01132215	Matt.13.22	μέριμνα	merimna	N-:----NSF-
01132216	Matt.13.22	τοῦ	ho	RA:----GSM-
01132217	Matt.13.22	αἰῶνος	aiōn	N-:----GSM-
01132218	Matt.13.22	τούτου	houtos	RD:----GSM-
01132219	Matt.13.22	καὶ	kai	C-:--------
01132220	Matt.13.22	ἡ	ho	RA:----NSF-
01132221	Matt.13.22	ἀπάτη	apatē	N-:----NSF-
01132222	Matt.13.22	τοῦ	ho	RA:----GSM-
01132223	Matt.13.22	πλούτου	ploutos	N-:----GSM-
01132224	Matt.13.22	συμπνίγει	sympnigō	V-:3PAI-S--
01132225	Matt.13.22	τὸν	ho	RA:----ASM-
01132226	Matt.13.22	λόγον	logos	N-:----ASM-
01132227	Matt.13.22	καὶ	kai	C-:--------
01132228	Matt.13.22	ἄκαρπος	akarpos	A-:----NSM-
01132229	Matt.13.22	γίνεται	ginomai	V-:3PMI-S--
01132301	Matt.13.23	ὁ	ho	RA:----NSM-
01132302	Matt.13.23	δὲ	de	C-:--------
01132303	Matt.13.23	ἐπὶ	epi	P-:--------
01132304	Matt.13.23	τὴν	ho	RA:----ASF-
01132305	Matt.13.23	καλὴν	kalos	A-:----ASF-
01132306	Matt.13.23	γῆν	gē	N-:----ASF-
01132307	Matt.13.23	σπαρείς	speirō	V-:-APPNSM-
01132308	Matt.13.23	οὗτός	houtos	RD:----NSM-
01132309	Matt.13.23	ἐστιν	eimi	V-:3PAI-S--
01132310	Matt.13.23	ὁ	ho	RA:----NSM-
01132311	Matt.13.23	τὸν	ho	RA:----ASM-
01132312	Matt.13.23	λόγον	logos	N-:----ASM-
01132313	Matt.13.23	ἀκούων	akouō	V-:-PAPNSM-
01132314	Matt.13.23	καὶ	kai	C-:--------
01132315	Matt.13.23	συνιείς	syniēmi	V-:-PAPNSM-
01132316	Matt.13.23	ὃς	hos	RR:----NSM-
01132317	Matt.13.23	δὴ	dē	X-:--------
01132318	Matt.13.23	καρποφορεῖ	karpophoreō	V-:3PAI-S--
01132319	Matt.13.23	καὶ	kai	C-:--------
01132320	Matt.13.23	ποιεῖ	poieō	V-:3PAI-S--
01132321	Matt.13.23	ὃ	hos	RR:----ASN-
01132322	Matt.13.23	μὲν	men	C-:--------
01132323	Matt.13.23	ἑκατὸν	hekaton	A-:----APN-
01132324	Matt.13.23	ὃ	hos	RR:----ASN-
01132325	Matt.13.23	δὲ	de	C-:--------
01132326	Matt.13.23	ἑξήκοντα	hexēkonta	A-:----APN-
01132327	Matt.13.23	ὃ	hos	RR:----ASN-
01132328	Matt.13.23	δὲ	de	C-:--------
01132329	Matt.13.23	τριάκοντα	triakonta	A-:----APN-
01132401	Matt.13.24	Ἄλλην	allos	A-:----ASF-
01132402	Matt.13.24	παραβολὴν	parabolē	N-:----ASF-
01132403	Matt.13.24	παρέθηκεν	paratithēmi	V-:3AAI-S--
01132404	Matt.13.24	αὐτοῖς	autos	RP:----DPM-
01132405	Matt.13.24	λέγων	legō	V-:-PAPNSM-
01132406	Matt.13.24	Ὡμοιώθη	homoioō	V-:3API-S--
01132407	Matt.13.24	ἡ	ho	RA:----NSF-
01132408	Matt.13.24	βασιλεία	basileia	N-:----NSF-
01132409	Matt.13.24	τῶν	ho	RA:----GPM-
01132410	Matt.13.24	οὐρανῶν	ouranos	N-:----GPM-
01132411	Matt.13.24	ἀνθρώπῳ	anthrōpos	N-:----DSM-
01132412	Matt.13.24	σπείραντι	speirō	V-:-AAPDSM-
01132413	Matt.13.24	καλὸν	kalos	A-:----ASN-
01132414	Matt.13.24	σπέρμα	sperma	N-:----ASN-
01132415	Matt.13.24	ἐν	en	P-:--------
01132416	Matt.13.24	τῷ	ho	RA:----DSM-
01132417	Matt.13.24	ἀγρῷ	agros	N-:----DSM-
01132418	Matt.13.24	αὐτοῦ	autos	RP:----GSM-
01132501	Matt.13.25	ἐν	en	P-:--------
01132502	Matt.13.25	δὲ	de	C-:--------
01132503	Matt.13.25	τῷ	ho	RA:----DSN-
01132504	Matt.13.25	καθεύδειν	katheudō	V-:-PAN----
01132505	Matt.13.25	τοὺς	ho	RA:----APM-
01132506	Matt.13.25	ἀνθρώπους	anthrōpos	N-:----APM-
01132507	Matt.13.25	ἦλθεν	erchomai	V-:3AAI-S--
01132508	Matt.13.25	αὐτοῦ	autos	RP:----GSM-
01132509	Matt.13.25	ὁ	ho	RA:----NSM-
01132510	Matt.13.25	ἐχθρὸς	echthros	A-:----NSM-
01132511	Matt.13.25	καὶ	kai	C-:--------
01132512	Matt.13.25	ἐπέσπειρεν	epispeirō	V-:3AAI-S--
01132513	Matt.13.25	ζιζάνια	zizanion	N-:----APN-
01132514	Matt.13.25	ἀνὰ	ana	P-:--------
01132515	Matt.13.25	μέσον	mesos	A-:----ASN-
01132516	Matt.13.25	τοῦ	ho	RA:----GSM-
01132517	Matt.13.25	σίτου	sitos	N-:----GSM-
01132518	Matt.13.25	καὶ	kai	C-:--------
01132519	Matt.13.25	ἀπῆλθεν	aperchomai	V-:3AAI-S--
01132601	Matt.13.26	ὅτε	hote	C-:--------
01132602	Matt.13.26	δὲ	de	C-:--------
01132603	Matt.13.26	ἐβλάστησεν	blastanō	V-:3AAI-S--
01132604	Matt.13.26	ὁ	ho	RA:----NSM-
01132605	Matt.13.26	χόρτος	chortos	N-:----NSM-
01132606	Matt.13.26	καὶ	kai	C-:--------
01132607	Matt.13.26	καρπὸν	karpos	N-:----ASM-
01132608	Matt.13.26	ἐποίησεν	poieō	V-:3AAI-S--
01132609	Matt.13.26	τότε	tote	D-:--------
01132610	Matt.13.26	ἐφάνη	phainō	V-:3API-S--
01132611	Matt.13.26	καὶ	kai	D-:--------
01132612	Matt.13.26	τὰ	ho	RA:----NPN-
01132613	Matt.13.26	ζιζάνια	zizanion	N-:----NPN-
01132701	Matt.13.27	προσελθόντες	proserchomai	V-:-AAPNPM-
01132702	Matt.13.27	δὲ	de	C-:--------
01132703	Matt.13.27	οἱ	ho	RA:----NPM-
01132704	Matt.13.27	δοῦλοι	doulos	N-:----NPM-
01132705	Matt.13.27	τοῦ	ho	RA:----GSM-
01132706	Matt.13.27	οἰκοδεσπότου	oikodespotēs	N-:----GSM-
01132707	Matt.13.27	εἶπον	legō	V-:3AAI-P--
01132708	Matt.13.27	αὐτῷ	autos	RP:----DSM-
01132709	Matt.13.27	Κύριε	kyrios	N-:----VSM-
01132710	Matt.13.27	οὐχὶ	ouchi	X-:--------
01132711	Matt.13.27	καλὸν	kalos	A-:----ASN-
01132712	Matt.13.27	σπέρμα	sperma	N-:----ASN-
01132713	Matt.13.27	ἔσπειρας	speirō	V-:2AAI-S--
01132714	Matt.13.27	ἐν	en	P-:--------
01132715	Matt.13.27	τῷ	ho	RA:----DSM-
01132716	Matt.13.27	σῷ	sos	A-:----DSM-
01132717	Matt.13.27	ἀγρῷ	agros	N-:----DSM-
01132718	Matt.13.27	πόθεν	pothen	D-:--------
01132719	Matt.13.27	οὖν	oun	C-:--------
01132720	Matt.13.27	ἔχει	echō	V-:3PAI-S--
01132721	Matt.13.27	ζιζάνια	zizanion	N-:----APN-
01132801	Matt.13.28	ὁ	ho	RA:----NSM-
01132802	Matt.13.28	δὲ	de	C-:--------
01132803	Matt.13.28	ἔφη	phēmi	V-:3IAI-S--
01132804	Matt.13.28	αὐτοῖς	autos	RP:----DPM-
01132805	Matt.13.28	Ἐχθρὸς	echthros	A-:----NSM-
01132806	Matt.13.28	ἄνθρωπος	anthrōpos	N-:----NSM-
01132807	Matt.13.28	τοῦτο	houtos	RD:----ASN-
01132808	Matt.13.28	ἐποίησεν	poieō	V-:3AAI-S--
01132809	Matt.13.28	οἱ	ho	RA:----NPM-
01132810	Matt.13.28	δὲ	de	C-:--------
01132811	Matt.13.28	δοῦλοι	doulos	N-:----NPM-
01132812	Matt.13.28	αὐτῷ	autos	RP:----DSM-
01132813	Matt.13.28	λέγουσιν	legō	V-:3PAI-P--
01132814	Matt.13.28	Θέλεις	thelō	V-:2PAI-S--
01132815	Matt.13.28	οὖν	oun	C-:--------
01132816	Matt.13.28	ἀπελθόντες	aperchomai	V-:-AAPNPM-
01132817	Matt.13.28	συλλέξωμεν	syllegō	V-:1AAS-P--
01132818	Matt.13.28	αὐτά	autos	RP:----APN-
01132901	Matt.13.29	ὁ	ho	RA:----NSM-
01132902	Matt.13.29	δέ	de	C-:--------
01132903	Matt.13.29	φησιν	phēmi	V-:3PAI-S--
01132904	Matt.13.29	Οὔ	ou2	X-:--------
01132905	Matt.13.29	μήποτε	mēpote	C-:--------
01132906	Matt.13.29	συλλέγοντες	syllegō	V-:-PAPNPM-
01132907	Matt.13.29	τὰ	ho	RA:----APN-
01132908	Matt.13.29	ζιζάνια	zizanion	N-:----APN-
01132909	Matt.13.29	ἐκριζώσητε	ekrizoō	V-:2AAS-P--
01132910	Matt.13.29	ἅμα	hama	P-:--------
01132911	Matt.13.29	αὐτοῖς	autos	RP:----DPM-
01132912	Matt.13.29	τὸν	ho	RA:----ASM-
01132913	Matt.13.29	σῖτον	sitos	N-:----ASM-
01133001	Matt.13.30	ἄφετε	aphiēmi	V-:2AAD-P--
01133002	Matt.13.30	συναυξάνεσθαι	synauxanomai	V-:-PPN----
01133003	Matt.13.30	ἀμφότερα	amphoteroi	A-:----APN-
01133004	Matt.13.30	μέχρι	mechri(s)	P-:--------
01133005	Matt.13.30	τοῦ	ho	RA:----GSM-
01133006	Matt.13.30	θερισμοῦ	therismos	N-:----GSM-
01133007	Matt.13.30	καὶ	kai	C-:--------
01133008	Matt.13.30	ἐν	en	P-:--------
01133009	Matt.13.30	καιρῷ	kairos	N-:----DSM-
01133010	Matt.13.30	τοῦ	ho	RA:----GSM-
01133011	Matt.13.30	θερισμοῦ	therismos	N-:----GSM-
01133012	Matt.13.30	ἐρῶ	legō	V-:1FAI-S--
01133013	Matt.13.30	τοῖς	ho	RA:----DPM-
01133014	Matt.13.30	θερισταῖς	theristēs	N-:----DPM-
01133015	Matt.13.30	Συλλέξατε	syllegō	V-:2AAD-P--
01133016	Matt.13.30	πρῶτον	prōtos	A-:----ASN-
01133017	Matt.13.30	τὰ	ho	RA:----APN-
01133018	Matt.13.30	ζιζάνια	zizanion	N-:----APN-
01133019	Matt.13.30	καὶ	kai	C-:--------
01133020	Matt.13.30	δήσατε	deō	V-:2AAD-P--
01133021	Matt.13.30	αὐτὰ	autos	RP:----APN-
01133022	Matt.13.30	εἰς	eis	P-:--------
01133023	Matt.13.30	δέσμας	desmē	N-:----APF-
01133024	Matt.13.30	πρὸς	pros	P-:--------
01133025	Matt.13.30	τὸ	ho	RA:----ASN-
01133026	Matt.13.30	κατακαῦσαι	katakaiō	V-:-AAN----
01133027	Matt.13.30	αὐτά	autos	RP:----APN-
01133028	Matt.13.30	τὸν	ho	RA:----ASM-
01133029	Matt.13.30	δὲ	de	C-:--------
01133030	Matt.13.30	σῖτον	sitos	N-:----ASM-
01133031	Matt.13.30	συναγάγετε	synagō	V-:2AAD-P--
01133032	Matt.13.30	εἰς	eis	P-:--------
01133033	Matt.13.30	τὴν	ho	RA:----ASF-
01133034	Matt.13.30	ἀποθήκην	apothēkē	N-:----ASF-
01133035	Matt.13.30	μου	egō	RP:----GS--
01133101	Matt.13.31	Ἄλλην	allos	A-:----ASF-
01133102	Matt.13.31	παραβολὴν	parabolē	N-:----ASF-
01133103	Matt.13.31	παρέθηκεν	paratithēmi	V-:3AAI-S--
01133104	Matt.13.31	αὐτοῖς	autos	RP:----DPM-
01133105	Matt.13.31	λέγων	legō	V-:-PAPNSM-
01133106	Matt.13.31	Ὁμοία	homoios	A-:----NSF-
01133107	Matt.13.31	ἐστὶν	eimi	V-:3PAI-S--
01133108	Matt.13.31	ἡ	ho	RA:----NSF-
01133109	Matt.13.31	βασιλεία	basileia	N-:----NSF-
01133110	Matt.13.31	τῶν	ho	RA:----GPM-
01133111	Matt.13.31	οὐρανῶν	ouranos	N-:----GPM-
01133112	Matt.13.31	κόκκῳ	kokkos	N-:----DSM-
01133113	Matt.13.31	σινάπεως	sinapi	N-:----GSN-
01133114	Matt.13.31	ὃν	hos	RR:----ASM-
01133115	Matt.13.31	λαβὼν	lambanō	V-:-AAPNSM-
01133116	Matt.13.31	ἄνθρωπος	anthrōpos	N-:----NSM-
01133117	Matt.13.31	ἔσπειρεν	speirō	V-:3AAI-S--
01133118	Matt.13.31	ἐν	en	P-:--------
01133119	Matt.13.31	τῷ	ho	RA:----DSM-
01133120	Matt.13.31	ἀγρῷ	agros	N-:----DSM-
01133121	Matt.13.31	αὐτοῦ	autos	RP:----GSM-
01133201	Matt.13.32	ὃ	hos	RR:----NSN-
01133202	Matt.13.32	μικρότερον	mikros	A-:----NSNC
01133203	Matt.13.32	μέν	men	C-:--------
01133204	Matt.13.32	ἐστιν	eimi	V-:3PAI-S--
01133205	Matt.13.32	πάντων	pas	A-:----GPN-
01133206	Matt.13.32	τῶν	ho	RA:----GPN-
01133207	Matt.13.32	σπερμάτων	sperma	N-:----GPN-
01133208	Matt.13.32	ὅταν	hotan	C-:--------
01133209	Matt.13.32	δὲ	de	C-:--------
01133210	Matt.13.32	αὐξηθῇ	auxanō	V-:3APS-S--
01133211	Matt.13.32	μεῖζον	megas	A-:----NSNC
01133212	Matt.13.32	τῶν	ho	RA:----GPN-
01133213	Matt.13.32	λαχάνων	lachanon	N-:----GPN-
01133214	Matt.13.32	ἐστὶν	eimi	V-:3PAI-S--
01133215	Matt.13.32	καὶ	kai	C-:--------
01133216	Matt.13.32	γίνεται	ginomai	V-:3PMI-S--
01133217	Matt.13.32	δένδρον	dendron	N-:----NSN-
01133218	Matt.13.32	ὥστε	hōste	C-:--------
01133219	Matt.13.32	ἐλθεῖν	erchomai	V-:-AAN----
01133220	Matt.13.32	τὰ	ho	RA:----APN-
01133221	Matt.13.32	πετεινὰ	peteinon	A-:----APN-
01133222	Matt.13.32	τοῦ	ho	RA:----GSM-
01133223	Matt.13.32	οὐρανοῦ	ouranos	N-:----GSM-
01133224	Matt.13.32	καὶ	kai	C-:--------
01133225	Matt.13.32	κατασκηνοῦν	kataskēnoō	V-:-PAN----
01133226	Matt.13.32	ἐν	en	P-:--------
01133227	Matt.13.32	τοῖς	ho	RA:----DPM-
01133228	Matt.13.32	κλάδοις	klados	N-:----DPM-
01133229	Matt.13.32	αὐτοῦ	autos	RP:----GSN-
01133301	Matt.13.33	Ἄλλην	allos	A-:----ASF-
01133302	Matt.13.33	παραβολὴν	parabolē	N-:----ASF-
01133303	Matt.13.33	ἐλάλησεν	laleō	V-:3AAI-S--
01133304	Matt.13.33	αὐτοῖς	autos	RP:----DPM-
01133305	Matt.13.33	Ὁμοία	homoios	A-:----NSF-
01133306	Matt.13.33	ἐστὶν	eimi	V-:3PAI-S--
01133307	Matt.13.33	ἡ	ho	RA:----NSF-
01133308	Matt.13.33	βασιλεία	basileia	N-:----NSF-
01133309	Matt.13.33	τῶν	ho	RA:----GPM-
01133310	Matt.13.33	οὐρανῶν	ouranos	N-:----GPM-
01133311	Matt.13.33	ζύμῃ	zymē	N-:----DSF-
01133312	Matt.13.33	ἣν	hos	RR:----ASF-
01133313	Matt.13.33	λαβοῦσα	lambanō	V-:-AAPNSF-
01133314	Matt.13.33	γυνὴ	gynē	N-:----NSF-
01133315	Matt.13.33	ἐνέκρυψεν	enkryptō	V-:3AAI-S--
01133316	Matt.13.33	εἰς	eis	P-:--------
01133317	Matt.13.33	ἀλεύρου	aleuron	N-:----GSN-
01133318	Matt.13.33	σάτα	saton	N-:----APN-
01133319	Matt.13.33	τρία	treis	A-:----APN-
01133320	Matt.13.33	ἕως	heōs	P-:--------
01133321	Matt.13.33	οὗ	hos	RR:----GSM-
01133322	Matt.13.33	ἐζυμώθη	zymoō	V-:3API-S--
01133323	Matt.13.33	ὅλον	holos	A-:----NSN-
01133401	Matt.13.34	Ταῦτα	houtos	RD:----APN-
01133402	Matt.13.34	πάντα	pas	A-:----APN-
01133403	Matt.13.34	ἐλάλησεν	laleō	V-:3AAI-S--
01133404	Matt.13.34	ὁ	ho	RA:----NSM-
01133405	Matt.13.34	Ἰησοῦς	iēsous	N-:----NSM-
01133406	Matt.13.34	ἐν	en	P-:--------
01133407	Matt.13.34	παραβολαῖς	parabolē	N-:----DPF-
01133408	Matt.13.34	τοῖς	ho	RA:----DPM-
01133409	Matt.13.34	ὄχλοις	ochlos	N-:----DPM-
01133410	Matt.13.34	καὶ	kai	C-:--------
01133411	Matt.13.34	χωρὶς	chōris	P-:--------
01133412	Matt.13.34	παραβολῆς	parabolē	N-:----GSF-
01133413	Matt.13.34	οὐδὲν	oudeis	A-:----ASN-
01133414	Matt.13.34	ἐλάλει	laleō	V-:3IAI-S--
01133415	Matt.13.34	αὐτοῖς	autos	RP:----DPM-
01133501	Matt.13.35	ὅπως	hopōs	C-:--------
01133502	Matt.13.35	πληρωθῇ	plēroō	V-:3APS-S--
01133503	Matt.13.35	τὸ	ho	RA:----NSN-
01133504	Matt.13.35	ῥηθὲν	legō	V-:-APPNSN-
01133505	Matt.13.35	διὰ	dia	P-:--------
01133506	Matt.13.35	τοῦ	ho	RA:----GSM-
01133507	Matt.13.35	προφήτου	prophētēs	N-:----GSM-
01133508	Matt.13.35	λέγοντος	legō	V-:-PAPGSM-
01133509	Matt.13.35	Ἀνοίξω	anoigō	V-:1FAI-S--
01133510	Matt.13.35	ἐν	en	P-:--------
01133511	Matt.13.35	παραβολαῖς	parabolē	N-:----DPF-
01133512	Matt.13.35	τὸ	ho	RA:----ASN-
01133513	Matt.13.35	στόμα	stoma	N-:----ASN-
01133514	Matt.13.35	μου	egō	RP:----GS--
01133515	Matt.13.35	ἐρεύξομαι	ereugomai	V-:1FMI-S--
01133516	Matt.13.35	κεκρυμμένα	kryptō	V-:-XPPAPN-
01133517	Matt.13.35	ἀπὸ	apo	P-:--------
01133518	Matt.13.35	καταβολῆς	katabolē	N-:----GSF-
01133601	Matt.13.36	Τότε	tote	D-:--------
01133602	Matt.13.36	ἀφεὶς	aphiēmi	V-:-AAPNSM-
01133603	Matt.13.36	τοὺς	ho	RA:----APM-
01133604	Matt.13.36	ὄχλους	ochlos	N-:----APM-
01133605	Matt.13.36	ἦλθεν	erchomai	V-:3AAI-S--
01133606	Matt.13.36	εἰς	eis	P-:--------
01133607	Matt.13.36	τὴν	ho	RA:----ASF-
01133608	Matt.13.36	οἰκίαν	oikia	N-:----ASF-
01133609	Matt.13.36	καὶ	kai	C-:--------
01133610	Matt.13.36	προσῆλθον	proserchomai	V-:3AAI-P--
01133611	Matt.13.36	αὐτῷ	autos	RP:----DSM-
01133612	Matt.13.36	οἱ	ho	RA:----NPM-
01133613	Matt.13.36	μαθηταὶ	mathētēs	N-:----NPM-
01133614	Matt.13.36	αὐτοῦ	autos	RP:----GSM-
01133615	Matt.13.36	λέγοντες	legō	V-:-PAPNPM-
01133616	Matt.13.36	Διασάφησον	diasapheō	V-:2AAD-S--
01133617	Matt.13.36	ἡμῖν	egō	RP:----DP--
01133618	Matt.13.36	τὴν	ho	RA:----ASF-
01133619	Matt.13.36	παραβολὴν	parabolē	N-:----ASF-
01133620	Matt.13.36	τῶν	ho	RA:----GPN-
01133621	Matt.13.36	ζιζανίων	zizanion	N-:----GPN-
01133622	Matt.13.36	τοῦ	ho	RA:----GSM-
01133623	Matt.13.36	ἀγροῦ	agros	N-:----GSM-
01133701	Matt.13.37	ὁ	ho	RA:----NSM-
01133702	Matt.13.37	δὲ	de	C-:--------
01133703	Matt.13.37	ἀποκριθεὶς	apokrinomai	V-:-APPNSM-
01133704	Matt.13.37	εἶπεν	legō	V-:3AAI-S--
01133705	Matt.13.37	Ὁ	ho	RA:----NSM-
01133706	Matt.13.37	σπείρων	speirō	V-:-PAPNSM-
01133707	Matt.13.37	τὸ	ho	RA:----ASN-
01133708	Matt.13.37	καλὸν	kalos	A-:----ASN-
01133709	Matt.13.37	σπέρμα	sperma	N-:----ASN-
01133710	Matt.13.37	ἐστὶν	eimi	V-:3PAI-S--
01133711	Matt.13.37	ὁ	ho	RA:----NSM-
01133712	Matt.13.37	υἱὸς	huios	N-:----NSM-
01133713	Matt.13.37	τοῦ	ho	RA:----GSM-
01133714	Matt.13.37	ἀνθρώπου	anthrōpos	N-:----GSM-
01133801	Matt.13.38	ὁ	ho	RA:----NSM-
01133802	Matt.13.38	δὲ	de	C-:--------
01133803	Matt.13.38	ἀγρός	agros	N-:----NSM-
01133804	Matt.13.38	ἐστιν	eimi	V-:3PAI-S--
01133805	Matt.13.38	ὁ	ho	RA:----NSM-
01133806	Matt.13.38	κόσμος	kosmos	N-:----NSM-
01133807	Matt.13.38	τὸ	ho	RA:----NSN-
01133808	Matt.13.38	δὲ	de	C-:--------
01133809	Matt.13.38	καλὸν	kalos	A-:----NSN-
01133810	Matt.13.38	σπέρμα	sperma	N-:----NSN-
01133811	Matt.13.38	οὗτοί	houtos	RD:----NPM-
01133812	Matt.13.38	εἰσιν	eimi	V-:3PAI-P--
01133813	Matt.13.38	οἱ	ho	RA:----NPM-
01133814	Matt.13.38	υἱοὶ	huios	N-:----NPM-
01133815	Matt.13.38	τῆς	ho	RA:----GSF-
01133816	Matt.13.38	βασιλείας	basileia	N-:----GSF-
01133817	Matt.13.38	τὰ	ho	RA:----NPN-
01133818	Matt.13.38	δὲ	de	C-:--------
01133819	Matt.13.38	ζιζάνιά	zizanion	N-:----NPN-
01133820	Matt.13.38	εἰσιν	eimi	V-:3PAI-P--
01133821	Matt.13.38	οἱ	ho	RA:----NPM-
01133822	Matt.13.38	υἱοὶ	huios	N-:----NPM-
01133823	Matt.13.38	τοῦ	ho	RA:----GSM-
01133824	Matt.13.38	πονηροῦ	ponēros	A-:----GSM-
01133901	Matt.13.39	ὁ	ho	RA:----NSM-
01133902	Matt.13.39	δὲ	de	C-:--------
01133903	Matt.13.39	ἐχθρὸς	echthros	A-:----NSM-
01133904	Matt.13.39	ὁ	ho	RA:----NSM-
01133905	Matt.13.39	σπείρας	speirō	V-:-AAPNSM-
01133906	Matt.13.39	αὐτά	autos	RP:----APN-
01133907	Matt.13.39	ἐστιν	eimi	V-:3PAI-S--
01133908	Matt.13.39	ὁ	ho	RA:----NSM-
01133909	Matt.13.39	διάβολος	diabolos	A-:----NSM-
01133910	Matt.13.39	ὁ	ho	RA:----NSM-
01133911	Matt.13.39	δὲ	de	C-:--------
01133912	Matt.13.39	θερισμὸς	therismos	N-:----NSM-
01133913	Matt.13.39	συντέλεια	synteleia	N-:----NSF-
01133914	Matt.13.39	αἰῶνός	aiōn	N-:----GSM-
01133915	Matt.13.39	ἐστιν	eimi	V-:3PAI-S--
01133916	Matt.13.39	οἱ	ho	RA:----NPM-
01133917	Matt.13.39	δὲ	de	C-:--------
01133918	Matt.13.39	θερισταὶ	theristēs	N-:----NPM-
01133919	Matt.13.39	ἄγγελοί	angelos	N-:----NPM-
01133920	Matt.13.39	εἰσιν	eimi	V-:3PAI-P--
01134001	Matt.13.40	ὥσπερ	hōsper	C-:--------
01134002	Matt.13.40	οὖν	oun	C-:--------
01134003	Matt.13.40	συλλέγεται	syllegō	V-:3PPI-S--
01134004	Matt.13.40	τὰ	ho	RA:----NPN-
01134005	Matt.13.40	ζιζάνια	zizanion	N-:----NPN-
01134006	Matt.13.40	καὶ	kai	C-:--------
01134007	Matt.13.40	πυρὶ	pyr	N-:----DSN-
01134008	Matt.13.40	καίεται	kaiō	V-:3PPI-S--
01134009	Matt.13.40	οὕτως	houtō(s)	D-:--------
01134010	Matt.13.40	ἔσται	eimi	V-:3FMI-S--
01134011	Matt.13.40	ἐν	en	P-:--------
01134012	Matt.13.40	τῇ	ho	RA:----DSF-
01134013	Matt.13.40	συντελείᾳ	synteleia	N-:----DSF-
01134014	Matt.13.40	τοῦ	ho	RA:----GSM-
01134015	Matt.13.40	αἰῶνος	aiōn	N-:----GSM-
01134101	Matt.13.41	ἀποστελεῖ	apostellō	V-:3FAI-S--
01134102	Matt.13.41	ὁ	ho	RA:----NSM-
01134103	Matt.13.41	υἱὸς	huios	N-:----NSM-
01134104	Matt.13.41	τοῦ	ho	RA:----GSM-
01134105	Matt.13.41	ἀνθρώπου	anthrōpos	N-:----GSM-
01134106	Matt.13.41	τοὺς	ho	RA:----APM-
01134107	Matt.13.41	ἀγγέλους	angelos	N-:----APM-
01134108	Matt.13.41	αὐτοῦ	autos	RP:----GSM-
01134109	Matt.13.41	καὶ	kai	C-:--------
01134110	Matt.13.41	συλλέξουσιν	syllegō	V-:3FAI-P--
01134111	Matt.13.41	ἐκ	ek	P-:--------
01134112	Matt.13.41	τῆς	ho	RA:----GSF-
01134113	Matt.13.41	βασιλείας	basileia	N-:----GSF-
01134114	Matt.13.41	αὐτοῦ	autos	RP:----GSM-
01134115	Matt.13.41	πάντα	pas	A-:----APN-
01134116	Matt.13.41	τὰ	ho	RA:----APN-
01134117	Matt.13.41	σκάνδαλα	skandalon	N-:----APN-
01134118	Matt.13.41	καὶ	kai	C-:--------
01134119	Matt.13.41	τοὺς	ho	RA:----APM-
01134120	Matt.13.41	ποιοῦντας	poieō	V-:-PAPAPM-
01134121	Matt.13.41	τὴν	ho	RA:----ASF-
01134122	Matt.13.41	ἀνομίαν	anomia	N-:----ASF-
01134201	Matt.13.42	καὶ	kai	C-:--------
01134202	Matt.13.42	βαλοῦσιν	ballō	V-:3FAI-P--
01134203	Matt.13.42	αὐτοὺς	autos	RP:----APM-
01134204	Matt.13.42	εἰς	eis	P-:--------
01134205	Matt.13.42	τὴν	ho	RA:----ASF-
01134206	Matt.13.42	κάμινον	kaminos	N-:----ASF-
01134207	Matt.13.42	τοῦ	ho	RA:----GSN-
01134208	Matt.13.42	πυρός	pyr	N-:----GSN-
01134209	Matt.13.42	ἐκεῖ	ekei	D-:--------
01134210	Matt.13.42	ἔσται	eimi	V-:3FMI-S--
01134211	Matt.13.42	ὁ	ho	RA:----NSM-
01134212	Matt.13.42	κλαυθμὸς	klauthmos	N-:----NSM-
01134213	Matt.13.42	καὶ	kai	C-:--------
01134214	Matt.13.42	ὁ	ho	RA:----NSM-
01134215	Matt.13.42	βρυγμὸς	brygmos	N-:----NSM-
01134216	Matt.13.42	τῶν	ho	RA:----GPM-
01134217	Matt.13.42	ὀδόντων	odous	N-:----GPM-
01134301	Matt.13.43	Τότε	tote	D-:--------
01134302	Matt.13.43	οἱ	ho	RA:----NPM-
01134303	Matt.13.43	δίκαιοι	dikaios	A-:----NPM-
01134304	Matt.13.43	ἐκλάμψουσιν	eklampō	V-:3FAI-P--
01134305	Matt.13.43	ὡς	hōs	C-:--------
01134306	Matt.13.43	ὁ	ho	RA:----NSM-
01134307	Matt.13.43	ἥλιος	hēlios	N-:----NSM-
01134308	Matt.13.43	ἐν	en	P-:--------
01134309	Matt.13.43	τῇ	ho	RA:----DSF-
01134310	Matt.13.43	βασιλείᾳ	basileia	N-:----DSF-
01134311	Matt.13.43	τοῦ	ho	RA:----GSM-
01134312	Matt.13.43	πατρὸς	patēr	N-:----GSM-
01134313	Matt.13.43	αὐτῶν	autos	RP:----GPM-
01134314	Matt.13.43	ὁ	ho	RA:----NSM-
01134315	Matt.13.43	ἔχων	echō	V-:-PAPNSM-
01134316	Matt.13.43	ὦτα	ous	N-:----APN-
01134317	Matt.13.43	ἀκουέτω	akouō	V-:3PAD-S--
01134401	Matt.13.44	Ὁμοία	homoios	A-:----NSF-
01134402	Matt.13.44	ἐστὶν	eimi	V-:3PAI-S--
01134403	Matt.13.44	ἡ	ho	RA:----NSF-
01134404	Matt.13.44	βασιλεία	basileia	N-:----NSF-
01134405	Matt.13.44	τῶν	ho	RA:----GPM-
01134406	Matt.13.44	οὐρανῶν	ouranos	N-:----GPM-
01134407	Matt.13.44	θησαυρῷ	thēsauros	N-:----DSM-
01134408	Matt.13.44	κεκρυμμένῳ	kryptō	V-:-XPPDSM-
01134409	Matt.13.44	ἐν	en	P-:--------
01134410	Matt.13.44	τῷ	ho	RA:----DSM-
01134411	Matt.13.44	ἀγρῷ	agros	N-:----DSM-
01134412	Matt.13.44	ὃν	hos	RR:----ASM-
01134413	Matt.13.44	εὑρὼν	heuriskō	V-:-AAPNSM-
01134414	Matt.13.44	ἄνθρωπος	anthrōpos	N-:----NSM-
01134415	Matt.13.44	ἔκρυψεν	kryptō	V-:3AAI-S--
01134416	Matt.13.44	καὶ	kai	C-:--------
01134417	Matt.13.44	ἀπὸ	apo	P-:--------
01134418	Matt.13.44	τῆς	ho	RA:----GSF-
01134419	Matt.13.44	χαρᾶς	chara	N-:----GSF-
01134420	Matt.13.44	αὐτοῦ	autos	RP:----GSM-
01134421	Matt.13.44	ὑπάγει	hypagō	V-:3PAI-S--
01134422	Matt.13.44	καὶ	kai	C-:--------
01134423	Matt.13.44	πωλεῖ	pōleō	V-:3PAI-S--
01134424	Matt.13.44	πάντα	pas	A-:----APN-
01134425	Matt.13.44	ὅσα	hosos	RR:----APN-
01134426	Matt.13.44	ἔχει	echō	V-:3PAI-S--
01134427	Matt.13.44	καὶ	kai	C-:--------
01134428	Matt.13.44	ἀγοράζει	agorazō	V-:3PAI-S--
01134429	Matt.13.44	τὸν	ho	RA:----ASM-
01134430	Matt.13.44	ἀγρὸν	agros	N-:----ASM-
01134431	Matt.13.44	ἐκεῖνον	ekeinos	RD:----ASM-
01134501	Matt.13.45	Πάλιν	palin	D-:--------
01134502	Matt.13.45	ὁμοία	homoios	A-:----NSF-
01134503	Matt.13.45	ἐστὶν	eimi	V-:3PAI-S--
01134504	Matt.13.45	ἡ	ho	RA:----NSF-
01134505	Matt.13.45	βασιλεία	basileia	N-:----NSF-
01134506	Matt.13.45	τῶν	ho	RA:----GPM-
01134507	Matt.13.45	οὐρανῶν	ouranos	N-:----GPM-
01134508	Matt.13.45	ἀνθρώπῳ	anthrōpos	N-:----DSM-
01134509	Matt.13.45	ἐμπόρῳ	emporos	N-:----DSM-
01134510	Matt.13.45	ζητοῦντι	zēteō	V-:-PAPDSM-
01134511	Matt.13.45	καλοὺς	kalos	A-:----APM-
01134512	Matt.13.45	μαργαρίτας	margaritēs	N-:----APM-
01134601	Matt.13.46	εὑρὼν	heuriskō	V-:-AAPNSM-
01134602	Matt.13.46	δὲ	de	C-:--------
01134603	Matt.13.46	ἕνα	heis	A-:----ASM-
01134604	Matt.13.46	πολύτιμον	polytimos	A-:----ASM-
01134605	Matt.13.46	μαργαρίτην	margaritēs	N-:----ASM-
01134606	Matt.13.46	ἀπελθὼν	aperchomai	V-:-AAPNSM-
01134607	Matt.13.46	πέπρακεν	pipraskō	V-:3XAI-S--
01134608	Matt.13.46	πάντα	pas	A-:----APN-
01134609	Matt.13.46	ὅσα	hosos	RR:----APN-
01134610	Matt.13.46	εἶχεν	echō	V-:3IAI-S--
01134611	Matt.13.46	καὶ	kai	C-:--------
01134612	Matt.13.46	ἠγόρασεν	agorazō	V-:3AAI-S--
01134613	Matt.13.46	αὐτόν	autos	RP:----ASM-
01134701	Matt.13.47	Πάλιν	palin	D-:--------
01134702	Matt.13.47	ὁμοία	homoios	A-:----NSF-
01134703	Matt.13.47	ἐστὶν	eimi	V-:3PAI-S--
01134704	Matt.13.47	ἡ	ho	RA:----NSF-
01134705	Matt.13.47	βασιλεία	basileia	N-:----NSF-
01134706	Matt.13.47	τῶν	ho	RA:----GPM-
01134707	Matt.13.47	οὐρανῶν	ouranos	N-:----GPM-
01134708	Matt.13.47	σαγήνῃ	sagēnē	N-:----DSF-
01134709	Matt.13.47	βληθείσῃ	ballō	V-:-APPDSF-
01134710	Matt.13.47	εἰς	eis	P-:--------
01134711	Matt.13.47	τὴν	ho	RA:----ASF-
01134712	Matt.13.47	θάλασσαν	thalassa	N-:----ASF-
01134713	Matt.13.47	καὶ	kai	C-:--------
01134714	Matt.13.47	ἐκ	ek	P-:--------
01134715	Matt.13.47	παντὸς	pas	A-:----GSN-
01134716	Matt.13.47	γένους	genos	N-:----GSN-
01134717	Matt.13.47	συναγαγούσῃ	synagō	V-:-AAPDSF-
01134801	Matt.13.48	ἣν	hos	RR:----ASF-
01134802	Matt.13.48	ὅτε	hote	C-:--------
01134803	Matt.13.48	ἐπληρώθη	plēroō	V-:3API-S--
01134804	Matt.13.48	ἀναβιβάσαντες	anabibazō	V-:-AAPNPM-
01134805	Matt.13.48	ἐπὶ	epi	P-:--------
01134806	Matt.13.48	τὸν	ho	RA:----ASM-
01134807	Matt.13.48	αἰγιαλὸν	aigialos	N-:----ASM-
01134808	Matt.13.48	καὶ	kai	C-:--------
01134809	Matt.13.48	καθίσαντες	kathizō	V-:-AAPNPM-
01134810	Matt.13.48	συνέλεξαν	syllegō	V-:3AAI-P--
01134811	Matt.13.48	τὰ	ho	RA:----APN-
01134812	Matt.13.48	καλὰ	kalos	A-:----APN-
01134813	Matt.13.48	εἰς	eis	P-:--------
01134814	Matt.13.48	ἄγγη	angos	N-:----APN-
01134815	Matt.13.48	τὰ	ho	RA:----APN-
01134816	Matt.13.48	δὲ	de	C-:--------
01134817	Matt.13.48	σαπρὰ	sapros	A-:----APN-
01134818	Matt.13.48	ἔξω	exō	D-:--------
01134819	Matt.13.48	ἔβαλον	ballō	V-:3AAI-P--
01134901	Matt.13.49	οὕτως	houtō(s)	D-:--------
01134902	Matt.13.49	ἔσται	eimi	V-:3FMI-S--
01134903	Matt.13.49	ἐν	en	P-:--------
01134904	Matt.13.49	τῇ	ho	RA:----DSF-
01134905	Matt.13.49	συντελείᾳ	synteleia	N-:----DSF-
01134906	Matt.13.49	τοῦ	ho	RA:----GSM-
01134907	Matt.13.49	αἰῶνος	aiōn	N-:----GSM-
01134908	Matt.13.49	ἐξελεύσονται	exerchomai	V-:3FMI-P--
01134909	Matt.13.49	οἱ	ho	RA:----NPM-
01134910	Matt.13.49	ἄγγελοι	angelos	N-:----NPM-
01134911	Matt.13.49	καὶ	kai	C-:--------
01134912	Matt.13.49	ἀφοριοῦσιν	aphorizō	V-:3FAI-P--
01134913	Matt.13.49	τοὺς	ho	RA:----APM-
01134914	Matt.13.49	πονηροὺς	ponēros	A-:----APM-
01134915	Matt.13.49	ἐκ	ek	P-:--------
01134916	Matt.13.49	μέσου	mesos	A-:----GSN-
01134917	Matt.13.49	τῶν	ho	RA:----GPM-
01134918	Matt.13.49	δικαίων	dikaios	A-:----GPM-
01135001	Matt.13.50	καὶ	kai	C-:--------
01135002	Matt.13.50	βαλοῦσιν	ballō	V-:3FAI-P--
01135003	Matt.13.50	αὐτοὺς	autos	RP:----APM-
01135004	Matt.13.50	εἰς	eis	P-:--------
01135005	Matt.13.50	τὴν	ho	RA:----ASF-
01135006	Matt.13.50	κάμινον	kaminos	N-:----ASF-
01135007	Matt.13.50	τοῦ	ho	RA:----GSN-
01135008	Matt.13.50	πυρός	pyr	N-:----GSN-
01135009	Matt.13.50	ἐκεῖ	ekei	D-:--------
01135010	Matt.13.50	ἔσται	eimi	V-:3FMI-S--
01135011	Matt.13.50	ὁ	ho	RA:----NSM-
01135012	Matt.13.50	κλαυθμὸς	klauthmos	N-:----NSM-
01135013	Matt.13.50	καὶ	kai	C-:--------
01135014	Matt.13.50	ὁ	ho	RA:----NSM-
01135015	Matt.13.50	βρυγμὸς	brygmos	N-:----NSM-
01135016	Matt.13.50	τῶν	ho	RA:----GPM-
01135017	Matt.13.50	ὀδόντων	odous	N-:----GPM-
01135101	Matt.13.51	Συνήκατε	syniēmi	V-:2AAI-P--
01135102	Matt.13.51	ταῦτα	houtos	RD:----APN-
01135103	Matt.13.51	πάντα	pas	A-:----APN-
01135104	Matt.13.51	λέγουσιν	legō	V-:3PAI-P--
01135105	Matt.13.51	αὐτῷ	autos	RP:----DSM-
01135106	Matt.13.51	Ναί	nai	X-:--------
01135201	Matt.13.52	ὁ	ho	RA:----NSM-
01135202	Matt.13.52	δὲ	de	C-:--------
01135203	Matt.13.52	εἶπεν	legō	V-:3AAI-S--
01135204	Matt.13.52	αὐτοῖς	autos	RP:----DPM-
01135205	Matt.13.52	Διὰ	dia	P-:--------
01135206	Matt.13.52	τοῦτο	houtos	RD:----ASN-
01135207	Matt.13.52	πᾶς	pas	A-:----NSM-
01135208	Matt.13.52	γραμματεὺς	grammateus	N-:----NSM-
01135209	Matt.13.52	μαθητευθεὶς	mathēteuō	V-:-APPNSM-
01135210	Matt.13.52	τῇ	ho	RA:----DSF-
01135211	Matt.13.52	βασιλείᾳ	basileia	N-:----DSF-
01135212	Matt.13.52	τῶν	ho	RA:----GPM-
01135213	Matt.13.52	οὐρανῶν	ouranos	N-:----GPM-
01135214	Matt.13.52	ὅμοιός	homoios	A-:----NSM-
01135215	Matt.13.52	ἐστιν	eimi	V-:3PAI-S--
01135216	Matt.13.52	ἀνθρώπῳ	anthrōpos	N-:----DSM-
01135217	Matt.13.52	οἰκοδεσπότῃ	oikodespotēs	N-:----DSM-
01135218	Matt.13.52	ὅστις	hostis	RR:----NSM-
01135219	Matt.13.52	ἐκβάλλει	ekballō	V-:3PAI-S--
01135220	Matt.13.52	ἐκ	ek	P-:--------
01135221	Matt.13.52	τοῦ	ho	RA:----GSM-
01135222	Matt.13.52	θησαυροῦ	thēsauros	N-:----GSM-
01135223	Matt.13.52	αὐτοῦ	autos	RP:----GSM-
01135224	Matt.13.52	καινὰ	kainos	A-:----APN-
01135225	Matt.13.52	καὶ	kai	C-:--------
01135226	Matt.13.52	παλαιά	palaios	A-:----APN-
01135301	Matt.13.53	καὶ	kai	C-:--------
01135302	Matt.13.53	ἐγένετο	ginomai	V-:3AMI-S--
01135303	Matt.13.53	ὅτε	hote	C-:--------
01135304	Matt.13.53	ἐτέλεσεν	teleō	V-:3AAI-S--
01135305	Matt.13.53	ὁ	ho	RA:----NSM-
01135306	Matt.13.53	Ἰησοῦς	iēsous	N-:----NSM-
01135307	Matt.13.53	τὰς	ho	RA:----APF-
01135308	Matt.13.53	παραβολὰς	parabolē	N-:----APF-
01135309	Matt.13.53	ταύτας	houtos	RD:----APF-
01135310	Matt.13.53	μετῆρεν	metairō	V-:3AAI-S--
01135311	Matt.13.53	ἐκεῖθεν	ekeithen	D-:--------
01135401	Matt.13.54	καὶ	kai	C-:--------
01135402	Matt.13.54	ἐλθὼν	erchomai	V-:-AAPNSM-
01135403	Matt.13.54	εἰς	eis	P-:--------
01135404	Matt.13.54	τὴν	ho	RA:----ASF-
01135405	Matt.13.54	πατρίδα	patris	N-:----ASF-
01135406	Matt.13.54	αὐτοῦ	autos	RP:----GSM-
01135407	Matt.13.54	ἐδίδασκεν	didaskō	V-:3IAI-S--
01135408	Matt.13.54	αὐτοὺς	autos	RP:----APM-
01135409	Matt.13.54	ἐν	en	P-:--------
01135410	Matt.13.54	τῇ	ho	RA:----DSF-
01135411	Matt.13.54	συναγωγῇ	synagōgē	N-:----DSF-
01135412	Matt.13.54	αὐτῶν	autos	RP:----GPM-
01135413	Matt.13.54	ὥστε	hōste	C-:--------
01135414	Matt.13.54	ἐκπλήσσεσθαι	ekplēssomai	V-:-PPN----
01135415	Matt.13.54	αὐτοὺς	autos	RP:----APM-
01135416	Matt.13.54	καὶ	kai	C-:--------
01135417	Matt.13.54	λέγειν	legō	V-:-PAN----
01135418	Matt.13.54	Πόθεν	pothen	D-:--------
01135419	Matt.13.54	τούτῳ	houtos	RD:----DSM-
01135420	Matt.13.54	ἡ	ho	RA:----NSF-
01135421	Matt.13.54	σοφία	sophia	N-:----NSF-
01135422	Matt.13.54	αὕτη	houtos	RD:----NSF-
01135423	Matt.13.54	καὶ	kai	C-:--------
01135424	Matt.13.54	αἱ	ho	RA:----NPF-
01135425	Matt.13.54	δυνάμεις	dynamis	N-:----NPF-
01135501	Matt.13.55	οὐχ	ou	X-:--------
01135502	Matt.13.55	οὗτός	houtos	RD:----NSM-
01135503	Matt.13.55	ἐστιν	eimi	V-:3PAI-S--
01135504	Matt.13.55	ὁ	ho	RA:----NSM-
01135505	Matt.13.55	τοῦ	ho	RA:----GSM-
01135506	Matt.13.55	τέκτονος	tektōn	N-:----GSM-
01135507	Matt.13.55	υἱός	huios	N-:----NSM-
01135508	Matt.13.55	οὐχ	ou	X-:--------
01135509	Matt.13.55	ἡ	ho	RA:----NSF-
01135510	Matt.13.55	μήτηρ	mētēr	N-:----NSF-
01135511	Matt.13.55	αὐτοῦ	autos	RP:----GSM-
01135512	Matt.13.55	λέγεται	legō	V-:3PPI-S--
01135513	Matt.13.55	Μαριὰμ	mariam	N-:----NSF-
01135514	Matt.13.55	καὶ	kai	C-:--------
01135515	Matt.13.55	οἱ	ho	RA:----NPM-
01135516	Matt.13.55	ἀδελφοὶ	adelphos	N-:----NPM-
01135517	Matt.13.55	αὐτοῦ	autos	RP:----GSM-
01135518	Matt.13.55	Ἰάκωβος	iakōbos	N-:----NSM-
01135519	Matt.13.55	καὶ	kai	C-:--------
01135520	Matt.13.55	Ἰωσὴφ	iōsēph	N-:----NSM-
01135521	Matt.13.55	καὶ	kai	C-:--------
01135522	Matt.13.55	Σίμων	simōn	N-:----NSM-
01135523	Matt.13.55	καὶ	kai	C-:--------
01135524	Matt.13.55	Ἰούδας	ioudas	N-:----NSM-
01135601	Matt.13.56	καὶ	kai	C-:--------
01135602	Matt.13.56	αἱ	ho	RA:----NPF-
01135603	Matt.13.56	ἀδελφαὶ	adelphē	N-:----NPF-
01135604	Matt.13.56	αὐτοῦ	autos	RP:----GSM-
01135605	Matt.13.56	οὐχὶ	ouchi	X-:--------
01135606	Matt.13.56	πᾶσαι	pas	A-:----NPF-
01135607	Matt.13.56	πρὸς	pros	P-:--------
01135608	Matt.13.56	ἡμᾶς	egō	RP:----AP--
01135609	Matt.13.56	εἰσιν	eimi	V-:3PAI-P--
01135610	Matt.13.56	πόθεν	pothen	D-:--------
01135611	Matt.13.56	οὖν	oun	C-:--------
01135612	Matt.13.56	τούτῳ	houtos	RD:----DSM-
01135613	Matt.13.56	ταῦτα	houtos	RD:----NPN-
01135614	Matt.13.56	πάντα	pas	A-:----NPN-
01135701	Matt.13.57	καὶ	kai	C-:--------
01135702	Matt.13.57	ἐσκανδαλίζοντο	skandalizō	V-:3IPI-P--
01135703	Matt.13.57	ἐν	en	P-:--------
01135704	Matt.13.57	αὐτῷ	autos	RP:----DSM-
01135705	Matt.13.57	ὁ	ho	RA:----NSM-
01135706	Matt.13.57	δὲ	de	C-:--------
01135707	Matt.13.57	Ἰησοῦς	iēsous	N-:----NSM-
01135708	Matt.13.57	εἶπεν	legō	V-:3AAI-S--
01135709	Matt.13.57	αὐτοῖς	autos	RP:----DPM-
01135710	Matt.13.57	Οὐκ	ou	D-:--------
01135711	Matt.13.57	ἔστιν	eimi	V-:3PAI-S--
01135712	Matt.13.57	προφήτης	prophētēs	N-:----NSM-
01135713	Matt.13.57	ἄτιμος	atimos	A-:----NSM-
01135714	Matt.13.57	εἰ	ei	C-:--------
01135715	Matt.13.57	μὴ	mē	D-:--------
01135716	Matt.13.57	ἐν	en	P-:--------
01135717	Matt.13.57	τῇ	ho	RA:----DSF-
01135718	Matt.13.57	πατρίδι	patris	N-:----DSF-
01135719	Matt.13.57	καὶ	kai	C-:--------
01135720	Matt.13.57	ἐν	en	P-:--------
01135721	Matt.13.57	τῇ	ho	RA:----DSF-
01135722	Matt.13.57	οἰκίᾳ	oikia	N-:----DSF-
01135723	Matt.13.57	αὐτοῦ	autos	RP:----GSM-
01135801	Matt.13.58	καὶ	kai	C-:--------
01135802	Matt.13.58	οὐκ	ou	D-:--------
01135803	Matt.13.58	ἐποίησεν	poieō	V-:3AAI-S--
01135804	Matt.13.58	ἐκεῖ	ekei	D-:--------
01135805	Matt.13.58	δυνάμεις	dynamis	N-:----APF-
01135806	Matt.13.58	πολλὰς	polys	A-:----APF-
01135807	Matt.13.58	διὰ	dia	P-:--------
01135808	Matt.13.58	τὴν	ho	RA:----ASF-
01135809	Matt.13.58	ἀπιστίαν	apistia	N-:----ASF-
01135810	Matt.13.58	αὐτῶν	autos	RP:----GPM-
01140101	Matt.14.1	Ἐν	en	P-:--------
01140102	Matt.14.1	ἐκείνῳ	ekeinos	RD:----DSM-
01140103	Matt.14.1	τῷ	ho	RA:----DSM-
01140104	Matt.14.1	καιρῷ	kairos	N-:----DSM-
01140105	Matt.14.1	ἤκουσεν	akouō	V-:3AAI-S--
01140106	Matt.14.1	Ἡρῴδης	hērōdēs	N-:----NSM-
01140107	Matt.14.1	ὁ	ho	RA:----NSM-
01140108	Matt.14.1	τετραάρχης	tetraarchēs	N-:----NSM-
01140109	Matt.14.1	τὴν	ho	RA:----ASF-
01140110	Matt.14.1	ἀκοὴν	akoē	N-:----ASF-
01140111	Matt.14.1	Ἰησοῦ	iēsous	N-:----GSM-
01140201	Matt.14.2	καὶ	kai	C-:--------
01140202	Matt.14.2	εἶπεν	legō	V-:3AAI-S--
01140203	Matt.14.2	τοῖς	ho	RA:----DPM-
01140204	Matt.14.2	παισὶν	pais	N-:----DPM-
01140205	Matt.14.2	αὐτοῦ	autos	RP:----GSM-
01140206	Matt.14.2	Οὗτός	houtos	RD:----NSM-
01140207	Matt.14.2	ἐστιν	eimi	V-:3PAI-S--
01140208	Matt.14.2	Ἰωάννης	iōannēs	N-:----NSM-
01140209	Matt.14.2	ὁ	ho	RA:----NSM-
01140210	Matt.14.2	βαπτιστής	baptistēs	N-:----NSM-
01140211	Matt.14.2	αὐτὸς	autos	RP:----NSM-
01140212	Matt.14.2	ἠγέρθη	egeirō	V-:3API-S--
01140213	Matt.14.2	ἀπὸ	apo	P-:--------
01140214	Matt.14.2	τῶν	ho	RA:----GPM-
01140215	Matt.14.2	νεκρῶν	nekros	A-:----GPM-
01140216	Matt.14.2	καὶ	kai	C-:--------
01140217	Matt.14.2	διὰ	dia	P-:--------
01140218	Matt.14.2	τοῦτο	houtos	RD:----ASN-
01140219	Matt.14.2	αἱ	ho	RA:----NPF-
01140220	Matt.14.2	δυνάμεις	dynamis	N-:----NPF-
01140221	Matt.14.2	ἐνεργοῦσιν	energeō	V-:3PAI-P--
01140222	Matt.14.2	ἐν	en	P-:--------
01140223	Matt.14.2	αὐτῷ	autos	RP:----DSM-
01140301	Matt.14.3	Ὁ	ho	RA:----NSM-
01140302	Matt.14.3	γὰρ	gar	C-:--------
01140303	Matt.14.3	Ἡρῴδης	hērōdēs	N-:----NSM-
01140304	Matt.14.3	κρατήσας	krateō	V-:-AAPNSM-
01140305	Matt.14.3	τὸν	ho	RA:----ASM-
01140306	Matt.14.3	Ἰωάννην	iōannēs	N-:----ASM-
01140307	Matt.14.3	ἔδησεν	deō	V-:3AAI-S--
01140308	Matt.14.3	αὐτὸν	autos	RP:----ASM-
01140309	Matt.14.3	καὶ	kai	C-:--------
01140310	Matt.14.3	ἐν	en	P-:--------
01140311	Matt.14.3	φυλακῇ	phylakē	N-:----DSF-
01140312	Matt.14.3	ἀπέθετο	apotithēmi	V-:3AMI-S--
01140313	Matt.14.3	διὰ	dia	P-:--------
01140314	Matt.14.3	Ἡρῳδιάδα	hērōdias	N-:----ASF-
01140315	Matt.14.3	τὴν	ho	RA:----ASF-
01140316	Matt.14.3	γυναῖκα	gynē	N-:----ASF-
01140317	Matt.14.3	Φιλίππου	philippos	N-:----GSM-
01140318	Matt.14.3	τοῦ	ho	RA:----GSM-
01140319	Matt.14.3	ἀδελφοῦ	adelphos	N-:----GSM-
01140320	Matt.14.3	αὐτοῦ	autos	RP:----GSM-
01140401	Matt.14.4	ἔλεγεν	legō	V-:3IAI-S--
01140402	Matt.14.4	γὰρ	gar	C-:--------
01140403	Matt.14.4	αὐτῷ	autos	RP:----DSM-
01140404	Matt.14.4	ὁ	ho	RA:----NSM-
01140405	Matt.14.4	Ἰωάννης	iōannēs	N-:----NSM-
01140406	Matt.14.4	Οὐκ	ou	D-:--------
01140407	Matt.14.4	ἔξεστίν	exesti(n)	V-:3PAI-S--
01140408	Matt.14.4	σοι	sy	RP:----DS--
01140409	Matt.14.4	ἔχειν	echō	V-:-PAN----
01140410	Matt.14.4	αὐτήν	autos	RP:----ASF-
01140501	Matt.14.5	καὶ	kai	C-:--------
01140502	Matt.14.5	θέλων	thelō	V-:-PAPNSM-
01140503	Matt.14.5	αὐτὸν	autos	RP:----ASM-
01140504	Matt.14.5	ἀποκτεῖναι	apokteinō	V-:-AAN----
01140505	Matt.14.5	ἐφοβήθη	phobeomai	V-:3API-S--
01140506	Matt.14.5	τὸν	ho	RA:----ASM-
01140507	Matt.14.5	ὄχλον	ochlos	N-:----ASM-
01140508	Matt.14.5	ὅτι	hoti	C-:--------
01140509	Matt.14.5	ὡς	hōs	C-:--------
01140510	Matt.14.5	προφήτην	prophētēs	N-:----ASM-
01140511	Matt.14.5	αὐτὸν	autos	RP:----ASM-
01140512	Matt.14.5	εἶχον	echō	V-:3IAI-P--
01140601	Matt.14.6	γενεσίοις	genesia	N-:----DPN-
01140602	Matt.14.6	δὲ	de	C-:--------
01140603	Matt.14.6	γενομένοις	ginomai	V-:-AMPDPN-
01140604	Matt.14.6	τοῦ	ho	RA:----GSM-
01140605	Matt.14.6	Ἡρῴδου	hērōdēs	N-:----GSM-
01140606	Matt.14.6	ὠρχήσατο	orcheomai	V-:3AMI-S--
01140607	Matt.14.6	ἡ	ho	RA:----NSF-
01140608	Matt.14.6	θυγάτηρ	thygatēr	N-:----NSF-
01140609	Matt.14.6	τῆς	ho	RA:----GSF-
01140610	Matt.14.6	Ἡρῳδιάδος	hērōdias	N-:----GSF-
01140611	Matt.14.6	ἐν	en	P-:--------
01140612	Matt.14.6	τῷ	ho	RA:----DSN-
01140613	Matt.14.6	μέσῳ	mesos	A-:----DSN-
01140614	Matt.14.6	καὶ	kai	C-:--------
01140615	Matt.14.6	ἤρεσεν	areskō	V-:3AAI-S--
01140616	Matt.14.6	τῷ	ho	RA:----DSM-
01140617	Matt.14.6	Ἡρῴδῃ	hērōdēs	N-:----DSM-
01140701	Matt.14.7	ὅθεν	hothen	C-:--------
01140702	Matt.14.7	μετὰ	meta	P-:--------
01140703	Matt.14.7	ὅρκου	horkos	N-:----GSM-
01140704	Matt.14.7	ὡμολόγησεν	homologeō	V-:3AAI-S--
01140705	Matt.14.7	αὐτῇ	autos	RP:----DSF-
01140706	Matt.14.7	δοῦναι	didōmi	V-:-AAN----
01140707	Matt.14.7	ὃ	hos	RR:----ASN-
01140708	Matt.14.7	ἐὰν	ean	X-:--------
01140709	Matt.14.7	αἰτήσηται	aiteō	V-:3AMS-S--
01140801	Matt.14.8	ἡ	ho	RA:----NSF-
01140802	Matt.14.8	δὲ	de	C-:--------
01140803	Matt.14.8	προβιβασθεῖσα	probibazō	V-:-APPNSF-
01140804	Matt.14.8	ὑπὸ	hypo	P-:--------
01140805	Matt.14.8	τῆς	ho	RA:----GSF-
01140806	Matt.14.8	μητρὸς	mētēr	N-:----GSF-
01140807	Matt.14.8	αὐτῆς	autos	RP:----GSF-
01140808	Matt.14.8	Δός	didōmi	V-:2AAD-S--
01140809	Matt.14.8	μοι	egō	RP:----DS--
01140810	Matt.14.8	φησίν	phēmi	V-:3PAI-S--
01140811	Matt.14.8	ὧδε	hōde	D-:--------
01140812	Matt.14.8	ἐπὶ	epi	P-:--------
01140813	Matt.14.8	πίνακι	pinax	N-:----DSM-
01140814	Matt.14.8	τὴν	ho	RA:----ASF-
01140815	Matt.14.8	κεφαλὴν	kephalē	N-:----ASF-
01140816	Matt.14.8	Ἰωάννου	iōannēs	N-:----GSM-
01140817	Matt.14.8	τοῦ	ho	RA:----GSM-
01140818	Matt.14.8	βαπτιστοῦ	baptistēs	N-:----GSM-
01140901	Matt.14.9	καὶ	kai	C-:--------
01140902	Matt.14.9	λυπηθεὶς	lypeō	V-:-APPNSM-
01140903	Matt.14.9	ὁ	ho	RA:----NSM-
01140904	Matt.14.9	βασιλεὺς	basileus	N-:----NSM-
01140905	Matt.14.9	διὰ	dia	P-:--------
01140906	Matt.14.9	τοὺς	ho	RA:----APM-
01140907	Matt.14.9	ὅρκους	horkos	N-:----APM-
01140908	Matt.14.9	καὶ	kai	C-:--------
01140909	Matt.14.9	τοὺς	ho	RA:----APM-
01140910	Matt.14.9	συνανακειμένους	synanakeimai	V-:-PMPAPM-
01140911	Matt.14.9	ἐκέλευσεν	keleuō	V-:3AAI-S--
01140912	Matt.14.9	δοθῆναι	didōmi	V-:-APN----
01141001	Matt.14.10	καὶ	kai	C-:--------
01141002	Matt.14.10	πέμψας	pempō	V-:-AAPNSM-
01141003	Matt.14.10	ἀπεκεφάλισεν	apokephalizō	V-:3AAI-S--
01141004	Matt.14.10	τὸν	ho	RA:----ASM-
01141005	Matt.14.10	Ἰωάννην	iōannēs	N-:----ASM-
01141006	Matt.14.10	ἐν	en	P-:--------
01141007	Matt.14.10	τῇ	ho	RA:----DSF-
01141008	Matt.14.10	φυλακῇ	phylakē	N-:----DSF-
01141101	Matt.14.11	καὶ	kai	C-:--------
01141102	Matt.14.11	ἠνέχθη	pherō	V-:3API-S--
01141103	Matt.14.11	ἡ	ho	RA:----NSF-
01141104	Matt.14.11	κεφαλὴ	kephalē	N-:----NSF-
01141105	Matt.14.11	αὐτοῦ	autos	RP:----GSM-
01141106	Matt.14.11	ἐπὶ	epi	P-:--------
01141107	Matt.14.11	πίνακι	pinax	N-:----DSM-
01141108	Matt.14.11	καὶ	kai	C-:--------
01141109	Matt.14.11	ἐδόθη	didōmi	V-:3API-S--
01141110	Matt.14.11	τῷ	ho	RA:----DSN-
01141111	Matt.14.11	κορασίῳ	korasion	N-:----DSN-
01141112	Matt.14.11	καὶ	kai	C-:--------
01141113	Matt.14.11	ἤνεγκεν	pherō	V-:3AAI-S--
01141114	Matt.14.11	τῇ	ho	RA:----DSF-
01141115	Matt.14.11	μητρὶ	mētēr	N-:----DSF-
01141116	Matt.14.11	αὐτῆς	autos	RP:----GSF-
01141201	Matt.14.12	καὶ	kai	C-:--------
01141202	Matt.14.12	προσελθόντες	proserchomai	V-:-AAPNPM-
01141203	Matt.14.12	οἱ	ho	RA:----NPM-
01141204	Matt.14.12	μαθηταὶ	mathētēs	N-:----NPM-
01141205	Matt.14.12	αὐτοῦ	autos	RP:----GSM-
01141206	Matt.14.12	ἦραν	airō	V-:3AAI-P--
01141207	Matt.14.12	τὸ	ho	RA:----ASN-
01141208	Matt.14.12	πτῶμα	ptōma	N-:----ASN-
01141209	Matt.14.12	καὶ	kai	C-:--------
01141210	Matt.14.12	ἔθαψαν	thaptō	V-:3AAI-P--
01141211	Matt.14.12	αὐτόν	autos	RP:----ASM-
01141212	Matt.14.12	καὶ	kai	C-:--------
01141213	Matt.14.12	ἐλθόντες	erchomai	V-:-AAPNPM-
01141214	Matt.14.12	ἀπήγγειλαν	apangellō	V-:3AAI-P--
01141215	Matt.14.12	τῷ	ho	RA:----DSM-
01141216	Matt.14.12	Ἰησοῦ	iēsous	N-:----DSM-
01141301	Matt.14.13	Ἀκούσας	akouō	V-:-AAPNSM-
01141302	Matt.14.13	δὲ	de	C-:--------
01141303	Matt.14.13	ὁ	ho	RA:----NSM-
01141304	Matt.14.13	Ἰησοῦς	iēsous	N-:----NSM-
01141305	Matt.14.13	ἀνεχώρησεν	anachōreō	V-:3AAI-S--
01141306	Matt.14.13	ἐκεῖθεν	ekeithen	D-:--------
01141307	Matt.14.13	ἐν	en	P-:--------
01141308	Matt.14.13	πλοίῳ	ploion	N-:----DSN-
01141309	Matt.14.13	εἰς	eis	P-:--------
01141310	Matt.14.13	ἔρημον	erēmos	A-:----ASM-
01141311	Matt.14.13	τόπον	topos	N-:----ASM-
01141312	Matt.14.13	κατ’	kata	P-:--------
01141313	Matt.14.13	ἰδίαν	idios	A-:----ASF-
01141314	Matt.14.13	καὶ	kai	C-:--------
01141315	Matt.14.13	ἀκούσαντες	akouō	V-:-AAPNPM-
01141316	Matt.14.13	οἱ	ho	RA:----NPM-
01141317	Matt.14.13	ὄχλοι	ochlos	N-:----NPM-
01141318	Matt.14.13	ἠκολούθησαν	akoloutheō	V-:3AAI-P--
01141319	Matt.14.13	αὐτῷ	autos	RP:----DSM-
01141320	Matt.14.13	πεζῇ	pezē	D-:--------
01141321	Matt.14.13	ἀπὸ	apo	P-:--------
01141322	Matt.14.13	τῶν	ho	RA:----GPF-
01141323	Matt.14.13	πόλεων	polis	N-:----GPF-
01141401	Matt.14.14	καὶ	kai	C-:--------
01141402	Matt.14.14	ἐξελθὼν	exerchomai	V-:-AAPNSM-
01141403	Matt.14.14	εἶδεν	horaō	V-:3AAI-S--
01141404	Matt.14.14	πολὺν	polys	A-:----ASM-
01141405	Matt.14.14	ὄχλον	ochlos	N-:----ASM-
01141406	Matt.14.14	καὶ	kai	C-:--------
01141407	Matt.14.14	ἐσπλαγχνίσθη	splanchnizomai	V-:3API-S--
01141408	Matt.14.14	ἐπ’	epi	P-:--------
01141409	Matt.14.14	αὐτοῖς	autos	RP:----DPM-
01141410	Matt.14.14	καὶ	kai	C-:--------
01141411	Matt.14.14	ἐθεράπευσεν	therapeuō	V-:3AAI-S--
01141412	Matt.14.14	τοὺς	ho	RA:----APM-
01141413	Matt.14.14	ἀρρώστους	arrōstos	A-:----APM-
01141414	Matt.14.14	αὐτῶν	autos	RP:----GPM-
01141501	Matt.14.15	ὀψίας	opsia	A-:----GSF-
01141502	Matt.14.15	δὲ	de	C-:--------
01141503	Matt.14.15	γενομένης	ginomai	V-:-AMPGSF-
01141504	Matt.14.15	προσῆλθον	proserchomai	V-:3AAI-P--
01141505	Matt.14.15	αὐτῷ	autos	RP:----DSM-
01141506	Matt.14.15	οἱ	ho	RA:----NPM-
01141507	Matt.14.15	μαθηταὶ	mathētēs	N-:----NPM-
01141508	Matt.14.15	λέγοντες	legō	V-:-PAPNPM-
01141509	Matt.14.15	Ἔρημός	erēmos	A-:----NSM-
01141510	Matt.14.15	ἐστιν	eimi	V-:3PAI-S--
01141511	Matt.14.15	ὁ	ho	RA:----NSM-
01141512	Matt.14.15	τόπος	topos	N-:----NSM-
01141513	Matt.14.15	καὶ	kai	C-:--------
01141514	Matt.14.15	ἡ	ho	RA:----NSF-
01141515	Matt.14.15	ὥρα	hōra	N-:----NSF-
01141516	Matt.14.15	ἤδη	ēdē	D-:--------
01141517	Matt.14.15	παρῆλθεν	parerchomai	V-:3AAI-S--
01141518	Matt.14.15	ἀπόλυσον	apolyō	V-:2AAD-S--
01141519	Matt.14.15	τοὺς	ho	RA:----APM-
01141520	Matt.14.15	ὄχλους	ochlos	N-:----APM-
01141521	Matt.14.15	ἵνα	hina	C-:--------
01141522	Matt.14.15	ἀπελθόντες	aperchomai	V-:-AAPNPM-
01141523	Matt.14.15	εἰς	eis	P-:--------
01141524	Matt.14.15	τὰς	ho	RA:----APF-
01141525	Matt.14.15	κώμας	kōmē	N-:----APF-
01141526	Matt.14.15	ἀγοράσωσιν	agorazō	V-:3AAS-P--
01141527	Matt.14.15	ἑαυτοῖς	heautou	RP:----DPM-
01141528	Matt.14.15	βρώματα	brōma	N-:----APN-
01141601	Matt.14.16	ὁ	ho	RA:----NSM-
01141602	Matt.14.16	δὲ	de	C-:--------
01141603	Matt.14.16	Ἰησοῦς	iēsous	N-:----NSM-
01141604	Matt.14.16	εἶπεν	legō	V-:3AAI-S--
01141605	Matt.14.16	αὐτοῖς	autos	RP:----DPM-
01141606	Matt.14.16	Οὐ	ou	D-:--------
01141607	Matt.14.16	χρείαν	chreia	N-:----ASF-
01141608	Matt.14.16	ἔχουσιν	echō	V-:3PAI-P--
01141609	Matt.14.16	ἀπελθεῖν	aperchomai	V-:-AAN----
01141610	Matt.14.16	δότε	didōmi	V-:2AAD-P--
01141611	Matt.14.16	αὐτοῖς	autos	RP:----DPM-
01141612	Matt.14.16	ὑμεῖς	sy	RP:----NP--
01141613	Matt.14.16	φαγεῖν	esthiō	V-:-AAN----
01141701	Matt.14.17	οἱ	ho	RA:----NPM-
01141702	Matt.14.17	δὲ	de	C-:--------
01141703	Matt.14.17	λέγουσιν	legō	V-:3PAI-P--
01141704	Matt.14.17	αὐτῷ	autos	RP:----DSM-
01141705	Matt.14.17	Οὐκ	ou	D-:--------
01141706	Matt.14.17	ἔχομεν	echō	V-:1PAI-P--
01141707	Matt.14.17	ὧδε	hōde	D-:--------
01141708	Matt.14.17	εἰ	ei	C-:--------
01141709	Matt.14.17	μὴ	mē	D-:--------
01141710	Matt.14.17	πέντε	pente	A-:----APM-
01141711	Matt.14.17	ἄρτους	artos	N-:----APM-
01141712	Matt.14.17	καὶ	kai	C-:--------
01141713	Matt.14.17	δύο	dyo	A-:----APM-
01141714	Matt.14.17	ἰχθύας	ichthys	N-:----APM-
01141801	Matt.14.18	ὁ	ho	RA:----NSM-
01141802	Matt.14.18	δὲ	de	C-:--------
01141803	Matt.14.18	εἶπεν	legō	V-:3AAI-S--
01141804	Matt.14.18	Φέρετέ	pherō	V-:2PAD-P--
01141805	Matt.14.18	μοι	egō	RP:----DS--
01141806	Matt.14.18	ὧδε	hōde	D-:--------
01141807	Matt.14.18	αὐτούς	autos	RP:----APM-
01141901	Matt.14.19	καὶ	kai	C-:--------
01141902	Matt.14.19	κελεύσας	keleuō	V-:-AAPNSM-
01141903	Matt.14.19	τοὺς	ho	RA:----APM-
01141904	Matt.14.19	ὄχλους	ochlos	N-:----APM-
01141905	Matt.14.19	ἀνακλιθῆναι	anaklinō	V-:-APN----
01141906	Matt.14.19	ἐπὶ	epi	P-:--------
01141907	Matt.14.19	τοῦ	ho	RA:----GSM-
01141908	Matt.14.19	χόρτου	chortos	N-:----GSM-
01141909	Matt.14.19	λαβὼν	lambanō	V-:-AAPNSM-
01141910	Matt.14.19	τοὺς	ho	RA:----APM-
01141911	Matt.14.19	πέντε	pente	A-:----APM-
01141912	Matt.14.19	ἄρτους	artos	N-:----APM-
01141913	Matt.14.19	καὶ	kai	C-:--------
01141914	Matt.14.19	τοὺς	ho	RA:----APM-
01141915	Matt.14.19	δύο	dyo	A-:----APM-
01141916	Matt.14.19	ἰχθύας	ichthys	N-:----APM-
01141917	Matt.14.19	ἀναβλέψας	anablepō	V-:-AAPNSM-
01141918	Matt.14.19	εἰς	eis	P-:--------
01141919	Matt.14.19	τὸν	ho	RA:----ASM-
01141920	Matt.14.19	οὐρανὸν	ouranos	N-:----ASM-
01141921	Matt.14.19	εὐλόγησεν	eulogeō	V-:3AAI-S--
01141922	Matt.14.19	καὶ	kai	C-:--------
01141923	Matt.14.19	κλάσας	klaō	V-:-AAPNSM-
01141924	Matt.14.19	ἔδωκεν	didōmi	V-:3AAI-S--
01141925	Matt.14.19	τοῖς	ho	RA:----DPM-
01141926	Matt.14.19	μαθηταῖς	mathētēs	N-:----DPM-
01141927	Matt.14.19	τοὺς	ho	RA:----APM-
01141928	Matt.14.19	ἄρτους	artos	N-:----APM-
01141929	Matt.14.19	οἱ	ho	RA:----NPM-
01141930	Matt.14.19	δὲ	de	C-:--------
01141931	Matt.14.19	μαθηταὶ	mathētēs	N-:----NPM-
01141932	Matt.14.19	τοῖς	ho	RA:----DPM-
01141933	Matt.14.19	ὄχλοις	ochlos	N-:----DPM-
01142001	Matt.14.20	καὶ	kai	C-:--------
01142002	Matt.14.20	ἔφαγον	esthiō	V-:3AAI-P--
01142003	Matt.14.20	πάντες	pas	A-:----NPM-
01142004	Matt.14.20	καὶ	kai	C-:--------
01142005	Matt.14.20	ἐχορτάσθησαν	chortazō	V-:3API-P--
01142006	Matt.14.20	καὶ	kai	C-:--------
01142007	Matt.14.20	ἦραν	airō	V-:3AAI-P--
01142008	Matt.14.20	τὸ	ho	RA:----ASN-
01142009	Matt.14.20	περισσεῦον	perisseuō	V-:-PAPASN-
01142010	Matt.14.20	τῶν	ho	RA:----GPN-
01142011	Matt.14.20	κλασμάτων	klasma	N-:----GPN-
01142012	Matt.14.20	δώδεκα	dōdeka	A-:----APM-
01142013	Matt.14.20	κοφίνους	kophinos	N-:----APM-
01142014	Matt.14.20	πλήρεις	plērēs	A-:----APM-
01142101	Matt.14.21	οἱ	ho	RA:----NPM-
01142102	Matt.14.21	δὲ	de	C-:--------
01142103	Matt.14.21	ἐσθίοντες	esthiō	V-:-PAPNPM-
01142104	Matt.14.21	ἦσαν	eimi	V-:3IAI-P--
01142105	Matt.14.21	ἄνδρες	anēr	N-:----NPM-
01142106	Matt.14.21	ὡσεὶ	hōsei	D-:--------
01142107	Matt.14.21	πεντακισχίλιοι	pentakischilioi	A-:----NPM-
01142108	Matt.14.21	χωρὶς	chōris	P-:--------
01142109	Matt.14.21	γυναικῶν	gynē	N-:----GPF-
01142110	Matt.14.21	καὶ	kai	C-:--------
01142111	Matt.14.21	παιδίων	paidion	N-:----GPN-
01142201	Matt.14.22	Καὶ	kai	C-:--------
01142202	Matt.14.22	εὐθέως	eutheōs	D-:--------
01142203	Matt.14.22	ἠνάγκασεν	anankazō	V-:3AAI-S--
01142204	Matt.14.22	τοὺς	ho	RA:----APM-
01142205	Matt.14.22	μαθητὰς	mathētēs	N-:----APM-
01142206	Matt.14.22	ἐμβῆναι	embainō	V-:-AAN----
01142207	Matt.14.22	εἰς	eis	P-:--------
01142208	Matt.14.22	πλοῖον	ploion	N-:----ASN-
01142209	Matt.14.22	καὶ	kai	C-:--------
01142210	Matt.14.22	προάγειν	proagō	V-:-PAN----
01142211	Matt.14.22	αὐτὸν	autos	RP:----ASM-
01142212	Matt.14.22	εἰς	eis	P-:--------
01142213	Matt.14.22	τὸ	ho	RA:----ASN-
01142214	Matt.14.22	πέραν	peran	D-:--------
01142215	Matt.14.22	ἕως	heōs	P-:--------
01142216	Matt.14.22	οὗ	hos	RR:----GSM-
01142217	Matt.14.22	ἀπολύσῃ	apolyō	V-:3AAS-S--
01142218	Matt.14.22	τοὺς	ho	RA:----APM-
01142219	Matt.14.22	ὄχλους	ochlos	N-:----APM-
01142301	Matt.14.23	καὶ	kai	C-:--------
01142302	Matt.14.23	ἀπολύσας	apolyō	V-:-AAPNSM-
01142303	Matt.14.23	τοὺς	ho	RA:----APM-
01142304	Matt.14.23	ὄχλους	ochlos	N-:----APM-
01142305	Matt.14.23	ἀνέβη	anabainō	V-:3AAI-S--
01142306	Matt.14.23	εἰς	eis	P-:--------
01142307	Matt.14.23	τὸ	ho	RA:----ASN-
01142308	Matt.14.23	ὄρος	oros	N-:----ASN-
01142309	Matt.14.23	κατ’	kata	P-:--------
01142310	Matt.14.23	ἰδίαν	idios	A-:----ASF-
01142311	Matt.14.23	προσεύξασθαι	proseuchomai	V-:-AMN----
01142312	Matt.14.23	ὀψίας	opsia	A-:----GSF-
01142313	Matt.14.23	δὲ	de	C-:--------
01142314	Matt.14.23	γενομένης	ginomai	V-:-AMPGSF-
01142315	Matt.14.23	μόνος	monos	A-:----NSM-
01142316	Matt.14.23	ἦν	eimi	V-:3IAI-S--
01142317	Matt.14.23	ἐκεῖ	ekei	D-:--------
01142401	Matt.14.24	τὸ	ho	RA:----NSN-
01142402	Matt.14.24	δὲ	de	C-:--------
01142403	Matt.14.24	πλοῖον	ploion	N-:----NSN-
01142404	Matt.14.24	ἤδη	ēdē	D-:--------
01142405	Matt.14.24	σταδίους	stadios	N-:----APM-
01142406	Matt.14.24	πολλοὺς	polys	A-:----APM-
01142407	Matt.14.24	ἀπὸ	apo	P-:--------
01142408	Matt.14.24	τῆς	ho	RA:----GSF-
01142409	Matt.14.24	γῆς	gē	N-:----GSF-
01142410	Matt.14.24	ἀπεῖχεν	apechō	V-:3IAI-S--
01142411	Matt.14.24	βασανιζόμενον	basanizō	V-:-PPPNSN-
01142412	Matt.14.24	ὑπὸ	hypo	P-:--------
01142413	Matt.14.24	τῶν	ho	RA:----GPN-
01142414	Matt.14.24	κυμάτων	kyma	N-:----GPN-
01142415	Matt.14.24	ἦν	eimi	V-:3IAI-S--
01142416	Matt.14.24	γὰρ	gar	C-:--------
01142417	Matt.14.24	ἐναντίος	enantios	A-:----NSM-
01142418	Matt.14.24	ὁ	ho	RA:----NSM-
01142419	Matt.14.24	ἄνεμος	anemos	N-:----NSM-
01142501	Matt.14.25	τετάρτῃ	tetartos	A-:----DSF-
01142502	Matt.14.25	δὲ	de	C-:--------
01142503	Matt.14.25	φυλακῇ	phylakē	N-:----DSF-
01142504	Matt.14.25	τῆς	ho	RA:----GSF-
01142505	Matt.14.25	νυκτὸς	nyx	N-:----GSF-
01142506	Matt.14.25	ἦλθεν	erchomai	V-:3AAI-S--
01142507	Matt.14.25	πρὸς	pros	P-:--------
01142508	Matt.14.25	αὐτοὺς	autos	RP:----APM-
01142509	Matt.14.25	περιπατῶν	peripateō	V-:-PAPNSM-
01142510	Matt.14.25	ἐπὶ	epi	P-:--------
01142511	Matt.14.25	τὴν	ho	RA:----ASF-
01142512	Matt.14.25	θάλασσαν	thalassa	N-:----ASF-
01142601	Matt.14.26	οἱ	ho	RA:----NPM-
01142602	Matt.14.26	δὲ	de	C-:--------
01142603	Matt.14.26	μαθηταὶ	mathētēs	N-:----NPM-
01142604	Matt.14.26	ἰδόντες	horaō	V-:-AAPNPM-
01142605	Matt.14.26	αὐτὸν	autos	RP:----ASM-
01142606	Matt.14.26	ἐπὶ	epi	P-:--------
01142607	Matt.14.26	τῆς	ho	RA:----GSF-
01142608	Matt.14.26	θαλάσσης	thalassa	N-:----GSF-
01142609	Matt.14.26	περιπατοῦντα	peripateō	V-:-PAPASM-
01142610	Matt.14.26	ἐταράχθησαν	tarassō	V-:3API-P--
01142611	Matt.14.26	λέγοντες	legō	V-:-PAPNPM-
01142612	Matt.14.26	ὅτι	hoti	C-:--------
01142613	Matt.14.26	Φάντασμά	phantasma	N-:----NSN-
01142614	Matt.14.26	ἐστιν	eimi	V-:3PAI-S--
01142615	Matt.14.26	καὶ	kai	C-:--------
01142616	Matt.14.26	ἀπὸ	apo	P-:--------
01142617	Matt.14.26	τοῦ	ho	RA:----GSM-
01142618	Matt.14.26	φόβου	phobos	N-:----GSM-
01142619	Matt.14.26	ἔκραξαν	krazō	V-:3AAI-P--
01142701	Matt.14.27	εὐθὺς	euthys	A-:----NSM-
01142702	Matt.14.27	δὲ	de	C-:--------
01142703	Matt.14.27	ἐλάλησεν	laleō	V-:3AAI-S--
01142704	Matt.14.27	αὐτοῖς	autos	RP:----DPM-
01142705	Matt.14.27	ὁ	ho	RA:----NSM-
01142706	Matt.14.27	Ἰησοῦς	iēsous	N-:----NSM-
01142707	Matt.14.27	λέγων	legō	V-:-PAPNSM-
01142708	Matt.14.27	Θαρσεῖτε	tharseō	V-:2PAD-P--
01142709	Matt.14.27	ἐγώ	egō	RP:----NS--
01142710	Matt.14.27	εἰμι	eimi	V-:1PAI-S--
01142711	Matt.14.27	μὴ	mē	D-:--------
01142712	Matt.14.27	φοβεῖσθε	phobeomai	V-:2PMD-P--
01142801	Matt.14.28	Ἀποκριθεὶς	apokrinomai	V-:-APPNSM-
01142802	Matt.14.28	δὲ	de	C-:--------
01142803	Matt.14.28	αὐτῷ	autos	RP:----DSM-
01142804	Matt.14.28	ὁ	ho	RA:----NSM-
01142805	Matt.14.28	Πέτρος	petros	N-:----NSM-
01142806	Matt.14.28	εἶπεν	legō	V-:3AAI-S--
01142807	Matt.14.28	Κύριε	kyrios	N-:----VSM-
01142808	Matt.14.28	εἰ	ei	C-:--------
01142809	Matt.14.28	σὺ	sy	RP:----NS--
01142810	Matt.14.28	εἶ	eimi	V-:2PAI-S--
01142811	Matt.14.28	κέλευσόν	keleuō	V-:2AAD-S--
01142812	Matt.14.28	με	egō	RP:----AS--
01142813	Matt.14.28	ἐλθεῖν	erchomai	V-:-AAN----
01142814	Matt.14.28	πρὸς	pros	P-:--------
01142815	Matt.14.28	σὲ	sy	RP:----AS--
01142816	Matt.14.28	ἐπὶ	epi	P-:--------
01142817	Matt.14.28	τὰ	ho	RA:----APN-
01142818	Matt.14.28	ὕδατα	hydōr	N-:----APN-
01142901	Matt.14.29	ὁ	ho	RA:----NSM-
01142902	Matt.14.29	δὲ	de	C-:--------
01142903	Matt.14.29	εἶπεν	legō	V-:3AAI-S--
01142904	Matt.14.29	Ἐλθέ	erchomai	V-:2AAD-S--
01142905	Matt.14.29	καὶ	kai	C-:--------
01142906	Matt.14.29	καταβὰς	katabainō	V-:-AAPNSM-
01142907	Matt.14.29	ἀπὸ	apo	P-:--------
01142908	Matt.14.29	τοῦ	ho	RA:----GSN-
01142909	Matt.14.29	πλοίου	ploion	N-:----GSN-
01142910	Matt.14.29	Πέτρος	petros	N-:----NSM-
01142911	Matt.14.29	περιεπάτησεν	peripateō	V-:3AAI-S--
01142912	Matt.14.29	ἐπὶ	epi	P-:--------
01142913	Matt.14.29	τὰ	ho	RA:----APN-
01142914	Matt.14.29	ὕδατα	hydōr	N-:----APN-
01142915	Matt.14.29	καὶ	kai	C-:--------
01142916	Matt.14.29	ἦλθεν	erchomai	V-:3AAI-S--
01142917	Matt.14.29	πρὸς	pros	P-:--------
01142918	Matt.14.29	τὸν	ho	RA:----ASM-
01142919	Matt.14.29	Ἰησοῦν	iēsous	N-:----ASM-
01143001	Matt.14.30	βλέπων	blepō	V-:-PAPNSM-
01143002	Matt.14.30	δὲ	de	C-:--------
01143003	Matt.14.30	τὸν	ho	RA:----ASM-
01143004	Matt.14.30	ἄνεμον	anemos	N-:----ASM-
01143005	Matt.14.30	ἰσχυρὸν	ischyros	A-:----ASM-
01143006	Matt.14.30	ἐφοβήθη	phobeomai	V-:3API-S--
01143007	Matt.14.30	καὶ	kai	C-:--------
01143008	Matt.14.30	ἀρξάμενος	archō	V-:-AMPNSM-
01143009	Matt.14.30	καταποντίζεσθαι	katapontizomai	V-:-PPN----
01143010	Matt.14.30	ἔκραξεν	krazō	V-:3AAI-S--
01143011	Matt.14.30	λέγων	legō	V-:-PAPNSM-
01143012	Matt.14.30	Κύριε	kyrios	N-:----VSM-
01143013	Matt.14.30	σῶσόν	sōzō	V-:2AAD-S--
01143014	Matt.14.30	με	egō	RP:----AS--
01143101	Matt.14.31	εὐθέως	eutheōs	D-:--------
01143102	Matt.14.31	δὲ	de	C-:--------
01143103	Matt.14.31	ὁ	ho	RA:----NSM-
01143104	Matt.14.31	Ἰησοῦς	iēsous	N-:----NSM-
01143105	Matt.14.31	ἐκτείνας	ekteinō	V-:-AAPNSM-
01143106	Matt.14.31	τὴν	ho	RA:----ASF-
01143107	Matt.14.31	χεῖρα	cheir	N-:----ASF-
01143108	Matt.14.31	ἐπελάβετο	epilambanomai	V-:3AMI-S--
01143109	Matt.14.31	αὐτοῦ	autos	RP:----GSM-
01143110	Matt.14.31	καὶ	kai	C-:--------
01143111	Matt.14.31	λέγει	legō	V-:3PAI-S--
01143112	Matt.14.31	αὐτῷ	autos	RP:----DSM-
01143113	Matt.14.31	Ὀλιγόπιστε	oligopistos	A-:----VSM-
01143114	Matt.14.31	εἰς	eis	P-:--------
01143115	Matt.14.31	τί	tis	RI:----ASN-
01143116	Matt.14.31	ἐδίστασας	distazō	V-:2AAI-S--
01143201	Matt.14.32	καὶ	kai	C-:--------
01143202	Matt.14.32	ἀναβάντων	anabainō	V-:-AAPGPM-
01143203	Matt.14.32	αὐτῶν	autos	RP:----GPM-
01143204	Matt.14.32	εἰς	eis	P-:--------
01143205	Matt.14.32	τὸ	ho	RA:----ASN-
01143206	Matt.14.32	πλοῖον	ploion	N-:----ASN-
01143207	Matt.14.32	ἐκόπασεν	kopazō	V-:3AAI-S--
01143208	Matt.14.32	ὁ	ho	RA:----NSM-
01143209	Matt.14.32	ἄνεμος	anemos	N-:----NSM-
01143301	Matt.14.33	οἱ	ho	RA:----NPM-
01143302	Matt.14.33	δὲ	de	C-:--------
01143303	Matt.14.33	ἐν	en	P-:--------
01143304	Matt.14.33	τῷ	ho	RA:----DSN-
01143305	Matt.14.33	πλοίῳ	ploion	N-:----DSN-
01143306	Matt.14.33	προσεκύνησαν	proskyneō	V-:3AAI-P--
01143307	Matt.14.33	αὐτῷ	autos	RP:----DSM-
01143308	Matt.14.33	λέγοντες	legō	V-:-PAPNPM-
01143309	Matt.14.33	Ἀληθῶς	alēthōs	D-:--------
01143310	Matt.14.33	θεοῦ	theos	N-:----GSM-
01143311	Matt.14.33	υἱὸς	huios	N-:----NSM-
01143312	Matt.14.33	εἶ	eimi	V-:2PAI-S--
01143401	Matt.14.34	Καὶ	kai	C-:--------
01143402	Matt.14.34	διαπεράσαντες	diaperaō	V-:-AAPNPM-
01143403	Matt.14.34	ἦλθον	erchomai	V-:3AAI-P--
01143404	Matt.14.34	ἐπὶ	epi	P-:--------
01143405	Matt.14.34	τὴν	ho	RA:----ASF-
01143406	Matt.14.34	γῆν	gē	N-:----ASF-
01143407	Matt.14.34	εἰς	eis	P-:--------
01143408	Matt.14.34	Γεννησαρέτ	gennēsaret	N-:----ASF-
01143501	Matt.14.35	καὶ	kai	C-:--------
01143502	Matt.14.35	ἐπιγνόντες	epiginōskō	V-:-AAPNPM-
01143503	Matt.14.35	αὐτὸν	autos	RP:----ASM-
01143504	Matt.14.35	οἱ	ho	RA:----NPM-
01143505	Matt.14.35	ἄνδρες	anēr	N-:----NPM-
01143506	Matt.14.35	τοῦ	ho	RA:----GSM-
01143507	Matt.14.35	τόπου	topos	N-:----GSM-
01143508	Matt.14.35	ἐκείνου	ekeinos	RD:----GSM-
01143509	Matt.14.35	ἀπέστειλαν	apostellō	V-:3AAI-P--
01143510	Matt.14.35	εἰς	eis	P-:--------
01143511	Matt.14.35	ὅλην	holos	A-:----ASF-
01143512	Matt.14.35	τὴν	ho	RA:----ASF-
01143513	Matt.14.35	περίχωρον	perichōros	A-:----ASF-
01143514	Matt.14.35	ἐκείνην	ekeinos	RD:----ASF-
01143515	Matt.14.35	καὶ	kai	C-:--------
01143516	Matt.14.35	προσήνεγκαν	prospherō	V-:3AAI-P--
01143517	Matt.14.35	αὐτῷ	autos	RP:----DSM-
01143518	Matt.14.35	πάντας	pas	A-:----APM-
01143519	Matt.14.35	τοὺς	ho	RA:----APM-
01143520	Matt.14.35	κακῶς	kakōs	D-:--------
01143521	Matt.14.35	ἔχοντας	echō	V-:-PAPAPM-
01143601	Matt.14.36	καὶ	kai	C-:--------
01143602	Matt.14.36	παρεκάλουν	parakaleō	V-:3IAI-P--
01143603	Matt.14.36	αὐτὸν	autos	RP:----ASM-
01143604	Matt.14.36	ἵνα	hina	C-:--------
01143605	Matt.14.36	μόνον	monos	A-:----ASN-
01143606	Matt.14.36	ἅψωνται	haptō	V-:3AMS-P--
01143607	Matt.14.36	τοῦ	ho	RA:----GSN-
01143608	Matt.14.36	κρασπέδου	kraspedon	N-:----GSN-
01143609	Matt.14.36	τοῦ	ho	RA:----GSN-
01143610	Matt.14.36	ἱματίου	himation	N-:----GSN-
01143611	Matt.14.36	αὐτοῦ	autos	RP:----GSM-
01143612	Matt.14.36	καὶ	kai	C-:--------
01143613	Matt.14.36	ὅσοι	hosos	RR:----NPM-
01143614	Matt.14.36	ἥψαντο	haptō	V-:3AMI-P--
01143615	Matt.14.36	διεσώθησαν	diasōzō	V-:3API-P--
01150101	Matt.15.1	Τότε	tote	D-:--------
01150102	Matt.15.1	προσέρχονται	proserchomai	V-:3PMI-P--
01150103	Matt.15.1	τῷ	ho	RA:----DSM-
01150104	Matt.15.1	Ἰησοῦ	iēsous	N-:----DSM-
01150105	Matt.15.1	ἀπὸ	apo	P-:--------
01150106	Matt.15.1	Ἱεροσολύμων	hierosolyma	N-:----GPN-
01150107	Matt.15.1	Φαρισαῖοι	pharisaios	N-:----NPM-
01150108	Matt.15.1	καὶ	kai	C-:--------
01150109	Matt.15.1	γραμματεῖς	grammateus	N-:----NPM-
01150110	Matt.15.1	λέγοντες	legō	V-:-PAPNPM-
01150201	Matt.15.2	Διὰ	dia	P-:--------
01150202	Matt.15.2	τί	tis	RI:----ASN-
01150203	Matt.15.2	οἱ	ho	RA:----NPM-
01150204	Matt.15.2	μαθηταί	mathētēs	N-:----NPM-
01150205	Matt.15.2	σου	sy	RP:----GS--
01150206	Matt.15.2	παραβαίνουσιν	parabainō	V-:3PAI-P--
01150207	Matt.15.2	τὴν	ho	RA:----ASF-
01150208	Matt.15.2	παράδοσιν	paradosis	N-:----ASF-
01150209	Matt.15.2	τῶν	ho	RA:----GPM-
01150210	Matt.15.2	πρεσβυτέρων	presbyteros	A-:----GPM-
01150211	Matt.15.2	οὐ	ou	D-:--------
01150212	Matt.15.2	γὰρ	gar	C-:--------
01150213	Matt.15.2	νίπτονται	niptō	V-:3PMI-P--
01150214	Matt.15.2	τὰς	ho	RA:----APF-
01150215	Matt.15.2	χεῖρας	cheir	N-:----APF-
01150216	Matt.15.2	αὐτῶν	autos	RP:----GPM-
01150217	Matt.15.2	ὅταν	hotan	C-:--------
01150218	Matt.15.2	ἄρτον	artos	N-:----ASM-
01150219	Matt.15.2	ἐσθίωσιν	esthiō	V-:3PAS-P--
01150301	Matt.15.3	ὁ	ho	RA:----NSM-
01150302	Matt.15.3	δὲ	de	C-:--------
01150303	Matt.15.3	ἀποκριθεὶς	apokrinomai	V-:-APPNSM-
01150304	Matt.15.3	εἶπεν	legō	V-:3AAI-S--
01150305	Matt.15.3	αὐτοῖς	autos	RP:----DPM-
01150306	Matt.15.3	Διὰ	dia	P-:--------
01150307	Matt.15.3	τί	tis	RI:----ASN-
01150308	Matt.15.3	καὶ	kai	D-:--------
01150309	Matt.15.3	ὑμεῖς	sy	RP:----NP--
01150310	Matt.15.3	παραβαίνετε	parabainō	V-:2PAI-P--
01150311	Matt.15.3	τὴν	ho	RA:----ASF-
01150312	Matt.15.3	ἐντολὴν	entolē	N-:----ASF-
01150313	Matt.15.3	τοῦ	ho	RA:----GSM-
01150314	Matt.15.3	θεοῦ	theos	N-:----GSM-
01150315	Matt.15.3	διὰ	dia	P-:--------
01150316	Matt.15.3	τὴν	ho	RA:----ASF-
01150317	Matt.15.3	παράδοσιν	paradosis	N-:----ASF-
01150318	Matt.15.3	ὑμῶν	sy	RP:----GP--
01150401	Matt.15.4	ὁ	ho	RA:----NSM-
01150402	Matt.15.4	γὰρ	gar	C-:--------
01150403	Matt.15.4	θεὸς	theos	N-:----NSM-
01150404	Matt.15.4	εἶπεν	legō	V-:3AAI-S--
01150405	Matt.15.4	Τίμα	timaō	V-:2PAD-S--
01150406	Matt.15.4	τὸν	ho	RA:----ASM-
01150407	Matt.15.4	πατέρα	patēr	N-:----ASM-
01150408	Matt.15.4	καὶ	kai	C-:--------
01150409	Matt.15.4	τὴν	ho	RA:----ASF-
01150410	Matt.15.4	μητέρα	mētēr	N-:----ASF-
01150411	Matt.15.4	καί	kai	C-:--------
01150412	Matt.15.4	Ὁ	ho	RA:----NSM-
01150413	Matt.15.4	κακολογῶν	kakologeō	V-:-PAPNSM-
01150414	Matt.15.4	πατέρα	patēr	N-:----ASM-
01150415	Matt.15.4	ἢ	ē	C-:--------
01150416	Matt.15.4	μητέρα	mētēr	N-:----ASF-
01150417	Matt.15.4	θανάτῳ	thanatos	N-:----DSM-
01150418	Matt.15.4	τελευτάτω	teleutaō	V-:3PAD-S--
01150501	Matt.15.5	ὑμεῖς	sy	RP:----NP--
01150502	Matt.15.5	δὲ	de	C-:--------
01150503	Matt.15.5	λέγετε	legō	V-:2PAI-P--
01150504	Matt.15.5	Ὃς	hos	RR:----NSM-
01150505	Matt.15.5	ἂν	an	X-:--------
01150506	Matt.15.5	εἴπῃ	legō	V-:3AAS-S--
01150507	Matt.15.5	τῷ	ho	RA:----DSM-
01150508	Matt.15.5	πατρὶ	patēr	N-:----DSM-
01150509	Matt.15.5	ἢ	ē	C-:--------
01150510	Matt.15.5	τῇ	ho	RA:----DSF-
01150511	Matt.15.5	μητρί	mētēr	N-:----DSF-
01150512	Matt.15.5	Δῶρον	dōron	N-:----NSN-
01150513	Matt.15.5	ὃ	hos	RR:----ASN-
01150514	Matt.15.5	ἐὰν	ean	X-:--------
01150515	Matt.15.5	ἐξ	ek	P-:--------
01150516	Matt.15.5	ἐμοῦ	egō	RP:----GS--
01150517	Matt.15.5	ὠφεληθῇς	ōpheleō	V-:2APS-S--
01150601	Matt.15.6	οὐ	ou	D-:--------
01150602	Matt.15.6	μὴ	mē	D-:--------
01150603	Matt.15.6	τιμήσει	timaō	V-:3FAI-S--
01150604	Matt.15.6	τὸν	ho	RA:----ASM-
01150605	Matt.15.6	πατέρα	patēr	N-:----ASM-
01150606	Matt.15.6	αὐτοῦ	autos	RP:----GSM-
01150607	Matt.15.6	καὶ	kai	C-:--------
01150608	Matt.15.6	ἠκυρώσατε	akyroō	V-:2AAI-P--
01150609	Matt.15.6	τὸν	ho	RA:----ASM-
01150610	Matt.15.6	λόγον	logos	N-:----ASM-
01150611	Matt.15.6	τοῦ	ho	RA:----GSM-
01150612	Matt.15.6	θεοῦ	theos	N-:----GSM-
01150613	Matt.15.6	διὰ	dia	P-:--------
01150614	Matt.15.6	τὴν	ho	RA:----ASF-
01150615	Matt.15.6	παράδοσιν	paradosis	N-:----ASF-
01150616	Matt.15.6	ὑμῶν	sy	RP:----GP--
01150701	Matt.15.7	ὑποκριταί	hypokritēs	N-:----VPM-
01150702	Matt.15.7	καλῶς	kalōs	D-:--------
01150703	Matt.15.7	ἐπροφήτευσεν	prophēteuō	V-:3AAI-S--
01150704	Matt.15.7	περὶ	peri	P-:--------
01150705	Matt.15.7	ὑμῶν	sy	RP:----GP--
01150706	Matt.15.7	Ἠσαΐας	ēsaias	N-:----NSM-
01150707	Matt.15.7	λέγων	legō	V-:-PAPNSM-
01150801	Matt.15.8	Ὁ	ho	RA:----NSM-
01150802	Matt.15.8	λαὸς	laos	N-:----NSM-
01150803	Matt.15.8	οὗτος	houtos	RD:----NSM-
01150804	Matt.15.8	τοῖς	ho	RA:----DPN-
01150805	Matt.15.8	χείλεσίν	cheilos	N-:----DPN-
01150806	Matt.15.8	με	egō	RP:----AS--
01150807	Matt.15.8	τιμᾷ	timaō	V-:3PAI-S--
01150808	Matt.15.8	ἡ	ho	RA:----NSF-
01150809	Matt.15.8	δὲ	de	C-:--------
01150810	Matt.15.8	καρδία	kardia	N-:----NSF-
01150811	Matt.15.8	αὐτῶν	autos	RP:----GPM-
01150812	Matt.15.8	πόρρω	porrō	D-:--------
01150813	Matt.15.8	ἀπέχει	apechō	V-:3PAI-S--
01150814	Matt.15.8	ἀπ’	apo	P-:--------
01150815	Matt.15.8	ἐμοῦ	egō	RP:----GS--
01150901	Matt.15.9	μάτην	matēn	D-:--------
01150902	Matt.15.9	δὲ	de	C-:--------
01150903	Matt.15.9	σέβονταί	sebomai	V-:3PMI-P--
01150904	Matt.15.9	με	egō	RP:----AS--
01150905	Matt.15.9	διδάσκοντες	didaskō	V-:-PAPNPM-
01150906	Matt.15.9	διδασκαλίας	didaskalia	N-:----APF-
01150907	Matt.15.9	ἐντάλματα	entalma	N-:----APN-
01150908	Matt.15.9	ἀνθρώπων	anthrōpos	N-:----GPM-
01151001	Matt.15.10	Καὶ	kai	C-:--------
01151002	Matt.15.10	προσκαλεσάμενος	proskaleomai	V-:-AMPNSM-
01151003	Matt.15.10	τὸν	ho	RA:----ASM-
01151004	Matt.15.10	ὄχλον	ochlos	N-:----ASM-
01151005	Matt.15.10	εἶπεν	legō	V-:3AAI-S--
01151006	Matt.15.10	αὐτοῖς	autos	RP:----DPM-
01151007	Matt.15.10	Ἀκούετε	akouō	V-:2PAD-P--
01151008	Matt.15.10	καὶ	kai	C-:--------
01151009	Matt.15.10	συνίετε	syniēmi	V-:2PAD-P--
01151101	Matt.15.11	οὐ	ou	D-:--------
01151102	Matt.15.11	τὸ	ho	RA:----NSN-
01151103	Matt.15.11	εἰσερχόμενον	eiserchomai	V-:-PMPNSN-
01151104	Matt.15.11	εἰς	eis	P-:--------
01151105	Matt.15.11	τὸ	ho	RA:----ASN-
01151106	Matt.15.11	στόμα	stoma	N-:----ASN-
01151107	Matt.15.11	κοινοῖ	koinoō	V-:3PAI-S--
01151108	Matt.15.11	τὸν	ho	RA:----ASM-
01151109	Matt.15.11	ἄνθρωπον	anthrōpos	N-:----ASM-
01151110	Matt.15.11	ἀλλὰ	alla	C-:--------
01151111	Matt.15.11	τὸ	ho	RA:----NSN-
01151112	Matt.15.11	ἐκπορευόμενον	ekporeuomai	V-:-PMPNSN-
01151113	Matt.15.11	ἐκ	ek	P-:--------
01151114	Matt.15.11	τοῦ	ho	RA:----GSN-
01151115	Matt.15.11	στόματος	stoma	N-:----GSN-
01151116	Matt.15.11	τοῦτο	houtos	RD:----NSN-
01151117	Matt.15.11	κοινοῖ	koinoō	V-:3PAI-S--
01151118	Matt.15.11	τὸν	ho	RA:----ASM-
01151119	Matt.15.11	ἄνθρωπον	anthrōpos	N-:----ASM-
01151201	Matt.15.12	Τότε	tote	D-:--------
01151202	Matt.15.12	προσελθόντες	proserchomai	V-:-AAPNPM-
01151203	Matt.15.12	οἱ	ho	RA:----NPM-
01151204	Matt.15.12	μαθηταὶ	mathētēs	N-:----NPM-
01151205	Matt.15.12	λέγουσιν	legō	V-:3PAI-P--
01151206	Matt.15.12	αὐτῷ	autos	RP:----DSM-
01151207	Matt.15.12	Οἶδας	oida	V-:2XAI-S--
01151208	Matt.15.12	ὅτι	hoti	C-:--------
01151209	Matt.15.12	οἱ	ho	RA:----NPM-
01151210	Matt.15.12	Φαρισαῖοι	pharisaios	N-:----NPM-
01151211	Matt.15.12	ἀκούσαντες	akouō	V-:-AAPNPM-
01151212	Matt.15.12	τὸν	ho	RA:----ASM-
01151213	Matt.15.12	λόγον	logos	N-:----ASM-
01151214	Matt.15.12	ἐσκανδαλίσθησαν	skandalizō	V-:3API-P--
01151301	Matt.15.13	ὁ	ho	RA:----NSM-
01151302	Matt.15.13	δὲ	de	C-:--------
01151303	Matt.15.13	ἀποκριθεὶς	apokrinomai	V-:-APPNSM-
01151304	Matt.15.13	εἶπεν	legō	V-:3AAI-S--
01151305	Matt.15.13	Πᾶσα	pas	A-:----NSF-
01151306	Matt.15.13	φυτεία	phyteia	N-:----NSF-
01151307	Matt.15.13	ἣν	hos	RR:----ASF-
01151308	Matt.15.13	οὐκ	ou	D-:--------
01151309	Matt.15.13	ἐφύτευσεν	phyteuō	V-:3AAI-S--
01151310	Matt.15.13	ὁ	ho	RA:----NSM-
01151311	Matt.15.13	πατήρ	patēr	N-:----NSM-
01151312	Matt.15.13	μου	egō	RP:----GS--
01151313	Matt.15.13	ὁ	ho	RA:----NSM-
01151314	Matt.15.13	οὐράνιος	ouranios	A-:----NSM-
01151315	Matt.15.13	ἐκριζωθήσεται	ekrizoō	V-:3FPI-S--
01151401	Matt.15.14	ἄφετε	aphiēmi	V-:2AAD-P--
01151402	Matt.15.14	αὐτούς	autos	RP:----APM-
01151403	Matt.15.14	τυφλοί	typhlos	A-:----NPM-
01151404	Matt.15.14	εἰσιν	eimi	V-:3PAI-P--
01151405	Matt.15.14	ὁδηγοὶ	hodēgos	N-:----NPM-
01151406	Matt.15.14	τυφλῶν	typhlos	A-:----GPM-
01151407	Matt.15.14	τυφλὸς	typhlos	A-:----NSM-
01151408	Matt.15.14	δὲ	de	C-:--------
01151409	Matt.15.14	τυφλὸν	typhlos	A-:----ASM-
01151410	Matt.15.14	ἐὰν	ean	C-:--------
01151411	Matt.15.14	ὁδηγῇ	hodēgeō	V-:3PAS-S--
01151412	Matt.15.14	ἀμφότεροι	amphoteroi	A-:----NPM-
01151413	Matt.15.14	εἰς	eis	P-:--------
01151414	Matt.15.14	βόθυνον	bothynos	N-:----ASM-
01151415	Matt.15.14	πεσοῦνται	piptō	V-:3FMI-P--
01151501	Matt.15.15	Ἀποκριθεὶς	apokrinomai	V-:-APPNSM-
01151502	Matt.15.15	δὲ	de	C-:--------
01151503	Matt.15.15	ὁ	ho	RA:----NSM-
01151504	Matt.15.15	Πέτρος	petros	N-:----NSM-
01151505	Matt.15.15	εἶπεν	legō	V-:3AAI-S--
01151506	Matt.15.15	αὐτῷ	autos	RP:----DSM-
01151507	Matt.15.15	Φράσον	phrazō	V-:2AAD-S--
01151508	Matt.15.15	ἡμῖν	egō	RP:----DP--
01151509	Matt.15.15	τὴν	ho	RA:----ASF-
01151510	Matt.15.15	παραβολὴν	parabolē	N-:----ASF-
01151511	Matt.15.15	ταύτην	houtos	RD:----ASF-
01151601	Matt.15.16	ὁ	ho	RA:----NSM-
01151602	Matt.15.16	δὲ	de	C-:--------
01151603	Matt.15.16	εἶπεν	legō	V-:3AAI-S--
01151604	Matt.15.16	Ἀκμὴν	akmēn	D-:--------
01151605	Matt.15.16	καὶ	kai	D-:--------
01151606	Matt.15.16	ὑμεῖς	sy	RP:----NP--
01151607	Matt.15.16	ἀσύνετοί	asynetos	A-:----NPM-
01151608	Matt.15.16	ἐστε	eimi	V-:2PAI-P--
01151701	Matt.15.17	οὐ	ou	X-:--------
01151702	Matt.15.17	νοεῖτε	noeō	V-:2PAI-P--
01151703	Matt.15.17	ὅτι	hoti	C-:--------
01151704	Matt.15.17	πᾶν	pas	A-:----NSN-
01151705	Matt.15.17	τὸ	ho	RA:----NSN-
01151706	Matt.15.17	εἰσπορευόμενον	eisporeuomai	V-:-PMPNSN-
01151707	Matt.15.17	εἰς	eis	P-:--------
01151708	Matt.15.17	τὸ	ho	RA:----ASN-
01151709	Matt.15.17	στόμα	stoma	N-:----ASN-
01151710	Matt.15.17	εἰς	eis	P-:--------
01151711	Matt.15.17	τὴν	ho	RA:----ASF-
01151712	Matt.15.17	κοιλίαν	koilia	N-:----ASF-
01151713	Matt.15.17	χωρεῖ	chōreō	V-:3PAI-S--
01151714	Matt.15.17	καὶ	kai	C-:--------
01151715	Matt.15.17	εἰς	eis	P-:--------
01151716	Matt.15.17	ἀφεδρῶνα	aphedrōn	N-:----ASM-
01151717	Matt.15.17	ἐκβάλλεται	ekballō	V-:3PPI-S--
01151801	Matt.15.18	τὰ	ho	RA:----NPN-
01151802	Matt.15.18	δὲ	de	C-:--------
01151803	Matt.15.18	ἐκπορευόμενα	ekporeuomai	V-:-PMPNPN-
01151804	Matt.15.18	ἐκ	ek	P-:--------
01151805	Matt.15.18	τοῦ	ho	RA:----GSN-
01151806	Matt.15.18	στόματος	stoma	N-:----GSN-
01151807	Matt.15.18	ἐκ	ek	P-:--------
01151808	Matt.15.18	τῆς	ho	RA:----GSF-
01151809	Matt.15.18	καρδίας	kardia	N-:----GSF-
01151810	Matt.15.18	ἐξέρχεται	exerchomai	V-:3PMI-S--
01151811	Matt.15.18	κἀκεῖνα	kakeinos	RD:----NPN-
01151812	Matt.15.18	κοινοῖ	koinoō	V-:3PAI-S--
01151813	Matt.15.18	τὸν	ho	RA:----ASM-
01151814	Matt.15.18	ἄνθρωπον	anthrōpos	N-:----ASM-
01151901	Matt.15.19	ἐκ	ek	P-:--------
01151902	Matt.15.19	γὰρ	gar	C-:--------
01151903	Matt.15.19	τῆς	ho	RA:----GSF-
01151904	Matt.15.19	καρδίας	kardia	N-:----GSF-
01151905	Matt.15.19	ἐξέρχονται	exerchomai	V-:3PMI-P--
01151906	Matt.15.19	διαλογισμοὶ	dialogismos	N-:----NPM-
01151907	Matt.15.19	πονηροί	ponēros	A-:----NPM-
01151908	Matt.15.19	φόνοι	phonos	N-:----NPM-
01151909	Matt.15.19	μοιχεῖαι	moicheia	N-:----NPF-
01151910	Matt.15.19	πορνεῖαι	porneia	N-:----NPF-
01151911	Matt.15.19	κλοπαί	klopē	N-:----NPF-
01151912	Matt.15.19	ψευδομαρτυρίαι	pseudomartyria	N-:----NPF-
01151913	Matt.15.19	βλασφημίαι	blasphēmia	N-:----NPF-
01152001	Matt.15.20	ταῦτά	houtos	RD:----NPN-
01152002	Matt.15.20	ἐστιν	eimi	V-:3PAI-S--
01152003	Matt.15.20	τὰ	ho	RA:----NPN-
01152004	Matt.15.20	κοινοῦντα	koinoō	V-:-PAPNPN-
01152005	Matt.15.20	τὸν	ho	RA:----ASM-
01152006	Matt.15.20	ἄνθρωπον	anthrōpos	N-:----ASM-
01152007	Matt.15.20	τὸ	ho	RA:----NSN-
01152008	Matt.15.20	δὲ	de	C-:--------
01152009	Matt.15.20	ἀνίπτοις	aniptos	A-:----DPF-
01152010	Matt.15.20	χερσὶν	cheir	N-:----DPF-
01152011	Matt.15.20	φαγεῖν	esthiō	V-:-AAN----
01152012	Matt.15.20	οὐ	ou	D-:--------
01152013	Matt.15.20	κοινοῖ	koinoō	V-:3PAI-S--
01152014	Matt.15.20	τὸν	ho	RA:----ASM-
01152015	Matt.15.20	ἄνθρωπον	anthrōpos	N-:----ASM-
01152101	Matt.15.21	Καὶ	kai	C-:--------
01152102	Matt.15.21	ἐξελθὼν	exerchomai	V-:-AAPNSM-
01152103	Matt.15.21	ἐκεῖθεν	ekeithen	D-:--------
01152104	Matt.15.21	ὁ	ho	RA:----NSM-
01152105	Matt.15.21	Ἰησοῦς	iēsous	N-:----NSM-
01152106	Matt.15.21	ἀνεχώρησεν	anachōreō	V-:3AAI-S--
01152107	Matt.15.21	εἰς	eis	P-:--------
01152108	Matt.15.21	τὰ	ho	RA:----APN-
01152109	Matt.15.21	μέρη	meros	N-:----APN-
01152110	Matt.15.21	Τύρου	tyros	N-:----GSF-
01152111	Matt.15.21	καὶ	kai	C-:--------
01152112	Matt.15.21	Σιδῶνος	sidōn	N-:----GSF-
01152201	Matt.15.22	καὶ	kai	C-:--------
01152202	Matt.15.22	ἰδοὺ	idou	X-:--------
01152203	Matt.15.22	γυνὴ	gynē	N-:----NSF-
01152204	Matt.15.22	Χαναναία	chananaios	A-:----NSF-
01152205	Matt.15.22	ἀπὸ	apo	P-:--------
01152206	Matt.15.22	τῶν	ho	RA:----GPN-
01152207	Matt.15.22	ὁρίων	horion	N-:----GPN-
01152208	Matt.15.22	ἐκείνων	ekeinos	RD:----GPN-
01152209	Matt.15.22	ἐξελθοῦσα	exerchomai	V-:-AAPNSF-
01152210	Matt.15.22	ἔκραζεν	krazō	V-:3IAI-S--
01152211	Matt.15.22	λέγουσα	legō	V-:-PAPNSF-
01152212	Matt.15.22	Ἐλέησόν	eleaō	V-:2AAD-S--
01152213	Matt.15.22	με	egō	RP:----AS--
01152214	Matt.15.22	κύριε	kyrios	N-:----VSM-
01152215	Matt.15.22	υἱὸς	huios	N-:----NSM-
01152216	Matt.15.22	Δαυίδ	dauid	N-:----GSM-
01152217	Matt.15.22	ἡ	ho	RA:----NSF-
01152218	Matt.15.22	θυγάτηρ	thygatēr	N-:----NSF-
01152219	Matt.15.22	μου	egō	RP:----GS--
01152220	Matt.15.22	κακῶς	kakōs	D-:--------
01152221	Matt.15.22	δαιμονίζεται	daimonizomai	V-:3PMI-S--
01152301	Matt.15.23	ὁ	ho	RA:----NSM-
01152302	Matt.15.23	δὲ	de	C-:--------
01152303	Matt.15.23	οὐκ	ou	D-:--------
01152304	Matt.15.23	ἀπεκρίθη	apokrinomai	V-:3API-S--
01152305	Matt.15.23	αὐτῇ	autos	RP:----DSF-
01152306	Matt.15.23	λόγον	logos	N-:----ASM-
01152307	Matt.15.23	καὶ	kai	C-:--------
01152308	Matt.15.23	προσελθόντες	proserchomai	V-:-AAPNPM-
01152309	Matt.15.23	οἱ	ho	RA:----NPM-
01152310	Matt.15.23	μαθηταὶ	mathētēs	N-:----NPM-
01152311	Matt.15.23	αὐτοῦ	autos	RP:----GSM-
01152312	Matt.15.23	ἠρώτουν	erōtaō	V-:3IAI-P--
01152313	Matt.15.23	αὐτὸν	autos	RP:----ASM-
01152314	Matt.15.23	λέγοντες	legō	V-:-PAPNPM-
01152315	Matt.15.23	Ἀπόλυσον	apolyō	V-:2AAD-S--
01152316	Matt.15.23	αὐτήν	autos	RP:----ASF-
01152317	Matt.15.23	ὅτι	hoti	C-:--------
01152318	Matt.15.23	κράζει	krazō	V-:3PAI-S--
01152319	Matt.15.23	ὄπισθεν	opisthen	P-:--------
01152320	Matt.15.23	ἡμῶν	egō	RP:----GP--
01152401	Matt.15.24	ὁ	ho	RA:----NSM-
01152402	Matt.15.24	δὲ	de	C-:--------
01152403	Matt.15.24	ἀποκριθεὶς	apokrinomai	V-:-APPNSM-
01152404	Matt.15.24	εἶπεν	legō	V-:3AAI-S--
01152405	Matt.15.24	Οὐκ	ou	D-:--------
01152406	Matt.15.24	ἀπεστάλην	apostellō	V-:1API-S--
01152407	Matt.15.24	εἰ	ei	C-:--------
01152408	Matt.15.24	μὴ	mē	D-:--------
01152409	Matt.15.24	εἰς	eis	P-:--------
01152410	Matt.15.24	τὰ	ho	RA:----APN-
01152411	Matt.15.24	πρόβατα	probaton	N-:----APN-
01152412	Matt.15.24	τὰ	ho	RA:----APN-
01152413	Matt.15.24	ἀπολωλότα	apollymi	V-:-XAPAPN-
01152414	Matt.15.24	οἴκου	oikos	N-:----GSM-
01152415	Matt.15.24	Ἰσραήλ	israēl	N-:----GSM-
01152501	Matt.15.25	ἡ	ho	RA:----NSF-
01152502	Matt.15.25	δὲ	de	C-:--------
01152503	Matt.15.25	ἐλθοῦσα	erchomai	V-:-AAPNSF-
01152504	Matt.15.25	προσεκύνει	proskyneō	V-:3IAI-S--
01152505	Matt.15.25	αὐτῷ	autos	RP:----DSM-
01152506	Matt.15.25	λέγουσα	legō	V-:-PAPNSF-
01152507	Matt.15.25	Κύριε	kyrios	N-:----VSM-
01152508	Matt.15.25	βοήθει	boētheō	V-:2PAD-S--
01152509	Matt.15.25	μοι	egō	RP:----DS--
01152601	Matt.15.26	ὁ	ho	RA:----NSM-
01152602	Matt.15.26	δὲ	de	C-:--------
01152603	Matt.15.26	ἀποκριθεὶς	apokrinomai	V-:-APPNSM-
01152604	Matt.15.26	εἶπεν	legō	V-:3AAI-S--
01152605	Matt.15.26	Οὐκ	ou	D-:--------
01152606	Matt.15.26	ἔστιν	eimi	V-:3PAI-S--
01152607	Matt.15.26	καλὸν	kalos	A-:----NSN-
01152608	Matt.15.26	λαβεῖν	lambanō	V-:-AAN----
01152609	Matt.15.26	τὸν	ho	RA:----ASM-
01152610	Matt.15.26	ἄρτον	artos	N-:----ASM-
01152611	Matt.15.26	τῶν	ho	RA:----GPN-
01152612	Matt.15.26	τέκνων	teknon	N-:----GPN-
01152613	Matt.15.26	καὶ	kai	C-:--------
01152614	Matt.15.26	βαλεῖν	ballō	V-:-AAN----
01152615	Matt.15.26	τοῖς	ho	RA:----DPN-
01152616	Matt.15.26	κυναρίοις	kynarion	N-:----DPN-
01152701	Matt.15.27	ἡ	ho	RA:----NSF-
01152702	Matt.15.27	δὲ	de	C-:--------
01152703	Matt.15.27	εἶπεν	legō	V-:3AAI-S--
01152704	Matt.15.27	Ναί	nai	X-:--------
01152705	Matt.15.27	κύριε	kyrios	N-:----VSM-
01152706	Matt.15.27	καὶ	kai	D-:--------
01152707	Matt.15.27	γὰρ	gar	C-:--------
01152708	Matt.15.27	τὰ	ho	RA:----NPN-
01152709	Matt.15.27	κυνάρια	kynarion	N-:----NPN-
01152710	Matt.15.27	ἐσθίει	esthiō	V-:3PAI-S--
01152711	Matt.15.27	ἀπὸ	apo	P-:--------
01152712	Matt.15.27	τῶν	ho	RA:----GPN-
01152713	Matt.15.27	ψιχίων	psix	N-:----GPN-
01152714	Matt.15.27	τῶν	ho	RA:----GPN-
01152715	Matt.15.27	πιπτόντων	piptō	V-:-PAPGPN-
01152716	Matt.15.27	ἀπὸ	apo	P-:--------
01152717	Matt.15.27	τῆς	ho	RA:----GSF-
01152718	Matt.15.27	τραπέζης	trapeza	N-:----GSF-
01152719	Matt.15.27	τῶν	ho	RA:----GPM-
01152720	Matt.15.27	κυρίων	kyrios	N-:----GPM-
01152721	Matt.15.27	αὐτῶν	autos	RP:----GPM-
01152801	Matt.15.28	τότε	tote	D-:--------
01152802	Matt.15.28	ἀποκριθεὶς	apokrinomai	V-:-APPNSM-
01152803	Matt.15.28	ὁ	ho	RA:----NSM-
01152804	Matt.15.28	Ἰησοῦς	iēsous	N-:----NSM-
01152805	Matt.15.28	εἶπεν	legō	V-:3AAI-S--
01152806	Matt.15.28	αὐτῇ	autos	RP:----DSF-
01152807	Matt.15.28	Ὦ	ō	X-:--------
01152808	Matt.15.28	γύναι	gynē	N-:----VSF-
01152809	Matt.15.28	μεγάλη	megas	A-:----NSF-
01152810	Matt.15.28	σου	sy	RP:----GS--
01152811	Matt.15.28	ἡ	ho	RA:----NSF-
01152812	Matt.15.28	πίστις	pistis	N-:----NSF-
01152813	Matt.15.28	γενηθήτω	ginomai	V-:3APD-S--
01152814	Matt.15.28	σοι	sy	RP:----DS--
01152815	Matt.15.28	ὡς	hōs	C-:--------
01152816	Matt.15.28	θέλεις	thelō	V-:2PAI-S--
01152817	Matt.15.28	καὶ	kai	C-:--------
01152818	Matt.15.28	ἰάθη	iaomai	V-:3API-S--
01152819	Matt.15.28	ἡ	ho	RA:----NSF-
01152820	Matt.15.28	θυγάτηρ	thygatēr	N-:----NSF-
01152821	Matt.15.28	αὐτῆς	autos	RP:----GSF-
01152822	Matt.15.28	ἀπὸ	apo	P-:--------
01152823	Matt.15.28	τῆς	ho	RA:----GSF-
01152824	Matt.15.28	ὥρας	hōra	N-:----GSF-
01152825	Matt.15.28	ἐκείνης	ekeinos	RD:----GSF-
01152901	Matt.15.29	Καὶ	kai	C-:--------
01152902	Matt.15.29	μεταβὰς	metabainō	V-:-AAPNSM-
01152903	Matt.15.29	ἐκεῖθεν	ekeithen	D-:--------
01152904	Matt.15.29	ὁ	ho	RA:----NSM-
01152905	Matt.15.29	Ἰησοῦς	iēsous	N-:----NSM-
01152906	Matt.15.29	ἦλθεν	erchomai	V-:3AAI-S--
01152907	Matt.15.29	παρὰ	para	P-:--------
01152908	Matt.15.29	τὴν	ho	RA:----ASF-
01152909	Matt.15.29	θάλασσαν	thalassa	N-:----ASF-
01152910	Matt.15.29	τῆς	ho	RA:----GSF-
01152911	Matt.15.29	Γαλιλαίας	galilaia	N-:----GSF-
01152912	Matt.15.29	καὶ	kai	C-:--------
01152913	Matt.15.29	ἀναβὰς	anabainō	V-:-AAPNSM-
01152914	Matt.15.29	εἰς	eis	P-:--------
01152915	Matt.15.29	τὸ	ho	RA:----ASN-
01152916	Matt.15.29	ὄρος	oros	N-:----ASN-
01152917	Matt.15.29	ἐκάθητο	kathēmai	V-:3IMI-S--
01152918	Matt.15.29	ἐκεῖ	ekei	D-:--------
01153001	Matt.15.30	καὶ	kai	C-:--------
01153002	Matt.15.30	προσῆλθον	proserchomai	V-:3AAI-P--
01153003	Matt.15.30	αὐτῷ	autos	RP:----DSM-
01153004	Matt.15.30	ὄχλοι	ochlos	N-:----NPM-
01153005	Matt.15.30	πολλοὶ	polys	A-:----NPM-
01153006	Matt.15.30	ἔχοντες	echō	V-:-PAPNPM-
01153007	Matt.15.30	μεθ’	meta	P-:--------
01153008	Matt.15.30	ἑαυτῶν	heautou	RP:----GPM-
01153009	Matt.15.30	κωφούς	kōphos	A-:----APM-
01153010	Matt.15.30	τυφλούς	typhlos	A-:----APM-
01153011	Matt.15.30	χωλούς	chōlos	A-:----APM-
01153012	Matt.15.30	κυλλούς	kyllos	A-:----APM-
01153013	Matt.15.30	καὶ	kai	C-:--------
01153014	Matt.15.30	ἑτέρους	heteros	A-:----APM-
01153015	Matt.15.30	πολλούς	polys	A-:----APM-
01153016	Matt.15.30	καὶ	kai	C-:--------
01153017	Matt.15.30	ἔρριψαν	rhiptō	V-:3AAI-P--
01153018	Matt.15.30	αὐτοὺς	autos	RP:----APM-
01153019	Matt.15.30	παρὰ	para	P-:--------
01153020	Matt.15.30	τοὺς	ho	RA:----APM-
01153021	Matt.15.30	πόδας	pous	N-:----APM-
01153022	Matt.15.30	αὐτοῦ	autos	RP:----GSM-
01153023	Matt.15.30	καὶ	kai	C-:--------
01153024	Matt.15.30	ἐθεράπευσεν	therapeuō	V-:3AAI-S--
01153025	Matt.15.30	αὐτούς	autos	RP:----APM-
01153101	Matt.15.31	ὥστε	hōste	C-:--------
01153102	Matt.15.31	τὸν	ho	RA:----ASM-
01153103	Matt.15.31	ὄχλον	ochlos	N-:----ASM-
01153104	Matt.15.31	θαυμάσαι	thaumazō	V-:-AAN----
01153105	Matt.15.31	βλέποντας	blepō	V-:-PAPAPM-
01153106	Matt.15.31	κωφοὺς	kōphos	A-:----APM-
01153107	Matt.15.31	λαλοῦντας	laleō	V-:-PAPAPM-
01153108	Matt.15.31	κυλλοὺς	kyllos	A-:----APM-
01153109	Matt.15.31	ὑγιεῖς	hygiēs	A-:----APM-
01153110	Matt.15.31	καὶ	kai	C-:--------
01153111	Matt.15.31	χωλοὺς	chōlos	A-:----APM-
01153112	Matt.15.31	περιπατοῦντας	peripateō	V-:-PAPAPM-
01153113	Matt.15.31	καὶ	kai	C-:--------
01153114	Matt.15.31	τυφλοὺς	typhlos	A-:----APM-
01153115	Matt.15.31	βλέποντας	blepō	V-:-PAPAPM-
01153116	Matt.15.31	καὶ	kai	C-:--------
01153117	Matt.15.31	ἐδόξασαν	doxazō	V-:3AAI-P--
01153118	Matt.15.31	τὸν	ho	RA:----ASM-
01153119	Matt.15.31	θεὸν	theos	N-:----ASM-
01153120	Matt.15.31	Ἰσραήλ	israēl	N-:----GSM-
01153201	Matt.15.32	Ὁ	ho	RA:----NSM-
01153202	Matt.15.32	δὲ	de	C-:--------
01153203	Matt.15.32	Ἰησοῦς	iēsous	N-:----NSM-
01153204	Matt.15.32	προσκαλεσάμενος	proskaleomai	V-:-AMPNSM-
01153205	Matt.15.32	τοὺς	ho	RA:----APM-
01153206	Matt.15.32	μαθητὰς	mathētēs	N-:----APM-
01153207	Matt.15.32	αὐτοῦ	autos	RP:----GSM-
01153208	Matt.15.32	εἶπεν	legō	V-:3AAI-S--
01153209	Matt.15.32	Σπλαγχνίζομαι	splanchnizomai	V-:1PMI-S--
01153210	Matt.15.32	ἐπὶ	epi	P-:--------
01153211	Matt.15.32	τὸν	ho	RA:----ASM-
01153212	Matt.15.32	ὄχλον	ochlos	N-:----ASM-
01153213	Matt.15.32	ὅτι	hoti	C-:--------
01153214	Matt.15.32	ἤδη	ēdē	D-:--------
01153215	Matt.15.32	ἡμέραι	hēmera	N-:----NPF-
01153216	Matt.15.32	τρεῖς	treis	A-:----NPF-
01153217	Matt.15.32	προσμένουσίν	prosmenō	V-:3PAI-P--
01153218	Matt.15.32	μοι	egō	RP:----DS--
01153219	Matt.15.32	καὶ	kai	C-:--------
01153220	Matt.15.32	οὐκ	ou	D-:--------
01153221	Matt.15.32	ἔχουσιν	echō	V-:3PAI-P--
01153222	Matt.15.32	τί	tis	RI:----ASN-
01153223	Matt.15.32	φάγωσιν	esthiō	V-:3AAS-P--
01153224	Matt.15.32	καὶ	kai	C-:--------
01153225	Matt.15.32	ἀπολῦσαι	apolyō	V-:-AAN----
01153226	Matt.15.32	αὐτοὺς	autos	RP:----APM-
01153227	Matt.15.32	νήστεις	nēstis	A-:----APM-
01153228	Matt.15.32	οὐ	ou	D-:--------
01153229	Matt.15.32	θέλω	thelō	V-:1PAI-S--
01153230	Matt.15.32	μήποτε	mēpote	C-:--------
01153231	Matt.15.32	ἐκλυθῶσιν	eklyomai	V-:3APS-P--
01153232	Matt.15.32	ἐν	en	P-:--------
01153233	Matt.15.32	τῇ	ho	RA:----DSF-
01153234	Matt.15.32	ὁδῷ	hodos	N-:----DSF-
01153301	Matt.15.33	καὶ	kai	C-:--------
01153302	Matt.15.33	λέγουσιν	legō	V-:3PAI-P--
01153303	Matt.15.33	αὐτῷ	autos	RP:----DSM-
01153304	Matt.15.33	οἱ	ho	RA:----NPM-
01153305	Matt.15.33	μαθηταί	mathētēs	N-:----NPM-
01153306	Matt.15.33	Πόθεν	pothen	D-:--------
01153307	Matt.15.33	ἡμῖν	egō	RP:----DP--
01153308	Matt.15.33	ἐν	en	P-:--------
01153309	Matt.15.33	ἐρημίᾳ	erēmia	N-:----DSF-
01153310	Matt.15.33	ἄρτοι	artos	N-:----NPM-
01153311	Matt.15.33	τοσοῦτοι	tosoutos	RD:----NPM-
01153312	Matt.15.33	ὥστε	hōste	C-:--------
01153313	Matt.15.33	χορτάσαι	chortazō	V-:-AAN----
01153314	Matt.15.33	ὄχλον	ochlos	N-:----ASM-
01153315	Matt.15.33	τοσοῦτον	tosoutos	RD:----ASM-
01153401	Matt.15.34	καὶ	kai	C-:--------
01153402	Matt.15.34	λέγει	legō	V-:3PAI-S--
01153403	Matt.15.34	αὐτοῖς	autos	RP:----DPM-
01153404	Matt.15.34	ὁ	ho	RA:----NSM-
01153405	Matt.15.34	Ἰησοῦς	iēsous	N-:----NSM-
01153406	Matt.15.34	Πόσους	posos	RI:----APM-
01153407	Matt.15.34	ἄρτους	artos	N-:----APM-
01153408	Matt.15.34	ἔχετε	echō	V-:2PAI-P--
01153409	Matt.15.34	οἱ	ho	RA:----NPM-
01153410	Matt.15.34	δὲ	de	C-:--------
01153411	Matt.15.34	εἶπαν	legō	V-:3AAI-P--
01153412	Matt.15.34	Ἑπτά	hepta	A-:----APM-
01153413	Matt.15.34	καὶ	kai	C-:--------
01153414	Matt.15.34	ὀλίγα	oligos	A-:----APN-
01153415	Matt.15.34	ἰχθύδια	ichthydion	N-:----APN-
01153501	Matt.15.35	καὶ	kai	C-:--------
01153502	Matt.15.35	παραγγείλας	parangellō	V-:-AAPNSM-
01153503	Matt.15.35	τῷ	ho	RA:----DSM-
01153504	Matt.15.35	ὄχλῳ	ochlos	N-:----DSM-
01153505	Matt.15.35	ἀναπεσεῖν	anapiptō	V-:-AAN----
01153506	Matt.15.35	ἐπὶ	epi	P-:--------
01153507	Matt.15.35	τὴν	ho	RA:----ASF-
01153508	Matt.15.35	γῆν	gē	N-:----ASF-
01153601	Matt.15.36	ἔλαβεν	lambanō	V-:3AAI-S--
01153602	Matt.15.36	τοὺς	ho	RA:----APM-
01153603	Matt.15.36	ἑπτὰ	hepta	A-:----APM-
01153604	Matt.15.36	ἄρτους	artos	N-:----APM-
01153605	Matt.15.36	καὶ	kai	C-:--------
01153606	Matt.15.36	τοὺς	ho	RA:----APM-
01153607	Matt.15.36	ἰχθύας	ichthys	N-:----APM-
01153608	Matt.15.36	καὶ	kai	C-:--------
01153609	Matt.15.36	εὐχαριστήσας	eucharisteō	V-:-AAPNSM-
01153610	Matt.15.36	ἔκλασεν	klaō	V-:3AAI-S--
01153611	Matt.15.36	καὶ	kai	C-:--------
01153612	Matt.15.36	ἐδίδου	didōmi	V-:3IAI-S--
01153613	Matt.15.36	τοῖς	ho	RA:----DPM-
01153614	Matt.15.36	μαθηταῖς	mathētēs	N-:----DPM-
01153615	Matt.15.36	οἱ	ho	RA:----NPM-
01153616	Matt.15.36	δὲ	de	C-:--------
01153617	Matt.15.36	μαθηταὶ	mathētēs	N-:----NPM-
01153618	Matt.15.36	τοῖς	ho	RA:----DPM-
01153619	Matt.15.36	ὄχλοις	ochlos	N-:----DPM-
01153701	Matt.15.37	καὶ	kai	C-:--------
01153702	Matt.15.37	ἔφαγον	esthiō	V-:3AAI-P--
01153703	Matt.15.37	πάντες	pas	A-:----NPM-
01153704	Matt.15.37	καὶ	kai	C-:--------
01153705	Matt.15.37	ἐχορτάσθησαν	chortazō	V-:3API-P--
01153706	Matt.15.37	καὶ	kai	C-:--------
01153707	Matt.15.37	τὸ	ho	RA:----ASN-
01153708	Matt.15.37	περισσεῦον	perisseuō	V-:-PAPASN-
01153709	Matt.15.37	τῶν	ho	RA:----GPN-
01153710	Matt.15.37	κλασμάτων	klasma	N-:----GPN-
01153711	Matt.15.37	ἦραν	airō	V-:3AAI-P--
01153712	Matt.15.37	ἑπτὰ	hepta	A-:----APF-
01153713	Matt.15.37	σπυρίδας	spyris	N-:----APF-
01153714	Matt.15.37	πλήρεις	plērēs	A-:----APF-
01153801	Matt.15.38	οἱ	ho	RA:----NPM-
01153802	Matt.15.38	δὲ	de	C-:--------
01153803	Matt.15.38	ἐσθίοντες	esthiō	V-:-PAPNPM-
01153804	Matt.15.38	ἦσαν	eimi	V-:3IAI-P--
01153805	Matt.15.38	τετρακισχίλιοι	tetrakischilioi	A-:----NPM-
01153806	Matt.15.38	ἄνδρες	anēr	N-:----NPM-
01153807	Matt.15.38	χωρὶς	chōris	P-:--------
01153808	Matt.15.38	γυναικῶν	gynē	N-:----GPF-
01153809	Matt.15.38	καὶ	kai	C-:--------
01153810	Matt.15.38	παιδίων	paidion	N-:----GPN-
01153901	Matt.15.39	καὶ	kai	C-:--------
01153902	Matt.15.39	ἀπολύσας	apolyō	V-:-AAPNSM-
01153903	Matt.15.39	τοὺς	ho	RA:----APM-
01153904	Matt.15.39	ὄχλους	ochlos	N-:----APM-
01153905	Matt.15.39	ἐνέβη	embainō	V-:3AAI-S--
01153906	Matt.15.39	εἰς	eis	P-:--------
01153907	Matt.15.39	τὸ	ho	RA:----ASN-
01153908	Matt.15.39	πλοῖον	ploion	N-:----ASN-
01153909	Matt.15.39	καὶ	kai	C-:--------
01153910	Matt.15.39	ἦλθεν	erchomai	V-:3AAI-S--
01153911	Matt.15.39	εἰς	eis	P-:--------
01153912	Matt.15.39	τὰ	ho	RA:----APN-
01153913	Matt.15.39	ὅρια	horion	N-:----APN-
01153914	Matt.15.39	Μαγαδάν	magadan	N-:----GSF-
01160101	Matt.16.1	Καὶ	kai	C-:--------
01160102	Matt.16.1	προσελθόντες	proserchomai	V-:-AAPNPM-
01160103	Matt.16.1	οἱ	ho	RA:----NPM-
01160104	Matt.16.1	Φαρισαῖοι	pharisaios	N-:----NPM-
01160105	Matt.16.1	καὶ	kai	C-:--------
01160106	Matt.16.1	Σαδδουκαῖοι	saddoukaios	N-:----NPM-
01160107	Matt.16.1	πειράζοντες	peirazō	V-:-PAPNPM-
01160108	Matt.16.1	ἐπηρώτησαν	eperōtaō	V-:3AAI-P--
01160109	Matt.16.1	αὐτὸν	autos	RP:----ASM-
01160110	Matt.16.1	σημεῖον	sēmeion	N-:----ASN-
01160111	Matt.16.1	ἐκ	ek	P-:--------
01160112	Matt.16.1	τοῦ	ho	RA:----GSM-
01160113	Matt.16.1	οὐρανοῦ	ouranos	N-:----GSM-
01160114	Matt.16.1	ἐπιδεῖξαι	epideiknymi	V-:-AAN----
01160115	Matt.16.1	αὐτοῖς	autos	RP:----DPM-
01160201	Matt.16.2	ὁ	ho	RA:----NSM-
01160202	Matt.16.2	δὲ	de	C-:--------
01160203	Matt.16.2	ἀποκριθεὶς	apokrinomai	V-:-APPNSM-
01160204	Matt.16.2	εἶπεν	legō	V-:3AAI-S--
01160205	Matt.16.2	αὐτοῖς	autos	RP:----DPM-
01160206	Matt.16.2	Ὀψίας	opsia	A-:----GSF-
01160207	Matt.16.2	γενομένης	ginomai	V-:-AMPGSF-
01160208	Matt.16.2	λέγετε	legō	V-:2PAI-P--
01160209	Matt.16.2	Εὐδία	eudia	N-:----NSF-
01160210	Matt.16.2	πυρράζει	pyrrazō	V-:3PAI-S--
01160211	Matt.16.2	γὰρ	gar	C-:--------
01160212	Matt.16.2	ὁ	ho	RA:----NSM-
01160213	Matt.16.2	οὐρανός	ouranos	N-:----NSM-
01160301	Matt.16.3	καὶ	kai	C-:--------
01160302	Matt.16.3	πρωΐ	prōi	D-:--------
01160303	Matt.16.3	Σήμερον	sēmeron	D-:--------
01160304	Matt.16.3	χειμών	cheimōn	N-:----NSM-
01160305	Matt.16.3	πυρράζει	pyrrazō	V-:3PAI-S--
01160306	Matt.16.3	γὰρ	gar	C-:--------
01160307	Matt.16.3	στυγνάζων	stygnazō	V-:-PAPNSM-
01160308	Matt.16.3	ὁ	ho	RA:----NSM-
01160309	Matt.16.3	οὐρανός	ouranos	N-:----NSM-
01160310	Matt.16.3	τὸ	ho	RA:----ASN-
01160311	Matt.16.3	μὲν	men	C-:--------
01160312	Matt.16.3	πρόσωπον	prosōpon	N-:----ASN-
01160313	Matt.16.3	τοῦ	ho	RA:----GSM-
01160314	Matt.16.3	οὐρανοῦ	ouranos	N-:----GSM-
01160315	Matt.16.3	γινώσκετε	ginōskō	V-:2PAI-P--
01160316	Matt.16.3	διακρίνειν	diakrinō	V-:-PAN----
01160317	Matt.16.3	τὰ	ho	RA:----APN-
01160318	Matt.16.3	δὲ	de	C-:--------
01160319	Matt.16.3	σημεῖα	sēmeion	N-:----APN-
01160320	Matt.16.3	τῶν	ho	RA:----GPM-
01160321	Matt.16.3	καιρῶν	kairos	N-:----GPM-
01160322	Matt.16.3	οὐ	ou	D-:--------
01160323	Matt.16.3	δύνασθε	dynamai	V-:2PMI-P--
01160401	Matt.16.4	Γενεὰ	genea	N-:----NSF-
01160402	Matt.16.4	πονηρὰ	ponēros	A-:----NSF-
01160403	Matt.16.4	καὶ	kai	C-:--------
01160404	Matt.16.4	μοιχαλὶς	moichalis	A-:----NSF-
01160405	Matt.16.4	σημεῖον	sēmeion	N-:----ASN-
01160406	Matt.16.4	ἐπιζητεῖ	epizēteō	V-:3PAI-S--
01160407	Matt.16.4	καὶ	kai	C-:--------
01160408	Matt.16.4	σημεῖον	sēmeion	N-:----NSN-
01160409	Matt.16.4	οὐ	ou	D-:--------
01160410	Matt.16.4	δοθήσεται	didōmi	V-:3FPI-S--
01160411	Matt.16.4	αὐτῇ	autos	RP:----DSF-
01160412	Matt.16.4	εἰ	ei	C-:--------
01160413	Matt.16.4	μὴ	mē	D-:--------
01160414	Matt.16.4	τὸ	ho	RA:----NSN-
01160415	Matt.16.4	σημεῖον	sēmeion	N-:----NSN-
01160416	Matt.16.4	Ἰωνᾶ	iōnas	N-:----GSM-
01160417	Matt.16.4	καὶ	kai	C-:--------
01160418	Matt.16.4	καταλιπὼν	kataleipō	V-:-AAPNSM-
01160419	Matt.16.4	αὐτοὺς	autos	RP:----APM-
01160420	Matt.16.4	ἀπῆλθεν	aperchomai	V-:3AAI-S--
01160501	Matt.16.5	Καὶ	kai	C-:--------
01160502	Matt.16.5	ἐλθόντες	erchomai	V-:-AAPNPM-
01160503	Matt.16.5	οἱ	ho	RA:----NPM-
01160504	Matt.16.5	μαθηταὶ	mathētēs	N-:----NPM-
01160505	Matt.16.5	εἰς	eis	P-:--------
01160506	Matt.16.5	τὸ	ho	RA:----ASN-
01160507	Matt.16.5	πέραν	peran	D-:--------
01160508	Matt.16.5	ἐπελάθοντο	epilanthanomai	V-:3AMI-P--
01160509	Matt.16.5	ἄρτους	artos	N-:----APM-
01160510	Matt.16.5	λαβεῖν	lambanō	V-:-AAN----
01160601	Matt.16.6	ὁ	ho	RA:----NSM-
01160602	Matt.16.6	δὲ	de	C-:--------
01160603	Matt.16.6	Ἰησοῦς	iēsous	N-:----NSM-
01160604	Matt.16.6	εἶπεν	legō	V-:3AAI-S--
01160605	Matt.16.6	αὐτοῖς	autos	RP:----DPM-
01160606	Matt.16.6	Ὁρᾶτε	horaō	V-:2PAD-P--
01160607	Matt.16.6	καὶ	kai	C-:--------
01160608	Matt.16.6	προσέχετε	prosechō	V-:2PAD-P--
01160609	Matt.16.6	ἀπὸ	apo	P-:--------
01160610	Matt.16.6	τῆς	ho	RA:----GSF-
01160611	Matt.16.6	ζύμης	zymē	N-:----GSF-
01160612	Matt.16.6	τῶν	ho	RA:----GPM-
01160613	Matt.16.6	Φαρισαίων	pharisaios	N-:----GPM-
01160614	Matt.16.6	καὶ	kai	C-:--------
01160615	Matt.16.6	Σαδδουκαίων	saddoukaios	N-:----GPM-
01160701	Matt.16.7	οἱ	ho	RA:----NPM-
01160702	Matt.16.7	δὲ	de	C-:--------
01160703	Matt.16.7	διελογίζοντο	dialogizomai	V-:3IMI-P--
01160704	Matt.16.7	ἐν	en	P-:--------
01160705	Matt.16.7	ἑαυτοῖς	heautou	RP:----DPM-
01160706	Matt.16.7	λέγοντες	legō	V-:-PAPNPM-
01160707	Matt.16.7	ὅτι	hoti	C-:--------
01160708	Matt.16.7	Ἄρτους	artos	N-:----APM-
01160709	Matt.16.7	οὐκ	ou	D-:--------
01160710	Matt.16.7	ἐλάβομεν	lambanō	V-:1AAI-P--
01160801	Matt.16.8	γνοὺς	ginōskō	V-:-AAPNSM-
01160802	Matt.16.8	δὲ	de	C-:--------
01160803	Matt.16.8	ὁ	ho	RA:----NSM-
01160804	Matt.16.8	Ἰησοῦς	iēsous	N-:----NSM-
01160805	Matt.16.8	εἶπεν	legō	V-:3AAI-S--
01160806	Matt.16.8	Τί	tis	RI:----ASN-
01160807	Matt.16.8	διαλογίζεσθε	dialogizomai	V-:2PMI-P--
01160808	Matt.16.8	ἐν	en	P-:--------
01160809	Matt.16.8	ἑαυτοῖς	heautou	RP:----DPM-
01160810	Matt.16.8	ὀλιγόπιστοι	oligopistos	A-:----VPM-
01160811	Matt.16.8	ὅτι	hoti	C-:--------
01160812	Matt.16.8	ἄρτους	artos	N-:----APM-
01160813	Matt.16.8	οὐκ	ou	D-:--------
01160814	Matt.16.8	ἐλάβετε	lambanō	V-:2AAI-P--
01160901	Matt.16.9	οὔπω	oupō	D-:--------
01160902	Matt.16.9	νοεῖτε	noeō	V-:2PAI-P--
01160903	Matt.16.9	οὐδὲ	oude	C-:--------
01160904	Matt.16.9	μνημονεύετε	mnēmoneuō	V-:2PAI-P--
01160905	Matt.16.9	τοὺς	ho	RA:----APM-
01160906	Matt.16.9	πέντε	pente	A-:----APM-
01160907	Matt.16.9	ἄρτους	artos	N-:----APM-
01160908	Matt.16.9	τῶν	ho	RA:----GPM-
01160909	Matt.16.9	πεντακισχιλίων	pentakischilioi	A-:----GPM-
01160910	Matt.16.9	καὶ	kai	C-:--------
01160911	Matt.16.9	πόσους	posos	RI:----APM-
01160912	Matt.16.9	κοφίνους	kophinos	N-:----APM-
01160913	Matt.16.9	ἐλάβετε	lambanō	V-:2AAI-P--
01161001	Matt.16.10	οὐδὲ	oude	C-:--------
01161002	Matt.16.10	τοὺς	ho	RA:----APM-
01161003	Matt.16.10	ἑπτὰ	hepta	A-:----APM-
01161004	Matt.16.10	ἄρτους	artos	N-:----APM-
01161005	Matt.16.10	τῶν	ho	RA:----GPM-
01161006	Matt.16.10	τετρακισχιλίων	tetrakischilioi	A-:----GPM-
01161007	Matt.16.10	καὶ	kai	C-:--------
01161008	Matt.16.10	πόσας	posos	RI:----APF-
01161009	Matt.16.10	σπυρίδας	spyris	N-:----APF-
01161010	Matt.16.10	ἐλάβετε	lambanō	V-:2AAI-P--
01161101	Matt.16.11	πῶς	pōs	D-:--------
01161102	Matt.16.11	οὐ	ou	D-:--------
01161103	Matt.16.11	νοεῖτε	noeō	V-:2PAI-P--
01161104	Matt.16.11	ὅτι	hoti	C-:--------
01161105	Matt.16.11	οὐ	ou	D-:--------
01161106	Matt.16.11	περὶ	peri	P-:--------
01161107	Matt.16.11	ἄρτων	artos	N-:----GPM-
01161108	Matt.16.11	εἶπον	legō	V-:1AAI-S--
01161109	Matt.16.11	ὑμῖν	sy	RP:----DP--
01161110	Matt.16.11	προσέχετε	prosechō	V-:2PAD-P--
01161111	Matt.16.11	δὲ	de	C-:--------
01161112	Matt.16.11	ἀπὸ	apo	P-:--------
01161113	Matt.16.11	τῆς	ho	RA:----GSF-
01161114	Matt.16.11	ζύμης	zymē	N-:----GSF-
01161115	Matt.16.11	τῶν	ho	RA:----GPM-
01161116	Matt.16.11	Φαρισαίων	pharisaios	N-:----GPM-
01161117	Matt.16.11	καὶ	kai	C-:--------
01161118	Matt.16.11	Σαδδουκαίων	saddoukaios	N-:----GPM-
01161201	Matt.16.12	τότε	tote	D-:--------
01161202	Matt.16.12	συνῆκαν	syniēmi	V-:3AAI-P--
01161203	Matt.16.12	ὅτι	hoti	C-:--------
01161204	Matt.16.12	οὐκ	ou	D-:--------
01161205	Matt.16.12	εἶπεν	legō	V-:3AAI-S--
01161206	Matt.16.12	προσέχειν	prosechō	V-:-PAN----
01161207	Matt.16.12	ἀπὸ	apo	P-:--------
01161208	Matt.16.12	τῆς	ho	RA:----GSF-
01161209	Matt.16.12	ζύμης	zymē	N-:----GSF-
01161210	Matt.16.12	τῶν	ho	RA:----GPM-
01161211	Matt.16.12	ἄρτων	artos	N-:----GPM-
01161212	Matt.16.12	ἀλλὰ	alla	C-:--------
01161213	Matt.16.12	ἀπὸ	apo	P-:--------
01161214	Matt.16.12	τῆς	ho	RA:----GSF-
01161215	Matt.16.12	διδαχῆς	didachē	N-:----GSF-
01161216	Matt.16.12	τῶν	ho	RA:----GPM-
01161217	Matt.16.12	Φαρισαίων	pharisaios	N-:----GPM-
01161218	Matt.16.12	καὶ	kai	C-:--------
01161219	Matt.16.12	Σαδδουκαίων	saddoukaios	N-:----GPM-
01161301	Matt.16.13	Ἐλθὼν	erchomai	V-:-AAPNSM-
01161302	Matt.16.13	δὲ	de	C-:--------
01161303	Matt.16.13	ὁ	ho	RA:----NSM-
01161304	Matt.16.13	Ἰησοῦς	iēsous	N-:----NSM-
01161305	Matt.16.13	εἰς	eis	P-:--------
01161306	Matt.16.13	τὰ	ho	RA:----APN-
01161307	Matt.16.13	μέρη	meros	N-:----APN-
01161308	Matt.16.13	Καισαρείας	kaisareia	N-:----GSF-
01161309	Matt.16.13	τῆς	ho	RA:----GSF-
01161310	Matt.16.13	Φιλίππου	philippos	N-:----GSM-
01161311	Matt.16.13	ἠρώτα	erōtaō	V-:3IAI-S--
01161312	Matt.16.13	τοὺς	ho	RA:----APM-
01161313	Matt.16.13	μαθητὰς	mathētēs	N-:----APM-
01161314	Matt.16.13	αὐτοῦ	autos	RP:----GSM-
01161315	Matt.16.13	λέγων	legō	V-:-PAPNSM-
01161316	Matt.16.13	Τίνα	tis	RI:----ASM-
01161317	Matt.16.13	λέγουσιν	legō	V-:3PAI-P--
01161318	Matt.16.13	οἱ	ho	RA:----NPM-
01161319	Matt.16.13	ἄνθρωποι	anthrōpos	N-:----NPM-
01161320	Matt.16.13	εἶναι	eimi	V-:-PAN----
01161321	Matt.16.13	τὸν	ho	RA:----ASM-
01161322	Matt.16.13	υἱὸν	huios	N-:----ASM-
01161323	Matt.16.13	τοῦ	ho	RA:----GSM-
01161324	Matt.16.13	ἀνθρώπου	anthrōpos	N-:----GSM-
01161401	Matt.16.14	οἱ	ho	RA:----NPM-
01161402	Matt.16.14	δὲ	de	C-:--------
01161403	Matt.16.14	εἶπαν	legō	V-:3AAI-P--
01161404	Matt.16.14	Οἱ	ho	RA:----NPM-
01161405	Matt.16.14	μὲν	men	C-:--------
01161406	Matt.16.14	Ἰωάννην	iōannēs	N-:----ASM-
01161407	Matt.16.14	τὸν	ho	RA:----ASM-
01161408	Matt.16.14	βαπτιστήν	baptistēs	N-:----ASM-
01161409	Matt.16.14	ἄλλοι	allos	A-:----NPM-
01161410	Matt.16.14	δὲ	de	C-:--------
01161411	Matt.16.14	Ἠλίαν	ēlias	N-:----ASM-
01161412	Matt.16.14	ἕτεροι	heteros	A-:----NPM-
01161413	Matt.16.14	δὲ	de	C-:--------
01161414	Matt.16.14	Ἰερεμίαν	ieremias	N-:----ASM-
01161415	Matt.16.14	ἢ	ē	C-:--------
01161416	Matt.16.14	ἕνα	heis	A-:----ASM-
01161417	Matt.16.14	τῶν	ho	RA:----GPM-
01161418	Matt.16.14	προφητῶν	prophētēs	N-:----GPM-
01161501	Matt.16.15	λέγει	legō	V-:3PAI-S--
01161502	Matt.16.15	αὐτοῖς	autos	RP:----DPM-
01161503	Matt.16.15	Ὑμεῖς	sy	RP:----NP--
01161504	Matt.16.15	δὲ	de	C-:--------
01161505	Matt.16.15	τίνα	tis	RI:----ASM-
01161506	Matt.16.15	με	egō	RP:----AS--
01161507	Matt.16.15	λέγετε	legō	V-:2PAI-P--
01161508	Matt.16.15	εἶναι	eimi	V-:-PAN----
01161601	Matt.16.16	ἀποκριθεὶς	apokrinomai	V-:-APPNSM-
01161602	Matt.16.16	δὲ	de	C-:--------
01161603	Matt.16.16	Σίμων	simōn	N-:----NSM-
01161604	Matt.16.16	Πέτρος	petros	N-:----NSM-
01161605	Matt.16.16	εἶπεν	legō	V-:3AAI-S--
01161606	Matt.16.16	Σὺ	sy	RP:----NS--
01161607	Matt.16.16	εἶ	eimi	V-:2PAI-S--
01161608	Matt.16.16	ὁ	ho	RA:----NSM-
01161609	Matt.16.16	χριστὸς	christos	N-:----NSM-
01161610	Matt.16.16	ὁ	ho	RA:----NSM-
01161611	Matt.16.16	υἱὸς	huios	N-:----NSM-
01161612	Matt.16.16	τοῦ	ho	RA:----GSM-
01161613	Matt.16.16	θεοῦ	theos	N-:----GSM-
01161614	Matt.16.16	τοῦ	ho	RA:----GSM-
01161615	Matt.16.16	ζῶντος	zaō	V-:-PAPGSM-
01161701	Matt.16.17	ἀποκριθεὶς	apokrinomai	V-:-APPNSM-
01161702	Matt.16.17	δὲ	de	C-:--------
01161703	Matt.16.17	ὁ	ho	RA:----NSM-
01161704	Matt.16.17	Ἰησοῦς	iēsous	N-:----NSM-
01161705	Matt.16.17	εἶπεν	legō	V-:3AAI-S--
01161706	Matt.16.17	αὐτῷ	autos	RP:----DSM-
01161707	Matt.16.17	Μακάριος	makarios	A-:----NSM-
01161708	Matt.16.17	εἶ	eimi	V-:2PAI-S--
01161709	Matt.16.17	Σίμων	simōn	N-:----VSM-
01161710	Matt.16.17	Βαριωνᾶ	bariōna	N-:----VSM-
01161711	Matt.16.17	ὅτι	hoti	C-:--------
01161712	Matt.16.17	σὰρξ	sarx	N-:----NSF-
01161713	Matt.16.17	καὶ	kai	C-:--------
01161714	Matt.16.17	αἷμα	haima	N-:----NSN-
01161715	Matt.16.17	οὐκ	ou	D-:--------
01161716	Matt.16.17	ἀπεκάλυψέν	apokalyptō	V-:3AAI-S--
01161717	Matt.16.17	σοι	sy	RP:----DS--
01161718	Matt.16.17	ἀλλ’	alla	C-:--------
01161719	Matt.16.17	ὁ	ho	RA:----NSM-
01161720	Matt.16.17	πατήρ	patēr	N-:----NSM-
01161721	Matt.16.17	μου	egō	RP:----GS--
01161722	Matt.16.17	ὁ	ho	RA:----NSM-
01161723	Matt.16.17	ἐν	en	P-:--------
01161724	Matt.16.17	τοῖς	ho	RA:----DPM-
01161725	Matt.16.17	οὐρανοῖς	ouranos	N-:----DPM-
01161801	Matt.16.18	κἀγὼ	kagō	RP:----NS--
01161802	Matt.16.18	δέ	de	C-:--------
01161803	Matt.16.18	σοι	sy	RP:----DS--
01161804	Matt.16.18	λέγω	legō	V-:1PAI-S--
01161805	Matt.16.18	ὅτι	hoti	C-:--------
01161806	Matt.16.18	σὺ	sy	RP:----NS--
01161807	Matt.16.18	εἶ	eimi	V-:2PAI-S--
01161808	Matt.16.18	Πέτρος	petros	N-:----NSM-
01161809	Matt.16.18	καὶ	kai	C-:--------
01161810	Matt.16.18	ἐπὶ	epi	P-:--------
01161811	Matt.16.18	ταύτῃ	houtos	RD:----DSF-
01161812	Matt.16.18	τῇ	ho	RA:----DSF-
01161813	Matt.16.18	πέτρᾳ	petra	N-:----DSF-
01161814	Matt.16.18	οἰκοδομήσω	oikodomeō	V-:1FAI-S--
01161815	Matt.16.18	μου	egō	RP:----GS--
01161816	Matt.16.18	τὴν	ho	RA:----ASF-
01161817	Matt.16.18	ἐκκλησίαν	ekklēsia	N-:----ASF-
01161818	Matt.16.18	καὶ	kai	C-:--------
01161819	Matt.16.18	πύλαι	pylē	N-:----NPF-
01161820	Matt.16.18	ᾅδου	hadēs	N-:----GSM-
01161821	Matt.16.18	οὐ	ou	D-:--------
01161822	Matt.16.18	κατισχύσουσιν	katischyō	V-:3FAI-P--
01161823	Matt.16.18	αὐτῆς	autos	RP:----GSF-
01161901	Matt.16.19	δώσω	didōmi	V-:1FAI-S--
01161902	Matt.16.19	σοι	sy	RP:----DS--
01161903	Matt.16.19	τὰς	ho	RA:----APF-
01161904	Matt.16.19	κλεῖδας	kleis	N-:----APF-
01161905	Matt.16.19	τῆς	ho	RA:----GSF-
01161906	Matt.16.19	βασιλείας	basileia	N-:----GSF-
01161907	Matt.16.19	τῶν	ho	RA:----GPM-
01161908	Matt.16.19	οὐρανῶν	ouranos	N-:----GPM-
01161909	Matt.16.19	καὶ	kai	C-:--------
01161910	Matt.16.19	ὃ	hos	RR:----ASN-
01161911	Matt.16.19	ἐὰν	ean	X-:--------
01161912	Matt.16.19	δήσῃς	deō	V-:2AAS-S--
01161913	Matt.16.19	ἐπὶ	epi	P-:--------
01161914	Matt.16.19	τῆς	ho	RA:----GSF-
01161915	Matt.16.19	γῆς	gē	N-:----GSF-
01161916	Matt.16.19	ἔσται	eimi	V-:3FMI-S--
01161917	Matt.16.19	δεδεμένον	deō	V-:-XPPNSN-
01161918	Matt.16.19	ἐν	en	P-:--------
01161919	Matt.16.19	τοῖς	ho	RA:----DPM-
01161920	Matt.16.19	οὐρανοῖς	ouranos	N-:----DPM-
01161921	Matt.16.19	καὶ	kai	C-:--------
01161922	Matt.16.19	ὃ	hos	RR:----ASN-
01161923	Matt.16.19	ἐὰν	ean	X-:--------
01161924	Matt.16.19	λύσῃς	lyō	V-:2AAS-S--
01161925	Matt.16.19	ἐπὶ	epi	P-:--------
01161926	Matt.16.19	τῆς	ho	RA:----GSF-
01161927	Matt.16.19	γῆς	gē	N-:----GSF-
01161928	Matt.16.19	ἔσται	eimi	V-:3FMI-S--
01161929	Matt.16.19	λελυμένον	lyō	V-:-XPPNSN-
01161930	Matt.16.19	ἐν	en	P-:--------
01161931	Matt.16.19	τοῖς	ho	RA:----DPM-
01161932	Matt.16.19	οὐρανοῖς	ouranos	N-:----DPM-
01162001	Matt.16.20	τότε	tote	D-:--------
01162002	Matt.16.20	διεστείλατο	diastellomai	V-:3AMI-S--
01162003	Matt.16.20	τοῖς	ho	RA:----DPM-
01162004	Matt.16.20	μαθηταῖς	mathētēs	N-:----DPM-
01162005	Matt.16.20	ἵνα	hina	C-:--------
01162006	Matt.16.20	μηδενὶ	mēdeis	A-:----DSM-
01162007	Matt.16.20	εἴπωσιν	legō	V-:3AAS-P--
01162008	Matt.16.20	ὅτι	hoti	C-:--------
01162009	Matt.16.20	αὐτός	autos	RP:----NSM-
01162010	Matt.16.20	ἐστιν	eimi	V-:3PAI-S--
01162011	Matt.16.20	ὁ	ho	RA:----NSM-
01162012	Matt.16.20	χριστός	christos	N-:----NSM-
01162101	Matt.16.21	Ἀπὸ	apo	P-:--------
01162102	Matt.16.21	τότε	tote	D-:--------
01162103	Matt.16.21	ἤρξατο	archō	V-:3AMI-S--
01162104	Matt.16.21	ὁ	ho	RA:----NSM-
01162105	Matt.16.21	Ἰησοῦς	iēsous	N-:----NSM-
01162106	Matt.16.21	δεικνύειν	deiknymi	V-:-PAN----
01162107	Matt.16.21	τοῖς	ho	RA:----DPM-
01162108	Matt.16.21	μαθηταῖς	mathētēs	N-:----DPM-
01162109	Matt.16.21	αὐτοῦ	autos	RP:----GSM-
01162110	Matt.16.21	ὅτι	hoti	C-:--------
01162111	Matt.16.21	δεῖ	deō	V-:3PAI-S--
01162112	Matt.16.21	αὐτὸν	autos	RP:----ASM-
01162113	Matt.16.21	εἰς	eis	P-:--------
01162114	Matt.16.21	Ἱεροσόλυμα	hierosolyma	N-:----APN-
01162115	Matt.16.21	ἀπελθεῖν	aperchomai	V-:-AAN----
01162116	Matt.16.21	καὶ	kai	C-:--------
01162117	Matt.16.21	πολλὰ	polys	A-:----APN-
01162118	Matt.16.21	παθεῖν	paschō	V-:-AAN----
01162119	Matt.16.21	ἀπὸ	apo	P-:--------
01162120	Matt.16.21	τῶν	ho	RA:----GPM-
01162121	Matt.16.21	πρεσβυτέρων	presbyteros	A-:----GPM-
01162122	Matt.16.21	καὶ	kai	C-:--------
01162123	Matt.16.21	ἀρχιερέων	archiereus	N-:----GPM-
01162124	Matt.16.21	καὶ	kai	C-:--------
01162125	Matt.16.21	γραμματέων	grammateus	N-:----GPM-
01162126	Matt.16.21	καὶ	kai	C-:--------
01162127	Matt.16.21	ἀποκτανθῆναι	apokteinō	V-:-APN----
01162128	Matt.16.21	καὶ	kai	C-:--------
01162129	Matt.16.21	τῇ	ho	RA:----DSF-
01162130	Matt.16.21	τρίτῃ	tritos	A-:----DSF-
01162131	Matt.16.21	ἡμέρᾳ	hēmera	N-:----DSF-
01162132	Matt.16.21	ἐγερθῆναι	egeirō	V-:-APN----
01162201	Matt.16.22	καὶ	kai	C-:--------
01162202	Matt.16.22	προσλαβόμενος	proslambanomai	V-:-AMPNSM-
01162203	Matt.16.22	αὐτὸν	autos	RP:----ASM-
01162204	Matt.16.22	ὁ	ho	RA:----NSM-
01162205	Matt.16.22	Πέτρος	petros	N-:----NSM-
01162206	Matt.16.22	ἤρξατο	archō	V-:3AMI-S--
01162207	Matt.16.22	ἐπιτιμᾶν	epitimaō	V-:-PAN----
01162208	Matt.16.22	αὐτῷ	autos	RP:----DSM-
01162209	Matt.16.22	λέγων	legō	V-:-PAPNSM-
01162210	Matt.16.22	Ἵλεώς	hileōs	A-:----NSM-
01162211	Matt.16.22	σοι	sy	RP:----DS--
01162212	Matt.16.22	κύριε	kyrios	N-:----VSM-
01162213	Matt.16.22	οὐ	ou	D-:--------
01162214	Matt.16.22	μὴ	mē	D-:--------
01162215	Matt.16.22	ἔσται	eimi	V-:3FMI-S--
01162216	Matt.16.22	σοι	sy	RP:----DS--
01162217	Matt.16.22	τοῦτο	houtos	RD:----NSN-
01162301	Matt.16.23	ὁ	ho	RA:----NSM-
01162302	Matt.16.23	δὲ	de	C-:--------
01162303	Matt.16.23	στραφεὶς	strephō	V-:-APPNSM-
01162304	Matt.16.23	εἶπεν	legō	V-:3AAI-S--
01162305	Matt.16.23	τῷ	ho	RA:----DSM-
01162306	Matt.16.23	Πέτρῳ	petros	N-:----DSM-
01162307	Matt.16.23	Ὕπαγε	hypagō	V-:2PAD-S--
01162308	Matt.16.23	ὀπίσω	opisō	P-:--------
01162309	Matt.16.23	μου	egō	RP:----GS--
01162310	Matt.16.23	Σατανᾶ	satanas	N-:----VSM-
01162311	Matt.16.23	σκάνδαλον	skandalon	N-:----NSN-
01162312	Matt.16.23	εἶ	eimi	V-:2PAI-S--
01162313	Matt.16.23	ἐμοῦ	egō	RP:----GS--
01162314	Matt.16.23	ὅτι	hoti	C-:--------
01162315	Matt.16.23	οὐ	ou	D-:--------
01162316	Matt.16.23	φρονεῖς	phroneō	V-:2PAI-S--
01162317	Matt.16.23	τὰ	ho	RA:----APN-
01162318	Matt.16.23	τοῦ	ho	RA:----GSM-
01162319	Matt.16.23	θεοῦ	theos	N-:----GSM-
01162320	Matt.16.23	ἀλλὰ	alla	C-:--------
01162321	Matt.16.23	τὰ	ho	RA:----APN-
01162322	Matt.16.23	τῶν	ho	RA:----GPM-
01162323	Matt.16.23	ἀνθρώπων	anthrōpos	N-:----GPM-
01162401	Matt.16.24	Τότε	tote	D-:--------
01162402	Matt.16.24	ὁ	ho	RA:----NSM-
01162403	Matt.16.24	Ἰησοῦς	iēsous	N-:----NSM-
01162404	Matt.16.24	εἶπεν	legō	V-:3AAI-S--
01162405	Matt.16.24	τοῖς	ho	RA:----DPM-
01162406	Matt.16.24	μαθηταῖς	mathētēs	N-:----DPM-
01162407	Matt.16.24	αὐτοῦ	autos	RP:----GSM-
01162408	Matt.16.24	Εἴ	ei	C-:--------
01162409	Matt.16.24	τις	tis2	RI:----NSM-
01162410	Matt.16.24	θέλει	thelō	V-:3PAI-S--
01162411	Matt.16.24	ὀπίσω	opisō	P-:--------
01162412	Matt.16.24	μου	egō	RP:----GS--
01162413	Matt.16.24	ἐλθεῖν	erchomai	V-:-AAN----
01162414	Matt.16.24	ἀπαρνησάσθω	aparneomai	V-:3AMD-S--
01162415	Matt.16.24	ἑαυτὸν	heautou	RP:----ASM-
01162416	Matt.16.24	καὶ	kai	C-:--------
01162417	Matt.16.24	ἀράτω	airō	V-:3AAD-S--
01162418	Matt.16.24	τὸν	ho	RA:----ASM-
01162419	Matt.16.24	σταυρὸν	stauros	N-:----ASM-
01162420	Matt.16.24	αὐτοῦ	autos	RP:----GSM-
01162421	Matt.16.24	καὶ	kai	C-:--------
01162422	Matt.16.24	ἀκολουθείτω	akoloutheō	V-:3PAD-S--
01162423	Matt.16.24	μοι	egō	RP:----DS--
01162501	Matt.16.25	ὃς	hos	RR:----NSM-
01162502	Matt.16.25	γὰρ	gar	C-:--------
01162503	Matt.16.25	ἐὰν	ean	X-:--------
01162504	Matt.16.25	θέλῃ	thelō	V-:3PAS-S--
01162505	Matt.16.25	τὴν	ho	RA:----ASF-
01162506	Matt.16.25	ψυχὴν	psychē	N-:----ASF-
01162507	Matt.16.25	αὐτοῦ	autos	RP:----GSM-
01162508	Matt.16.25	σῶσαι	sōzō	V-:-AAN----
01162509	Matt.16.25	ἀπολέσει	apollymi	V-:3FAI-S--
01162510	Matt.16.25	αὐτήν	autos	RP:----ASF-
01162511	Matt.16.25	ὃς	hos	RR:----NSM-
01162512	Matt.16.25	δ’	de	C-:--------
01162513	Matt.16.25	ἂν	an	X-:--------
01162514	Matt.16.25	ἀπολέσῃ	apollymi	V-:3AAS-S--
01162515	Matt.16.25	τὴν	ho	RA:----ASF-
01162516	Matt.16.25	ψυχὴν	psychē	N-:----ASF-
01162517	Matt.16.25	αὐτοῦ	autos	RP:----GSM-
01162518	Matt.16.25	ἕνεκεν	heneken	P-:--------
01162519	Matt.16.25	ἐμοῦ	egō	RP:----GS--
01162520	Matt.16.25	εὑρήσει	heuriskō	V-:3FAI-S--
01162521	Matt.16.25	αὐτήν	autos	RP:----ASF-
01162601	Matt.16.26	τί	tis	RI:----ASN-
01162602	Matt.16.26	γὰρ	gar	C-:--------
01162603	Matt.16.26	ὠφεληθήσεται	ōpheleō	V-:3FPI-S--
01162604	Matt.16.26	ἄνθρωπος	anthrōpos	N-:----NSM-
01162605	Matt.16.26	ἐὰν	ean	C-:--------
01162606	Matt.16.26	τὸν	ho	RA:----ASM-
01162607	Matt.16.26	κόσμον	kosmos	N-:----ASM-
01162608	Matt.16.26	ὅλον	holos	A-:----ASM-
01162609	Matt.16.26	κερδήσῃ	kerdainō	V-:3AAS-S--
01162610	Matt.16.26	τὴν	ho	RA:----ASF-
01162611	Matt.16.26	δὲ	de	C-:--------
01162612	Matt.16.26	ψυχὴν	psychē	N-:----ASF-
01162613	Matt.16.26	αὐτοῦ	autos	RP:----GSM-
01162614	Matt.16.26	ζημιωθῇ	zēmioō	V-:3APS-S--
01162615	Matt.16.26	ἢ	ē	C-:--------
01162616	Matt.16.26	τί	tis	RI:----ASN-
01162617	Matt.16.26	δώσει	didōmi	V-:3FAI-S--
01162618	Matt.16.26	ἄνθρωπος	anthrōpos	N-:----NSM-
01162619	Matt.16.26	ἀντάλλαγμα	antallagma	N-:----ASN-
01162620	Matt.16.26	τῆς	ho	RA:----GSF-
01162621	Matt.16.26	ψυχῆς	psychē	N-:----GSF-
01162622	Matt.16.26	αὐτοῦ	autos	RP:----GSM-
01162701	Matt.16.27	μέλλει	mellō	V-:3PAI-S--
01162702	Matt.16.27	γὰρ	gar	C-:--------
01162703	Matt.16.27	ὁ	ho	RA:----NSM-
01162704	Matt.16.27	υἱὸς	huios	N-:----NSM-
01162705	Matt.16.27	τοῦ	ho	RA:----GSM-
01162706	Matt.16.27	ἀνθρώπου	anthrōpos	N-:----GSM-
01162707	Matt.16.27	ἔρχεσθαι	erchomai	V-:-PMN----
01162708	Matt.16.27	ἐν	en	P-:--------
01162709	Matt.16.27	τῇ	ho	RA:----DSF-
01162710	Matt.16.27	δόξῃ	doxa	N-:----DSF-
01162711	Matt.16.27	τοῦ	ho	RA:----GSM-
01162712	Matt.16.27	πατρὸς	patēr	N-:----GSM-
01162713	Matt.16.27	αὐτοῦ	autos	RP:----GSM-
01162714	Matt.16.27	μετὰ	meta	P-:--------
01162715	Matt.16.27	τῶν	ho	RA:----GPM-
01162716	Matt.16.27	ἀγγέλων	angelos	N-:----GPM-
01162717	Matt.16.27	αὐτοῦ	autos	RP:----GSM-
01162718	Matt.16.27	καὶ	kai	C-:--------
01162719	Matt.16.27	τότε	tote	D-:--------
01162720	Matt.16.27	ἀποδώσει	apodidōmi	V-:3FAI-S--
01162721	Matt.16.27	ἑκάστῳ	hekastos	A-:----DSM-
01162722	Matt.16.27	κατὰ	kata	P-:--------
01162723	Matt.16.27	τὴν	ho	RA:----ASF-
01162724	Matt.16.27	πρᾶξιν	praxis	N-:----ASF-
01162725	Matt.16.27	αὐτοῦ	autos	RP:----GSM-
01162801	Matt.16.28	ἀμὴν	amēn	X-:--------
01162802	Matt.16.28	λέγω	legō	V-:1PAI-S--
01162803	Matt.16.28	ὑμῖν	sy	RP:----DP--
01162804	Matt.16.28	ὅτι	hoti	C-:--------
01162805	Matt.16.28	εἰσίν	eimi	V-:3PAI-P--
01162806	Matt.16.28	τινες	tis2	RI:----NPM-
01162807	Matt.16.28	τῶν	ho	RA:----GPM-
01162808	Matt.16.28	ὧδε	hōde	D-:--------
01162809	Matt.16.28	ἑστώτων	histēmi	V-:-XAPGPM-
01162810	Matt.16.28	οἵτινες	hostis	RR:----NPM-
01162811	Matt.16.28	οὐ	ou	D-:--------
01162812	Matt.16.28	μὴ	mē	D-:--------
01162813	Matt.16.28	γεύσωνται	geuomai	V-:3AMS-P--
01162814	Matt.16.28	θανάτου	thanatos	N-:----GSM-
01162815	Matt.16.28	ἕως	heōs	C-:--------
01162816	Matt.16.28	ἂν	an	X-:--------
01162817	Matt.16.28	ἴδωσιν	horaō	V-:3AAS-P--
01162818	Matt.16.28	τὸν	ho	RA:----ASM-
01162819	Matt.16.28	υἱὸν	huios	N-:----ASM-
01162820	Matt.16.28	τοῦ	ho	RA:----GSM-
01162821	Matt.16.28	ἀνθρώπου	anthrōpos	N-:----GSM-
01162822	Matt.16.28	ἐρχόμενον	erchomai	V-:-PMPASM-
01162823	Matt.16.28	ἐν	en	P-:--------
01162824	Matt.16.28	τῇ	ho	RA:----DSF-
01162825	Matt.16.28	βασιλείᾳ	basileia	N-:----DSF-
01162826	Matt.16.28	αὐτοῦ	autos	RP:----GSM-
01170101	Matt.17.1	Καὶ	kai	C-:--------
01170102	Matt.17.1	μεθ’	meta	P-:--------
01170103	Matt.17.1	ἡμέρας	hēmera	N-:----APF-
01170104	Matt.17.1	ἓξ	hex	A-:----APF-
01170105	Matt.17.1	παραλαμβάνει	paralambanō	V-:3PAI-S--
01170106	Matt.17.1	ὁ	ho	RA:----NSM-
01170107	Matt.17.1	Ἰησοῦς	iēsous	N-:----NSM-
01170108	Matt.17.1	τὸν	ho	RA:----ASM-
01170109	Matt.17.1	Πέτρον	petros	N-:----ASM-
01170110	Matt.17.1	καὶ	kai	C-:--------
01170111	Matt.17.1	Ἰάκωβον	iakōbos	N-:----ASM-
01170112	Matt.17.1	καὶ	kai	C-:--------
01170113	Matt.17.1	Ἰωάννην	iōannēs	N-:----ASM-
01170114	Matt.17.1	τὸν	ho	RA:----ASM-
01170115	Matt.17.1	ἀδελφὸν	adelphos	N-:----ASM-
01170116	Matt.17.1	αὐτοῦ	autos	RP:----GSM-
01170117	Matt.17.1	καὶ	kai	C-:--------
01170118	Matt.17.1	ἀναφέρει	anapherō	V-:3PAI-S--
01170119	Matt.17.1	αὐτοὺς	autos	RP:----APM-
01170120	Matt.17.1	εἰς	eis	P-:--------
01170121	Matt.17.1	ὄρος	oros	N-:----ASN-
01170122	Matt.17.1	ὑψηλὸν	hypsēlos	A-:----ASN-
01170123	Matt.17.1	κατ’	kata	P-:--------
01170124	Matt.17.1	ἰδίαν	idios	A-:----ASF-
01170201	Matt.17.2	καὶ	kai	C-:--------
01170202	Matt.17.2	μετεμορφώθη	metamorphoomai	V-:3API-S--
01170203	Matt.17.2	ἔμπροσθεν	emprosthen	P-:--------
01170204	Matt.17.2	αὐτῶν	autos	RP:----GPM-
01170205	Matt.17.2	καὶ	kai	C-:--------
01170206	Matt.17.2	ἔλαμψεν	lampō	V-:3AAI-S--
01170207	Matt.17.2	τὸ	ho	RA:----NSN-
01170208	Matt.17.2	πρόσωπον	prosōpon	N-:----NSN-
01170209	Matt.17.2	αὐτοῦ	autos	RP:----GSM-
01170210	Matt.17.2	ὡς	hōs	C-:--------
01170211	Matt.17.2	ὁ	ho	RA:----NSM-
01170212	Matt.17.2	ἥλιος	hēlios	N-:----NSM-
01170213	Matt.17.2	τὰ	ho	RA:----NPN-
01170214	Matt.17.2	δὲ	de	C-:--------
01170215	Matt.17.2	ἱμάτια	himation	N-:----NPN-
01170216	Matt.17.2	αὐτοῦ	autos	RP:----GSM-
01170217	Matt.17.2	ἐγένετο	ginomai	V-:3AMI-S--
01170218	Matt.17.2	λευκὰ	leukos	A-:----NPN-
01170219	Matt.17.2	ὡς	hōs	C-:--------
01170220	Matt.17.2	τὸ	ho	RA:----NSN-
01170221	Matt.17.2	φῶς	phōs	N-:----NSN-
01170301	Matt.17.3	καὶ	kai	C-:--------
01170302	Matt.17.3	ἰδοὺ	idou	X-:--------
01170303	Matt.17.3	ὤφθη	horaō	V-:3API-S--
01170304	Matt.17.3	αὐτοῖς	autos	RP:----DPM-
01170305	Matt.17.3	Μωϋσῆς	mōysēs	N-:----NSM-
01170306	Matt.17.3	καὶ	kai	C-:--------
01170307	Matt.17.3	Ἠλίας	ēlias	N-:----NSM-
01170308	Matt.17.3	συλλαλοῦντες	syllaleō	V-:-PAPNPM-
01170309	Matt.17.3	μετ’	meta	P-:--------
01170310	Matt.17.3	αὐτοῦ	autos	RP:----GSM-
01170401	Matt.17.4	ἀποκριθεὶς	apokrinomai	V-:-APPNSM-
01170402	Matt.17.4	δὲ	de	C-:--------
01170403	Matt.17.4	ὁ	ho	RA:----NSM-
01170404	Matt.17.4	Πέτρος	petros	N-:----NSM-
01170405	Matt.17.4	εἶπεν	legō	V-:3AAI-S--
01170406	Matt.17.4	τῷ	ho	RA:----DSM-
01170407	Matt.17.4	Ἰησοῦ	iēsous	N-:----DSM-
01170408	Matt.17.4	Κύριε	kyrios	N-:----VSM-
01170409	Matt.17.4	καλόν	kalos	A-:----NSN-
01170410	Matt.17.4	ἐστιν	eimi	V-:3PAI-S--
01170411	Matt.17.4	ἡμᾶς	egō	RP:----AP--
01170412	Matt.17.4	ὧδε	hōde	D-:--------
01170413	Matt.17.4	εἶναι	eimi	V-:-PAN----
01170414	Matt.17.4	εἰ	ei	C-:--------
01170415	Matt.17.4	θέλεις	thelō	V-:2PAI-S--
01170416	Matt.17.4	ποιήσω	poieō	V-:1FAI-S--
01170417	Matt.17.4	ὧδε	hōde	D-:--------
01170418	Matt.17.4	τρεῖς	treis	A-:----APF-
01170419	Matt.17.4	σκηνάς	skēnē	N-:----APF-
01170420	Matt.17.4	σοὶ	sy	RP:----DS--
01170421	Matt.17.4	μίαν	heis	A-:----ASF-
01170422	Matt.17.4	καὶ	kai	C-:--------
01170423	Matt.17.4	Μωϋσεῖ	mōysēs	N-:----DSM-
01170424	Matt.17.4	μίαν	heis	A-:----ASF-
01170425	Matt.17.4	καὶ	kai	C-:--------
01170426	Matt.17.4	Ἠλίᾳ	ēlias	N-:----DSM-
01170427	Matt.17.4	μίαν	heis	A-:----ASF-
01170501	Matt.17.5	ἔτι	eti	D-:--------
01170502	Matt.17.5	αὐτοῦ	autos	RP:----GSM-
01170503	Matt.17.5	λαλοῦντος	laleō	V-:-PAPGSM-
01170504	Matt.17.5	ἰδοὺ	idou	X-:--------
01170505	Matt.17.5	νεφέλη	nephelē	N-:----NSF-
01170506	Matt.17.5	φωτεινὴ	phōteinos	A-:----NSF-
01170507	Matt.17.5	ἐπεσκίασεν	episkiazō	V-:3AAI-S--
01170508	Matt.17.5	αὐτούς	autos	RP:----APM-
01170509	Matt.17.5	καὶ	kai	C-:--------
01170510	Matt.17.5	ἰδοὺ	idou	X-:--------
01170511	Matt.17.5	φωνὴ	phōnē	N-:----NSF-
01170512	Matt.17.5	ἐκ	ek	P-:--------
01170513	Matt.17.5	τῆς	ho	RA:----GSF-
01170514	Matt.17.5	νεφέλης	nephelē	N-:----GSF-
01170515	Matt.17.5	λέγουσα	legō	V-:-PAPNSF-
01170516	Matt.17.5	Οὗτός	houtos	RD:----NSM-
01170517	Matt.17.5	ἐστιν	eimi	V-:3PAI-S--
01170518	Matt.17.5	ὁ	ho	RA:----NSM-
01170519	Matt.17.5	υἱός	huios	N-:----NSM-
01170520	Matt.17.5	μου	egō	RP:----GS--
01170521	Matt.17.5	ὁ	ho	RA:----NSM-
01170522	Matt.17.5	ἀγαπητός	agapētos	A-:----NSM-
01170523	Matt.17.5	ἐν	en	P-:--------
01170524	Matt.17.5	ᾧ	hos	RR:----DSM-
01170525	Matt.17.5	εὐδόκησα	eudokeō	V-:1AAI-S--
01170526	Matt.17.5	ἀκούετε	akouō	V-:2PAD-P--
01170527	Matt.17.5	αὐτοῦ	autos	RP:----GSM-
01170601	Matt.17.6	καὶ	kai	C-:--------
01170602	Matt.17.6	ἀκούσαντες	akouō	V-:-AAPNPM-
01170603	Matt.17.6	οἱ	ho	RA:----NPM-
01170604	Matt.17.6	μαθηταὶ	mathētēs	N-:----NPM-
01170605	Matt.17.6	ἔπεσαν	piptō	V-:3AAI-P--
01170606	Matt.17.6	ἐπὶ	epi	P-:--------
01170607	Matt.17.6	πρόσωπον	prosōpon	N-:----ASN-
01170608	Matt.17.6	αὐτῶν	autos	RP:----GPM-
01170609	Matt.17.6	καὶ	kai	C-:--------
01170610	Matt.17.6	ἐφοβήθησαν	phobeomai	V-:3API-P--
01170611	Matt.17.6	σφόδρα	sphodra	D-:--------
01170701	Matt.17.7	καὶ	kai	C-:--------
01170702	Matt.17.7	προσῆλθεν	proserchomai	V-:3AAI-S--
01170703	Matt.17.7	ὁ	ho	RA:----NSM-
01170704	Matt.17.7	Ἰησοῦς	iēsous	N-:----NSM-
01170705	Matt.17.7	καὶ	kai	C-:--------
01170706	Matt.17.7	ἁψάμενος	haptō	V-:-AMPNSM-
01170707	Matt.17.7	αὐτῶν	autos	RP:----GPM-
01170708	Matt.17.7	εἶπεν	legō	V-:3AAI-S--
01170709	Matt.17.7	Ἐγέρθητε	egeirō	V-:2APD-P--
01170710	Matt.17.7	καὶ	kai	C-:--------
01170711	Matt.17.7	μὴ	mē	D-:--------
01170712	Matt.17.7	φοβεῖσθε	phobeomai	V-:2PMD-P--
01170801	Matt.17.8	ἐπάραντες	epairō	V-:-AAPNPM-
01170802	Matt.17.8	δὲ	de	C-:--------
01170803	Matt.17.8	τοὺς	ho	RA:----APM-
01170804	Matt.17.8	ὀφθαλμοὺς	ophthalmos	N-:----APM-
01170805	Matt.17.8	αὐτῶν	autos	RP:----GPM-
01170806	Matt.17.8	οὐδένα	oudeis	A-:----ASM-
01170807	Matt.17.8	εἶδον	horaō	V-:3AAI-P--
01170808	Matt.17.8	εἰ	ei	C-:--------
01170809	Matt.17.8	μὴ	mē	D-:--------
01170810	Matt.17.8	αὐτὸν	autos	RP:----ASM-
01170811	Matt.17.8	Ἰησοῦν	iēsous	N-:----ASM-
01170812	Matt.17.8	μόνον	monos	A-:----ASM-
01170901	Matt.17.9	Καὶ	kai	C-:--------
01170902	Matt.17.9	καταβαινόντων	katabainō	V-:-PAPGPM-
01170903	Matt.17.9	αὐτῶν	autos	RP:----GPM-
01170904	Matt.17.9	ἐκ	ek	P-:--------
01170905	Matt.17.9	τοῦ	ho	RA:----GSN-
01170906	Matt.17.9	ὄρους	oros	N-:----GSN-
01170907	Matt.17.9	ἐνετείλατο	entellomai	V-:3AMI-S--
01170908	Matt.17.9	αὐτοῖς	autos	RP:----DPM-
01170909	Matt.17.9	ὁ	ho	RA:----NSM-
01170910	Matt.17.9	Ἰησοῦς	iēsous	N-:----NSM-
01170911	Matt.17.9	λέγων	legō	V-:-PAPNSM-
01170912	Matt.17.9	Μηδενὶ	mēdeis	A-:----DSM-
01170913	Matt.17.9	εἴπητε	legō	V-:2AAS-P--
01170914	Matt.17.9	τὸ	ho	RA:----ASN-
01170915	Matt.17.9	ὅραμα	horama	N-:----ASN-
01170916	Matt.17.9	ἕως	heōs	P-:--------
01170917	Matt.17.9	οὗ	hos	RR:----GSM-
01170918	Matt.17.9	ὁ	ho	RA:----NSM-
01170919	Matt.17.9	υἱὸς	huios	N-:----NSM-
01170920	Matt.17.9	τοῦ	ho	RA:----GSM-
01170921	Matt.17.9	ἀνθρώπου	anthrōpos	N-:----GSM-
01170922	Matt.17.9	ἐκ	ek	P-:--------
01170923	Matt.17.9	νεκρῶν	nekros	A-:----GPM-
01170924	Matt.17.9	ἐγερθῇ	egeirō	V-:3APS-S--
01171001	Matt.17.10	καὶ	kai	C-:--------
01171002	Matt.17.10	ἐπηρώτησαν	eperōtaō	V-:3AAI-P--
01171003	Matt.17.10	αὐτὸν	autos	RP:----ASM-
01171004	Matt.17.10	οἱ	ho	RA:----NPM-
01171005	Matt.17.10	μαθηταὶ	mathētēs	N-:----NPM-
01171006	Matt.17.10	λέγοντες	legō	V-:-PAPNPM-
01171007	Matt.17.10	Τί	tis	RI:----ASN-
01171008	Matt.17.10	οὖν	oun	C-:--------
01171009	Matt.17.10	οἱ	ho	RA:----NPM-
01171010	Matt.17.10	γραμματεῖς	grammateus	N-:----NPM-
01171011	Matt.17.10	λέγουσιν	legō	V-:3PAI-P--
01171012	Matt.17.10	ὅτι	hoti	C-:--------
01171013	Matt.17.10	Ἠλίαν	ēlias	N-:----ASM-
01171014	Matt.17.10	δεῖ	deō	V-:3PAI-S--
01171015	Matt.17.10	ἐλθεῖν	erchomai	V-:-AAN----
01171016	Matt.17.10	πρῶτον	prōtos	A-:----ASN-
01171101	Matt.17.11	ὁ	ho	RA:----NSM-
01171102	Matt.17.11	δὲ	de	C-:--------
01171103	Matt.17.11	ἀποκριθεὶς	apokrinomai	V-:-APPNSM-
01171104	Matt.17.11	εἶπεν	legō	V-:3AAI-S--
01171105	Matt.17.11	Ἠλίας	ēlias	N-:----NSM-
01171106	Matt.17.11	μὲν	men	C-:--------
01171107	Matt.17.11	ἔρχεται	erchomai	V-:3PMI-S--
01171108	Matt.17.11	καὶ	kai	C-:--------
01171109	Matt.17.11	ἀποκαταστήσει	apokathistēmi	V-:3FAI-S--
01171110	Matt.17.11	πάντα	pas	A-:----APN-
01171201	Matt.17.12	λέγω	legō	V-:1PAI-S--
01171202	Matt.17.12	δὲ	de	C-:--------
01171203	Matt.17.12	ὑμῖν	sy	RP:----DP--
01171204	Matt.17.12	ὅτι	hoti	C-:--------
01171205	Matt.17.12	Ἠλίας	ēlias	N-:----NSM-
01171206	Matt.17.12	ἤδη	ēdē	D-:--------
01171207	Matt.17.12	ἦλθεν	erchomai	V-:3AAI-S--
01171208	Matt.17.12	καὶ	kai	C-:--------
01171209	Matt.17.12	οὐκ	ou	D-:--------
01171210	Matt.17.12	ἐπέγνωσαν	epiginōskō	V-:3AAI-P--
01171211	Matt.17.12	αὐτὸν	autos	RP:----ASM-
01171212	Matt.17.12	ἀλλὰ	alla	C-:--------
01171213	Matt.17.12	ἐποίησαν	poieō	V-:3AAI-P--
01171214	Matt.17.12	ἐν	en	P-:--------
01171215	Matt.17.12	αὐτῷ	autos	RP:----DSM-
01171216	Matt.17.12	ὅσα	hosos	RR:----APN-
01171217	Matt.17.12	ἠθέλησαν	thelō	V-:3AAI-P--
01171218	Matt.17.12	οὕτως	houtō(s)	D-:--------
01171219	Matt.17.12	καὶ	kai	D-:--------
01171220	Matt.17.12	ὁ	ho	RA:----NSM-
01171221	Matt.17.12	υἱὸς	huios	N-:----NSM-
01171222	Matt.17.12	τοῦ	ho	RA:----GSM-
01171223	Matt.17.12	ἀνθρώπου	anthrōpos	N-:----GSM-
01171224	Matt.17.12	μέλλει	mellō	V-:3PAI-S--
01171225	Matt.17.12	πάσχειν	paschō	V-:-PAN----
01171226	Matt.17.12	ὑπ’	hypo	P-:--------
01171227	Matt.17.12	αὐτῶν	autos	RP:----GPM-
01171301	Matt.17.13	τότε	tote	D-:--------
01171302	Matt.17.13	συνῆκαν	syniēmi	V-:3AAI-P--
01171303	Matt.17.13	οἱ	ho	RA:----NPM-
01171304	Matt.17.13	μαθηταὶ	mathētēs	N-:----NPM-
01171305	Matt.17.13	ὅτι	hoti	C-:--------
01171306	Matt.17.13	περὶ	peri	P-:--------
01171307	Matt.17.13	Ἰωάννου	iōannēs	N-:----GSM-
01171308	Matt.17.13	τοῦ	ho	RA:----GSM-
01171309	Matt.17.13	βαπτιστοῦ	baptistēs	N-:----GSM-
01171310	Matt.17.13	εἶπεν	legō	V-:3AAI-S--
01171311	Matt.17.13	αὐτοῖς	autos	RP:----DPM-
01171401	Matt.17.14	Καὶ	kai	C-:--------
01171402	Matt.17.14	ἐλθόντων	erchomai	V-:-AAPGPM-
01171403	Matt.17.14	πρὸς	pros	P-:--------
01171404	Matt.17.14	τὸν	ho	RA:----ASM-
01171405	Matt.17.14	ὄχλον	ochlos	N-:----ASM-
01171406	Matt.17.14	προσῆλθεν	proserchomai	V-:3AAI-S--
01171407	Matt.17.14	αὐτῷ	autos	RP:----DSM-
01171408	Matt.17.14	ἄνθρωπος	anthrōpos	N-:----NSM-
01171409	Matt.17.14	γονυπετῶν	gonypeteō	V-:-PAPNSM-
01171410	Matt.17.14	αὐτὸν	autos	RP:----ASM-
01171501	Matt.17.15	καὶ	kai	C-:--------
01171502	Matt.17.15	λέγων	legō	V-:-PAPNSM-
01171503	Matt.17.15	Κύριε	kyrios	N-:----VSM-
01171504	Matt.17.15	ἐλέησόν	eleaō	V-:2AAD-S--
01171505	Matt.17.15	μου	egō	RP:----GS--
01171506	Matt.17.15	τὸν	ho	RA:----ASM-
01171507	Matt.17.15	υἱόν	huios	N-:----ASM-
01171508	Matt.17.15	ὅτι	hoti	C-:--------
01171509	Matt.17.15	σεληνιάζεται	selēniazomai	V-:3PMI-S--
01171510	Matt.17.15	καὶ	kai	C-:--------
01171511	Matt.17.15	κακῶς	kakōs	D-:--------
01171512	Matt.17.15	πάσχει	paschō	V-:3PAI-S--
01171513	Matt.17.15	πολλάκις	pollakis	D-:--------
01171514	Matt.17.15	γὰρ	gar	C-:--------
01171515	Matt.17.15	πίπτει	piptō	V-:3PAI-S--
01171516	Matt.17.15	εἰς	eis	P-:--------
01171517	Matt.17.15	τὸ	ho	RA:----ASN-
01171518	Matt.17.15	πῦρ	pyr	N-:----ASN-
01171519	Matt.17.15	καὶ	kai	C-:--------
01171520	Matt.17.15	πολλάκις	pollakis	D-:--------
01171521	Matt.17.15	εἰς	eis	P-:--------
01171522	Matt.17.15	τὸ	ho	RA:----ASN-
01171523	Matt.17.15	ὕδωρ	hydōr	N-:----ASN-
01171601	Matt.17.16	καὶ	kai	C-:--------
01171602	Matt.17.16	προσήνεγκα	prospherō	V-:1AAI-S--
01171603	Matt.17.16	αὐτὸν	autos	RP:----ASM-
01171604	Matt.17.16	τοῖς	ho	RA:----DPM-
01171605	Matt.17.16	μαθηταῖς	mathētēs	N-:----DPM-
01171606	Matt.17.16	σου	sy	RP:----GS--
01171607	Matt.17.16	καὶ	kai	C-:--------
01171608	Matt.17.16	οὐκ	ou	D-:--------
01171609	Matt.17.16	ἠδυνήθησαν	dynamai	V-:3API-P--
01171610	Matt.17.16	αὐτὸν	autos	RP:----ASM-
01171611	Matt.17.16	θεραπεῦσαι	therapeuō	V-:-AAN----
01171701	Matt.17.17	ἀποκριθεὶς	apokrinomai	V-:-APPNSM-
01171702	Matt.17.17	δὲ	de	C-:--------
01171703	Matt.17.17	ὁ	ho	RA:----NSM-
01171704	Matt.17.17	Ἰησοῦς	iēsous	N-:----NSM-
01171705	Matt.17.17	εἶπεν	legō	V-:3AAI-S--
01171706	Matt.17.17	Ὦ	ō	X-:--------
01171707	Matt.17.17	γενεὰ	genea	N-:----VSF-
01171708	Matt.17.17	ἄπιστος	apistos	A-:----VSF-
01171709	Matt.17.17	καὶ	kai	C-:--------
01171710	Matt.17.17	διεστραμμένη	diastrephō	V-:-XPPVSF-
01171711	Matt.17.17	ἕως	heōs	P-:--------
01171712	Matt.17.17	πότε	pote	D-:--------
01171713	Matt.17.17	μεθ’	meta	P-:--------
01171714	Matt.17.17	ὑμῶν	sy	RP:----GP--
01171715	Matt.17.17	ἔσομαι	eimi	V-:1FMI-S--
01171716	Matt.17.17	ἕως	heōs	P-:--------
01171717	Matt.17.17	πότε	pote	D-:--------
01171718	Matt.17.17	ἀνέξομαι	anechomai	V-:1FMI-S--
01171719	Matt.17.17	ὑμῶν	sy	RP:----GP--
01171720	Matt.17.17	φέρετέ	pherō	V-:2PAD-P--
01171721	Matt.17.17	μοι	egō	RP:----DS--
01171722	Matt.17.17	αὐτὸν	autos	RP:----ASM-
01171723	Matt.17.17	ὧδε	hōde	D-:--------
01171801	Matt.17.18	καὶ	kai	C-:--------
01171802	Matt.17.18	ἐπετίμησεν	epitimaō	V-:3AAI-S--
01171803	Matt.17.18	αὐτῷ	autos	RP:----DSM-
01171804	Matt.17.18	ὁ	ho	RA:----NSM-
01171805	Matt.17.18	Ἰησοῦς	iēsous	N-:----NSM-
01171806	Matt.17.18	καὶ	kai	C-:--------
01171807	Matt.17.18	ἐξῆλθεν	exerchomai	V-:3AAI-S--
01171808	Matt.17.18	ἀπ’	apo	P-:--------
01171809	Matt.17.18	αὐτοῦ	autos	RP:----GSM-
01171810	Matt.17.18	τὸ	ho	RA:----NSN-
01171811	Matt.17.18	δαιμόνιον	daimonion	N-:----NSN-
01171812	Matt.17.18	καὶ	kai	C-:--------
01171813	Matt.17.18	ἐθεραπεύθη	therapeuō	V-:3API-S--
01171814	Matt.17.18	ὁ	ho	RA:----NSM-
01171815	Matt.17.18	παῖς	pais	N-:----NSM-
01171816	Matt.17.18	ἀπὸ	apo	P-:--------
01171817	Matt.17.18	τῆς	ho	RA:----GSF-
01171818	Matt.17.18	ὥρας	hōra	N-:----GSF-
01171819	Matt.17.18	ἐκείνης	ekeinos	RD:----GSF-
01171901	Matt.17.19	Τότε	tote	D-:--------
01171902	Matt.17.19	προσελθόντες	proserchomai	V-:-AAPNPM-
01171903	Matt.17.19	οἱ	ho	RA:----NPM-
01171904	Matt.17.19	μαθηταὶ	mathētēs	N-:----NPM-
01171905	Matt.17.19	τῷ	ho	RA:----DSM-
01171906	Matt.17.19	Ἰησοῦ	iēsous	N-:----DSM-
01171907	Matt.17.19	κατ’	kata	P-:--------
01171908	Matt.17.19	ἰδίαν	idios	A-:----ASF-
01171909	Matt.17.19	εἶπον	legō	V-:3AAI-P--
01171910	Matt.17.19	Διὰ	dia	P-:--------
01171911	Matt.17.19	τί	tis	RI:----ASN-
01171912	Matt.17.19	ἡμεῖς	egō	RP:----NP--
01171913	Matt.17.19	οὐκ	ou	D-:--------
01171914	Matt.17.19	ἠδυνήθημεν	dynamai	V-:1API-P--
01171915	Matt.17.19	ἐκβαλεῖν	ekballō	V-:-AAN----
01171916	Matt.17.19	αὐτό	autos	RP:----ASN-
01172001	Matt.17.20	ὁ	ho	RA:----NSM-
01172002	Matt.17.20	δὲ	de	C-:--------
01172003	Matt.17.20	λέγει	legō	V-:3PAI-S--
01172004	Matt.17.20	αὐτοῖς	autos	RP:----DPM-
01172005	Matt.17.20	Διὰ	dia	P-:--------
01172006	Matt.17.20	τὴν	ho	RA:----ASF-
01172007	Matt.17.20	ὀλιγοπιστίαν	oligopistia	N-:----ASF-
01172008	Matt.17.20	ὑμῶν	sy	RP:----GP--
01172009	Matt.17.20	ἀμὴν	amēn	X-:--------
01172010	Matt.17.20	γὰρ	gar	C-:--------
01172011	Matt.17.20	λέγω	legō	V-:1PAI-S--
01172012	Matt.17.20	ὑμῖν	sy	RP:----DP--
01172013	Matt.17.20	ἐὰν	ean	C-:--------
01172014	Matt.17.20	ἔχητε	echō	V-:2PAS-P--
01172015	Matt.17.20	πίστιν	pistis	N-:----ASF-
01172016	Matt.17.20	ὡς	hōs	C-:--------
01172017	Matt.17.20	κόκκον	kokkos	N-:----ASM-
01172018	Matt.17.20	σινάπεως	sinapi	N-:----GSN-
01172019	Matt.17.20	ἐρεῖτε	legō	V-:2FAI-P--
01172020	Matt.17.20	τῷ	ho	RA:----DSN-
01172021	Matt.17.20	ὄρει	oros	N-:----DSN-
01172022	Matt.17.20	τούτῳ	houtos	RD:----DSN-
01172023	Matt.17.20	Μετάβα	metabainō	V-:2AAD-S--
01172024	Matt.17.20	ἔνθεν	enthen	D-:--------
01172025	Matt.17.20	ἐκεῖ	ekei	D-:--------
01172026	Matt.17.20	καὶ	kai	C-:--------
01172027	Matt.17.20	μεταβήσεται	metabainō	V-:3FMI-S--
01172028	Matt.17.20	καὶ	kai	C-:--------
01172029	Matt.17.20	οὐδὲν	oudeis	A-:----NSN-
01172030	Matt.17.20	ἀδυνατήσει	adynateō	V-:3FAI-S--
01172031	Matt.17.20	ὑμῖν	sy	RP:----DP--
01172201	Matt.17.22	Συστρεφομένων	systrephō	V-:-PPPGPM-
01172202	Matt.17.22	δὲ	de	C-:--------
01172203	Matt.17.22	αὐτῶν	autos	RP:----GPM-
01172204	Matt.17.22	ἐν	en	P-:--------
01172205	Matt.17.22	τῇ	ho	RA:----DSF-
01172206	Matt.17.22	Γαλιλαίᾳ	galilaia	N-:----DSF-
01172207	Matt.17.22	εἶπεν	legō	V-:3AAI-S--
01172208	Matt.17.22	αὐτοῖς	autos	RP:----DPM-
01172209	Matt.17.22	ὁ	ho	RA:----NSM-
01172210	Matt.17.22	Ἰησοῦς	iēsous	N-:----NSM-
01172211	Matt.17.22	Μέλλει	mellō	V-:3PAI-S--
01172212	Matt.17.22	ὁ	ho	RA:----NSM-
01172213	Matt.17.22	υἱὸς	huios	N-:----NSM-
01172214	Matt.17.22	τοῦ	ho	RA:----GSM-
01172215	Matt.17.22	ἀνθρώπου	anthrōpos	N-:----GSM-
01172216	Matt.17.22	παραδίδοσθαι	paradidōmi	V-:-PPN----
01172217	Matt.17.22	εἰς	eis	P-:--------
01172218	Matt.17.22	χεῖρας	cheir	N-:----APF-
01172219	Matt.17.22	ἀνθρώπων	anthrōpos	N-:----GPM-
01172301	Matt.17.23	καὶ	kai	C-:--------
01172302	Matt.17.23	ἀποκτενοῦσιν	apokteinō	V-:3FAI-P--
01172303	Matt.17.23	αὐτόν	autos	RP:----ASM-
01172304	Matt.17.23	καὶ	kai	C-:--------
01172305	Matt.17.23	τῇ	ho	RA:----DSF-
01172306	Matt.17.23	τρίτῃ	tritos	A-:----DSF-
01172307	Matt.17.23	ἡμέρᾳ	hēmera	N-:----DSF-
01172308	Matt.17.23	ἐγερθήσεται	egeirō	V-:3FPI-S--
01172309	Matt.17.23	καὶ	kai	C-:--------
01172310	Matt.17.23	ἐλυπήθησαν	lypeō	V-:3API-P--
01172311	Matt.17.23	σφόδρα	sphodra	D-:--------
01172401	Matt.17.24	Ἐλθόντων	erchomai	V-:-AAPGPM-
01172402	Matt.17.24	δὲ	de	C-:--------
01172403	Matt.17.24	αὐτῶν	autos	RP:----GPM-
01172404	Matt.17.24	εἰς	eis	P-:--------
01172405	Matt.17.24	Καφαρναοὺμ	kapharnaoum	N-:----ASF-
01172406	Matt.17.24	προσῆλθον	proserchomai	V-:3AAI-P--
01172407	Matt.17.24	οἱ	ho	RA:----NPM-
01172408	Matt.17.24	τὰ	ho	RA:----APN-
01172409	Matt.17.24	δίδραχμα	didrachmon	N-:----APN-
01172410	Matt.17.24	λαμβάνοντες	lambanō	V-:-PAPNPM-
01172411	Matt.17.24	τῷ	ho	RA:----DSM-
01172412	Matt.17.24	Πέτρῳ	petros	N-:----DSM-
01172413	Matt.17.24	καὶ	kai	C-:--------
01172414	Matt.17.24	εἶπαν	legō	V-:3AAI-P--
01172415	Matt.17.24	Ὁ	ho	RA:----NSM-
01172416	Matt.17.24	διδάσκαλος	didaskalos	N-:----NSM-
01172417	Matt.17.24	ὑμῶν	sy	RP:----GP--
01172418	Matt.17.24	οὐ	ou	X-:--------
01172419	Matt.17.24	τελεῖ	teleō	V-:3PAI-S--
01172420	Matt.17.24	τὰ	ho	RA:----APN-
01172421	Matt.17.24	δίδραχμα	didrachmon	N-:----APN-
01172501	Matt.17.25	λέγει	legō	V-:3PAI-S--
01172502	Matt.17.25	Ναί	nai	X-:--------
01172503	Matt.17.25	καὶ	kai	C-:--------
01172504	Matt.17.25	ἐλθόντα	erchomai	V-:-AAPASM-
01172505	Matt.17.25	εἰς	eis	P-:--------
01172506	Matt.17.25	τὴν	ho	RA:----ASF-
01172507	Matt.17.25	οἰκίαν	oikia	N-:----ASF-
01172508	Matt.17.25	προέφθασεν	prophthanō	V-:3AAI-S--
01172509	Matt.17.25	αὐτὸν	autos	RP:----ASM-
01172510	Matt.17.25	ὁ	ho	RA:----NSM-
01172511	Matt.17.25	Ἰησοῦς	iēsous	N-:----NSM-
01172512	Matt.17.25	λέγων	legō	V-:-PAPNSM-
01172513	Matt.17.25	Τί	tis	RI:----NSN-
01172514	Matt.17.25	σοι	sy	RP:----DS--
01172515	Matt.17.25	δοκεῖ	dokeō	V-:3PAI-S--
01172516	Matt.17.25	Σίμων	simōn	N-:----VSM-
01172517	Matt.17.25	οἱ	ho	RA:----NPM-
01172518	Matt.17.25	βασιλεῖς	basileus	N-:----NPM-
01172519	Matt.17.25	τῆς	ho	RA:----GSF-
01172520	Matt.17.25	γῆς	gē	N-:----GSF-
01172521	Matt.17.25	ἀπὸ	apo	P-:--------
01172522	Matt.17.25	τίνων	tis	RI:----GPM-
01172523	Matt.17.25	λαμβάνουσιν	lambanō	V-:3PAI-P--
01172524	Matt.17.25	τέλη	telos	N-:----APN-
01172525	Matt.17.25	ἢ	ē	C-:--------
01172526	Matt.17.25	κῆνσον	kēnsos	N-:----ASM-
01172527	Matt.17.25	ἀπὸ	apo	P-:--------
01172528	Matt.17.25	τῶν	ho	RA:----GPM-
01172529	Matt.17.25	υἱῶν	huios	N-:----GPM-
01172530	Matt.17.25	αὐτῶν	autos	RP:----GPM-
01172531	Matt.17.25	ἢ	ē	C-:--------
01172532	Matt.17.25	ἀπὸ	apo	P-:--------
01172533	Matt.17.25	τῶν	ho	RA:----GPM-
01172534	Matt.17.25	ἀλλοτρίων	allotrios	A-:----GPM-
01172601	Matt.17.26	εἰπόντος	legō	V-:-AAPGSM-
01172602	Matt.17.26	δέ	de	C-:--------
01172603	Matt.17.26	Ἀπὸ	apo	P-:--------
01172604	Matt.17.26	τῶν	ho	RA:----GPM-
01172605	Matt.17.26	ἀλλοτρίων	allotrios	A-:----GPM-
01172606	Matt.17.26	ἔφη	phēmi	V-:3IAI-S--
01172607	Matt.17.26	αὐτῷ	autos	RP:----DSM-
01172608	Matt.17.26	ὁ	ho	RA:----NSM-
01172609	Matt.17.26	Ἰησοῦς	iēsous	N-:----NSM-
01172610	Matt.17.26	Ἄρα	ara	C-:--------
01172611	Matt.17.26	γε	ge	X-:--------
01172612	Matt.17.26	ἐλεύθεροί	eleutheros	A-:----NPM-
01172613	Matt.17.26	εἰσιν	eimi	V-:3PAI-P--
01172614	Matt.17.26	οἱ	ho	RA:----NPM-
01172615	Matt.17.26	υἱοί	huios	N-:----NPM-
01172701	Matt.17.27	ἵνα	hina	C-:--------
01172702	Matt.17.27	δὲ	de	C-:--------
01172703	Matt.17.27	μὴ	mē	D-:--------
01172704	Matt.17.27	σκανδαλίσωμεν	skandalizō	V-:1AAS-P--
01172705	Matt.17.27	αὐτούς	autos	RP:----APM-
01172706	Matt.17.27	πορευθεὶς	poreuomai	V-:-APPNSM-
01172707	Matt.17.27	εἰς	eis	P-:--------
01172708	Matt.17.27	θάλασσαν	thalassa	N-:----ASF-
01172709	Matt.17.27	βάλε	ballō	V-:2AAD-S--
01172710	Matt.17.27	ἄγκιστρον	ankistron	N-:----ASN-
01172711	Matt.17.27	καὶ	kai	C-:--------
01172712	Matt.17.27	τὸν	ho	RA:----ASM-
01172713	Matt.17.27	ἀναβάντα	anabainō	V-:-AAPASM-
01172714	Matt.17.27	πρῶτον	prōtos	A-:----ASM-
01172715	Matt.17.27	ἰχθὺν	ichthys	N-:----ASM-
01172716	Matt.17.27	ἆρον	airō	V-:2AAD-S--
01172717	Matt.17.27	καὶ	kai	C-:--------
01172718	Matt.17.27	ἀνοίξας	anoigō	V-:-AAPNSM-
01172719	Matt.17.27	τὸ	ho	RA:----ASN-
01172720	Matt.17.27	στόμα	stoma	N-:----ASN-
01172721	Matt.17.27	αὐτοῦ	autos	RP:----GSM-
01172722	Matt.17.27	εὑρήσεις	heuriskō	V-:2FAI-S--
01172723	Matt.17.27	στατῆρα	statēr	N-:----ASM-
01172724	Matt.17.27	ἐκεῖνον	ekeinos	RD:----ASM-
01172725	Matt.17.27	λαβὼν	lambanō	V-:-AAPNSM-
01172726	Matt.17.27	δὸς	didōmi	V-:2AAD-S--
01172727	Matt.17.27	αὐτοῖς	autos	RP:----DPM-
01172728	Matt.17.27	ἀντὶ	anti	P-:--------
01172729	Matt.17.27	ἐμοῦ	egō	RP:----GS--
01172730	Matt.17.27	καὶ	kai	C-:--------
01172731	Matt.17.27	σοῦ	sy	RP:----GS--
01180101	Matt.18.1	Ἐν	en	P-:--------
01180102	Matt.18.1	ἐκείνῃ	ekeinos	RD:----DSF-
01180103	Matt.18.1	τῇ	ho	RA:----DSF-
01180104	Matt.18.1	ὥρᾳ	hōra	N-:----DSF-
01180105	Matt.18.1	προσῆλθον	proserchomai	V-:3AAI-P--
01180106	Matt.18.1	οἱ	ho	RA:----NPM-
01180107	Matt.18.1	μαθηταὶ	mathētēs	N-:----NPM-
01180108	Matt.18.1	τῷ	ho	RA:----DSM-
01180109	Matt.18.1	Ἰησοῦ	iēsous	N-:----DSM-
01180110	Matt.18.1	λέγοντες	legō	V-:-PAPNPM-
01180111	Matt.18.1	Τίς	tis	RI:----NSM-
01180112	Matt.18.1	ἄρα	ara	C-:--------
01180113	Matt.18.1	μείζων	megas	A-:----NSMC
01180114	Matt.18.1	ἐστὶν	eimi	V-:3PAI-S--
01180115	Matt.18.1	ἐν	en	P-:--------
01180116	Matt.18.1	τῇ	ho	RA:----DSF-
01180117	Matt.18.1	βασιλείᾳ	basileia	N-:----DSF-
01180118	Matt.18.1	τῶν	ho	RA:----GPM-
01180119	Matt.18.1	οὐρανῶν	ouranos	N-:----GPM-
01180201	Matt.18.2	καὶ	kai	C-:--------
01180202	Matt.18.2	προσκαλεσάμενος	proskaleomai	V-:-AMPNSM-
01180203	Matt.18.2	παιδίον	paidion	N-:----ASN-
01180204	Matt.18.2	ἔστησεν	histēmi	V-:3AAI-S--
01180205	Matt.18.2	αὐτὸ	autos	RP:----ASN-
01180206	Matt.18.2	ἐν	en	P-:--------
01180207	Matt.18.2	μέσῳ	mesos	A-:----DSN-
01180208	Matt.18.2	αὐτῶν	autos	RP:----GPM-
01180301	Matt.18.3	καὶ	kai	C-:--------
01180302	Matt.18.3	εἶπεν	legō	V-:3AAI-S--
01180303	Matt.18.3	Ἀμὴν	amēn	X-:--------
01180304	Matt.18.3	λέγω	legō	V-:1PAI-S--
01180305	Matt.18.3	ὑμῖν	sy	RP:----DP--
01180306	Matt.18.3	ἐὰν	ean	C-:--------
01180307	Matt.18.3	μὴ	mē	D-:--------
01180308	Matt.18.3	στραφῆτε	strephō	V-:2APS-P--
01180309	Matt.18.3	καὶ	kai	C-:--------
01180310	Matt.18.3	γένησθε	ginomai	V-:2AMS-P--
01180311	Matt.18.3	ὡς	hōs	C-:--------
01180312	Matt.18.3	τὰ	ho	RA:----NPN-
01180313	Matt.18.3	παιδία	paidion	N-:----NPN-
01180314	Matt.18.3	οὐ	ou	D-:--------
01180315	Matt.18.3	μὴ	mē	D-:--------
01180316	Matt.18.3	εἰσέλθητε	eiserchomai	V-:2AAS-P--
01180317	Matt.18.3	εἰς	eis	P-:--------
01180318	Matt.18.3	τὴν	ho	RA:----ASF-
01180319	Matt.18.3	βασιλείαν	basileia	N-:----ASF-
01180320	Matt.18.3	τῶν	ho	RA:----GPM-
01180321	Matt.18.3	οὐρανῶν	ouranos	N-:----GPM-
01180401	Matt.18.4	ὅστις	hostis	RR:----NSM-
01180402	Matt.18.4	οὖν	oun	C-:--------
01180403	Matt.18.4	ταπεινώσει	tapeinoō	V-:3FAI-S--
01180404	Matt.18.4	ἑαυτὸν	heautou	RP:----ASM-
01180405	Matt.18.4	ὡς	hōs	C-:--------
01180406	Matt.18.4	τὸ	ho	RA:----NSN-
01180407	Matt.18.4	παιδίον	paidion	N-:----NSN-
01180408	Matt.18.4	τοῦτο	houtos	RD:----NSN-
01180409	Matt.18.4	οὗτός	houtos	RD:----NSM-
01180410	Matt.18.4	ἐστιν	eimi	V-:3PAI-S--
01180411	Matt.18.4	ὁ	ho	RA:----NSM-
01180412	Matt.18.4	μείζων	megas	A-:----NSMC
01180413	Matt.18.4	ἐν	en	P-:--------
01180414	Matt.18.4	τῇ	ho	RA:----DSF-
01180415	Matt.18.4	βασιλείᾳ	basileia	N-:----DSF-
01180416	Matt.18.4	τῶν	ho	RA:----GPM-
01180417	Matt.18.4	οὐρανῶν	ouranos	N-:----GPM-
01180501	Matt.18.5	καὶ	kai	C-:--------
01180502	Matt.18.5	ὃς	hos	RR:----NSM-
01180503	Matt.18.5	ἐὰν	ean	X-:--------
01180504	Matt.18.5	δέξηται	dechomai	V-:3AMS-S--
01180505	Matt.18.5	ἓν	heis	A-:----ASN-
01180506	Matt.18.5	παιδίον	paidion	N-:----ASN-
01180507	Matt.18.5	τοιοῦτο	toioutos	RD:----ASN-
01180508	Matt.18.5	ἐπὶ	epi	P-:--------
01180509	Matt.18.5	τῷ	ho	RA:----DSN-
01180510	Matt.18.5	ὀνόματί	onoma	N-:----DSN-
01180511	Matt.18.5	μου	egō	RP:----GS--
01180512	Matt.18.5	ἐμὲ	egō	RP:----AS--
01180513	Matt.18.5	δέχεται	dechomai	V-:3PMI-S--
01180601	Matt.18.6	Ὃς	hos	RR:----NSM-
01180602	Matt.18.6	δ’	de	C-:--------
01180603	Matt.18.6	ἂν	an	X-:--------
01180604	Matt.18.6	σκανδαλίσῃ	skandalizō	V-:3AAS-S--
01180605	Matt.18.6	ἕνα	heis	A-:----ASM-
01180606	Matt.18.6	τῶν	ho	RA:----GPM-
01180607	Matt.18.6	μικρῶν	mikros	A-:----GPM-
01180608	Matt.18.6	τούτων	houtos	RD:----GPM-
01180609	Matt.18.6	τῶν	ho	RA:----GPM-
01180610	Matt.18.6	πιστευόντων	pisteuō	V-:-PAPGPM-
01180611	Matt.18.6	εἰς	eis	P-:--------
01180612	Matt.18.6	ἐμέ	egō	RP:----AS--
01180613	Matt.18.6	συμφέρει	sympherō	V-:3PAI-S--
01180614	Matt.18.6	αὐτῷ	autos	RP:----DSM-
01180615	Matt.18.6	ἵνα	hina	C-:--------
01180616	Matt.18.6	κρεμασθῇ	kremannymi	V-:3APS-S--
01180617	Matt.18.6	μύλος	mylos	N-:----NSM-
01180618	Matt.18.6	ὀνικὸς	onikos	A-:----NSM-
01180619	Matt.18.6	εἰς	eis	P-:--------
01180620	Matt.18.6	τὸν	ho	RA:----ASM-
01180621	Matt.18.6	τράχηλον	trachēlos	N-:----ASM-
01180622	Matt.18.6	αὐτοῦ	autos	RP:----GSM-
01180623	Matt.18.6	καὶ	kai	C-:--------
01180624	Matt.18.6	καταποντισθῇ	katapontizomai	V-:3APS-S--
01180625	Matt.18.6	ἐν	en	P-:--------
01180626	Matt.18.6	τῷ	ho	RA:----DSN-
01180627	Matt.18.6	πελάγει	pelagos	N-:----DSN-
01180628	Matt.18.6	τῆς	ho	RA:----GSF-
01180629	Matt.18.6	θαλάσσης	thalassa	N-:----GSF-
01180701	Matt.18.7	οὐαὶ	ouai	X-:--------
01180702	Matt.18.7	τῷ	ho	RA:----DSM-
01180703	Matt.18.7	κόσμῳ	kosmos	N-:----DSM-
01180704	Matt.18.7	ἀπὸ	apo	P-:--------
01180705	Matt.18.7	τῶν	ho	RA:----GPN-
01180706	Matt.18.7	σκανδάλων	skandalon	N-:----GPN-
01180707	Matt.18.7	ἀνάγκη	anankē	N-:----NSF-
01180708	Matt.18.7	γὰρ	gar	C-:--------
01180709	Matt.18.7	ἐλθεῖν	erchomai	V-:-AAN----
01180710	Matt.18.7	τὰ	ho	RA:----APN-
01180711	Matt.18.7	σκάνδαλα	skandalon	N-:----APN-
01180712	Matt.18.7	πλὴν	plēn	C-:--------
01180713	Matt.18.7	οὐαὶ	ouai	X-:--------
01180714	Matt.18.7	τῷ	ho	RA:----DSM-
01180715	Matt.18.7	ἀνθρώπῳ	anthrōpos	N-:----DSM-
01180716	Matt.18.7	δι’	dia	P-:--------
01180717	Matt.18.7	οὗ	hos	RR:----GSM-
01180718	Matt.18.7	τὸ	ho	RA:----NSN-
01180719	Matt.18.7	σκάνδαλον	skandalon	N-:----NSN-
01180720	Matt.18.7	ἔρχεται	erchomai	V-:3PMI-S--
01180801	Matt.18.8	Εἰ	ei	C-:--------
01180802	Matt.18.8	δὲ	de	C-:--------
01180803	Matt.18.8	ἡ	ho	RA:----NSF-
01180804	Matt.18.8	χείρ	cheir	N-:----NSF-
01180805	Matt.18.8	σου	sy	RP:----GS--
01180806	Matt.18.8	ἢ	ē	C-:--------
01180807	Matt.18.8	ὁ	ho	RA:----NSM-
01180808	Matt.18.8	πούς	pous	N-:----NSM-
01180809	Matt.18.8	σου	sy	RP:----GS--
01180810	Matt.18.8	σκανδαλίζει	skandalizō	V-:3PAI-S--
01180811	Matt.18.8	σε	sy	RP:----AS--
01180812	Matt.18.8	ἔκκοψον	ekkoptō	V-:2AAD-S--
01180813	Matt.18.8	αὐτὸν	autos	RP:----ASM-
01180814	Matt.18.8	καὶ	kai	C-:--------
01180815	Matt.18.8	βάλε	ballō	V-:2AAD-S--
01180816	Matt.18.8	ἀπὸ	apo	P-:--------
01180817	Matt.18.8	σοῦ	sy	RP:----GS--
01180818	Matt.18.8	καλόν	kalos	A-:----NSN-
01180819	Matt.18.8	σοί	sy	RP:----DS--
01180820	Matt.18.8	ἐστιν	eimi	V-:3PAI-S--
01180821	Matt.18.8	εἰσελθεῖν	eiserchomai	V-:-AAN----
01180822	Matt.18.8	εἰς	eis	P-:--------
01180823	Matt.18.8	τὴν	ho	RA:----ASF-
01180824	Matt.18.8	ζωὴν	zōē	N-:----ASF-
01180825	Matt.18.8	κυλλὸν	kyllos	A-:----ASM-
01180826	Matt.18.8	ἢ	ē	C-:--------
01180827	Matt.18.8	χωλόν	chōlos	A-:----ASM-
01180828	Matt.18.8	ἢ	ē	C-:--------
01180829	Matt.18.8	δύο	dyo	A-:----APF-
01180830	Matt.18.8	χεῖρας	cheir	N-:----APF-
01180831	Matt.18.8	ἢ	ē	C-:--------
01180832	Matt.18.8	δύο	dyo	A-:----APM-
01180833	Matt.18.8	πόδας	pous	N-:----APM-
01180834	Matt.18.8	ἔχοντα	echō	V-:-PAPASM-
01180835	Matt.18.8	βληθῆναι	ballō	V-:-APN----
01180836	Matt.18.8	εἰς	eis	P-:--------
01180837	Matt.18.8	τὸ	ho	RA:----ASN-
01180838	Matt.18.8	πῦρ	pyr	N-:----ASN-
01180839	Matt.18.8	τὸ	ho	RA:----ASN-
01180840	Matt.18.8	αἰώνιον	aiōnios	A-:----ASN-
01180901	Matt.18.9	καὶ	kai	C-:--------
01180902	Matt.18.9	εἰ	ei	C-:--------
01180903	Matt.18.9	ὁ	ho	RA:----NSM-
01180904	Matt.18.9	ὀφθαλμός	ophthalmos	N-:----NSM-
01180905	Matt.18.9	σου	sy	RP:----GS--
01180906	Matt.18.9	σκανδαλίζει	skandalizō	V-:3PAI-S--
01180907	Matt.18.9	σε	sy	RP:----AS--
01180908	Matt.18.9	ἔξελε	exaireō	V-:2AAD-S--
01180909	Matt.18.9	αὐτὸν	autos	RP:----ASM-
01180910	Matt.18.9	καὶ	kai	C-:--------
01180911	Matt.18.9	βάλε	ballō	V-:2AAD-S--
01180912	Matt.18.9	ἀπὸ	apo	P-:--------
01180913	Matt.18.9	σοῦ	sy	RP:----GS--
01180914	Matt.18.9	καλόν	kalos	A-:----NSN-
01180915	Matt.18.9	σοί	sy	RP:----DS--
01180916	Matt.18.9	ἐστιν	eimi	V-:3PAI-S--
01180917	Matt.18.9	μονόφθαλμον	monophthalmos	A-:----ASM-
01180918	Matt.18.9	εἰς	eis	P-:--------
01180919	Matt.18.9	τὴν	ho	RA:----ASF-
01180920	Matt.18.9	ζωὴν	zōē	N-:----ASF-
01180921	Matt.18.9	εἰσελθεῖν	eiserchomai	V-:-AAN----
01180922	Matt.18.9	ἢ	ē	C-:--------
01180923	Matt.18.9	δύο	dyo	A-:----APM-
01180924	Matt.18.9	ὀφθαλμοὺς	ophthalmos	N-:----APM-
01180925	Matt.18.9	ἔχοντα	echō	V-:-PAPASM-
01180926	Matt.18.9	βληθῆναι	ballō	V-:-APN----
01180927	Matt.18.9	εἰς	eis	P-:--------
01180928	Matt.18.9	τὴν	ho	RA:----ASF-
01180929	Matt.18.9	γέενναν	geenna	N-:----ASF-
01180930	Matt.18.9	τοῦ	ho	RA:----GSN-
01180931	Matt.18.9	πυρός	pyr	N-:----GSN-
01181001	Matt.18.10	Ὁρᾶτε	horaō	V-:2PAD-P--
01181002	Matt.18.10	μὴ	mē	C-:--------
01181003	Matt.18.10	καταφρονήσητε	kataphroneō	V-:2AAS-P--
01181004	Matt.18.10	ἑνὸς	heis	A-:----GSM-
01181005	Matt.18.10	τῶν	ho	RA:----GPM-
01181006	Matt.18.10	μικρῶν	mikros	A-:----GPM-
01181007	Matt.18.10	τούτων	houtos	RD:----GPM-
01181008	Matt.18.10	λέγω	legō	V-:1PAI-S--
01181009	Matt.18.10	γὰρ	gar	C-:--------
01181010	Matt.18.10	ὑμῖν	sy	RP:----DP--
01181011	Matt.18.10	ὅτι	hoti	C-:--------
01181012	Matt.18.10	οἱ	ho	RA:----NPM-
01181013	Matt.18.10	ἄγγελοι	angelos	N-:----NPM-
01181014	Matt.18.10	αὐτῶν	autos	RP:----GPM-
01181015	Matt.18.10	ἐν	en	P-:--------
01181016	Matt.18.10	οὐρανοῖς	ouranos	N-:----DPM-
01181017	Matt.18.10	διὰ	dia	P-:--------
01181018	Matt.18.10	παντὸς	pas	A-:----GSM-
01181019	Matt.18.10	βλέπουσι	blepō	V-:3PAI-P--
01181020	Matt.18.10	τὸ	ho	RA:----ASN-
01181021	Matt.18.10	πρόσωπον	prosōpon	N-:----ASN-
01181022	Matt.18.10	τοῦ	ho	RA:----GSM-
01181023	Matt.18.10	πατρός	patēr	N-:----GSM-
01181024	Matt.18.10	μου	egō	RP:----GS--
01181025	Matt.18.10	τοῦ	ho	RA:----GSM-
01181026	Matt.18.10	ἐν	en	P-:--------
01181027	Matt.18.10	οὐρανοῖς	ouranos	N-:----DPM-
01181201	Matt.18.12	τί	tis	RI:----NSN-
01181202	Matt.18.12	ὑμῖν	sy	RP:----DP--
01181203	Matt.18.12	δοκεῖ	dokeō	V-:3PAI-S--
01181204	Matt.18.12	ἐὰν	ean	C-:--------
01181205	Matt.18.12	γένηταί	ginomai	V-:3AMS-S--
01181206	Matt.18.12	τινι	tis2	RI:----DSM-
01181207	Matt.18.12	ἀνθρώπῳ	anthrōpos	N-:----DSM-
01181208	Matt.18.12	ἑκατὸν	hekaton	A-:----NPN-
01181209	Matt.18.12	πρόβατα	probaton	N-:----NPN-
01181210	Matt.18.12	καὶ	kai	C-:--------
01181211	Matt.18.12	πλανηθῇ	planaō	V-:3APS-S--
01181212	Matt.18.12	ἓν	heis	A-:----NSN-
01181213	Matt.18.12	ἐξ	ek	P-:--------
01181214	Matt.18.12	αὐτῶν	autos	RP:----GPN-
01181215	Matt.18.12	οὐχὶ	ouchi	X-:--------
01181216	Matt.18.12	ἀφήσει	aphiēmi	V-:3FAI-S--
01181217	Matt.18.12	τὰ	ho	RA:----APN-
01181218	Matt.18.12	ἐνενήκοντα	enenēkonta	A-:----APN-
01181219	Matt.18.12	ἐννέα	ennea	A-:----APN-
01181220	Matt.18.12	ἐπὶ	epi	P-:--------
01181221	Matt.18.12	τὰ	ho	RA:----APN-
01181222	Matt.18.12	ὄρη	oros	N-:----APN-
01181223	Matt.18.12	καὶ	kai	C-:--------
01181224	Matt.18.12	πορευθεὶς	poreuomai	V-:-APPNSM-
01181225	Matt.18.12	ζητεῖ	zēteō	V-:3PAI-S--
01181226	Matt.18.12	τὸ	ho	RA:----ASN-
01181227	Matt.18.12	πλανώμενον	planaō	V-:-PPPASN-
01181301	Matt.18.13	καὶ	kai	C-:--------
01181302	Matt.18.13	ἐὰν	ean	C-:--------
01181303	Matt.18.13	γένηται	ginomai	V-:3AMS-S--
01181304	Matt.18.13	εὑρεῖν	heuriskō	V-:-AAN----
01181305	Matt.18.13	αὐτό	autos	RP:----ASN-
01181306	Matt.18.13	ἀμὴν	amēn	X-:--------
01181307	Matt.18.13	λέγω	legō	V-:1PAI-S--
01181308	Matt.18.13	ὑμῖν	sy	RP:----DP--
01181309	Matt.18.13	ὅτι	hoti	C-:--------
01181310	Matt.18.13	χαίρει	chairō	V-:3PAI-S--
01181311	Matt.18.13	ἐπ’	epi	P-:--------
01181312	Matt.18.13	αὐτῷ	autos	RP:----DSN-
01181313	Matt.18.13	μᾶλλον	mallon	D-:--------
01181314	Matt.18.13	ἢ	ē	C-:--------
01181315	Matt.18.13	ἐπὶ	epi	P-:--------
01181316	Matt.18.13	τοῖς	ho	RA:----DPN-
01181317	Matt.18.13	ἐνενήκοντα	enenēkonta	A-:----DPN-
01181318	Matt.18.13	ἐννέα	ennea	A-:----DPN-
01181319	Matt.18.13	τοῖς	ho	RA:----DPN-
01181320	Matt.18.13	μὴ	mē	D-:--------
01181321	Matt.18.13	πεπλανημένοις	planaō	V-:-XPPDPN-
01181401	Matt.18.14	οὕτως	houtō(s)	D-:--------
01181402	Matt.18.14	οὐκ	ou	D-:--------
01181403	Matt.18.14	ἔστιν	eimi	V-:3PAI-S--
01181404	Matt.18.14	θέλημα	thelēma	N-:----NSN-
01181405	Matt.18.14	ἔμπροσθεν	emprosthen	P-:--------
01181406	Matt.18.14	τοῦ	ho	RA:----GSM-
01181407	Matt.18.14	πατρὸς	patēr	N-:----GSM-
01181408	Matt.18.14	ὑμῶν	sy	RP:----GP--
01181409	Matt.18.14	τοῦ	ho	RA:----GSM-
01181410	Matt.18.14	ἐν	en	P-:--------
01181411	Matt.18.14	οὐρανοῖς	ouranos	N-:----DPM-
01181412	Matt.18.14	ἵνα	hina	C-:--------
01181413	Matt.18.14	ἀπόληται	apollymi	V-:3AMS-S--
01181414	Matt.18.14	ἓν	heis	A-:----NSN-
01181415	Matt.18.14	τῶν	ho	RA:----GPN-
01181416	Matt.18.14	μικρῶν	mikros	A-:----GPN-
01181417	Matt.18.14	τούτων	houtos	RD:----GPN-
01181501	Matt.18.15	Ἐὰν	ean	C-:--------
01181502	Matt.18.15	δὲ	de	C-:--------
01181503	Matt.18.15	ἁμαρτήσῃ	hamartanō	V-:3AAS-S--
01181504	Matt.18.15	εἰς	eis	P-:--------
01181505	Matt.18.15	σὲ	sy	RP:----AS--
01181506	Matt.18.15	ὁ	ho	RA:----NSM-
01181507	Matt.18.15	ἀδελφός	adelphos	N-:----NSM-
01181508	Matt.18.15	σου	sy	RP:----GS--
01181509	Matt.18.15	ὕπαγε	hypagō	V-:2PAD-S--
01181510	Matt.18.15	ἔλεγξον	elenchō	V-:2AAD-S--
01181511	Matt.18.15	αὐτὸν	autos	RP:----ASM-
01181512	Matt.18.15	μεταξὺ	metaxy	P-:--------
01181513	Matt.18.15	σοῦ	sy	RP:----GS--
01181514	Matt.18.15	καὶ	kai	C-:--------
01181515	Matt.18.15	αὐτοῦ	autos	RP:----GSM-
01181516	Matt.18.15	μόνου	monos	A-:----GSM-
01181517	Matt.18.15	ἐάν	ean	C-:--------
01181518	Matt.18.15	σου	sy	RP:----GS--
01181519	Matt.18.15	ἀκούσῃ	akouō	V-:3AAS-S--
01181520	Matt.18.15	ἐκέρδησας	kerdainō	V-:2AAI-S--
01181521	Matt.18.15	τὸν	ho	RA:----ASM-
01181522	Matt.18.15	ἀδελφόν	adelphos	N-:----ASM-
01181523	Matt.18.15	σου	sy	RP:----GS--
01181601	Matt.18.16	ἐὰν	ean	C-:--------
01181602	Matt.18.16	δὲ	de	C-:--------
01181603	Matt.18.16	μὴ	mē	D-:--------
01181604	Matt.18.16	ἀκούσῃ	akouō	V-:3AAS-S--
01181605	Matt.18.16	παράλαβε	paralambanō	V-:2AAD-S--
01181606	Matt.18.16	μετὰ	meta	P-:--------
01181607	Matt.18.16	σοῦ	sy	RP:----GS--
01181608	Matt.18.16	ἔτι	eti	D-:--------
01181609	Matt.18.16	ἕνα	heis	A-:----ASM-
01181610	Matt.18.16	ἢ	ē	C-:--------
01181611	Matt.18.16	δύο	dyo	A-:----APM-
01181612	Matt.18.16	ἵνα	hina	C-:--------
01181613	Matt.18.16	ἐπὶ	epi	P-:--------
01181614	Matt.18.16	στόματος	stoma	N-:----GSN-
01181615	Matt.18.16	δύο	dyo	A-:----GPM-
01181616	Matt.18.16	μαρτύρων	martys	N-:----GPM-
01181617	Matt.18.16	ἢ	ē	C-:--------
01181618	Matt.18.16	τριῶν	treis	A-:----GPM-
01181619	Matt.18.16	σταθῇ	histēmi	V-:3APS-S--
01181620	Matt.18.16	πᾶν	pas	A-:----NSN-
01181621	Matt.18.16	ῥῆμα	rhēma	N-:----NSN-
01181701	Matt.18.17	ἐὰν	ean	C-:--------
01181702	Matt.18.17	δὲ	de	C-:--------
01181703	Matt.18.17	παρακούσῃ	parakouō	V-:3AAS-S--
01181704	Matt.18.17	αὐτῶν	autos	RP:----GPM-
01181705	Matt.18.17	εἰπὸν	legō	V-:2AAD-S--
01181706	Matt.18.17	τῇ	ho	RA:----DSF-
01181707	Matt.18.17	ἐκκλησίᾳ	ekklēsia	N-:----DSF-
01181708	Matt.18.17	ἐὰν	ean	C-:--------
01181709	Matt.18.17	δὲ	de	C-:--------
01181710	Matt.18.17	καὶ	kai	D-:--------
01181711	Matt.18.17	τῆς	ho	RA:----GSF-
01181712	Matt.18.17	ἐκκλησίας	ekklēsia	N-:----GSF-
01181713	Matt.18.17	παρακούσῃ	parakouō	V-:3AAS-S--
01181714	Matt.18.17	ἔστω	eimi	V-:3PAD-S--
01181715	Matt.18.17	σοι	sy	RP:----DS--
01181716	Matt.18.17	ὥσπερ	hōsper	C-:--------
01181717	Matt.18.17	ὁ	ho	RA:----NSM-
01181718	Matt.18.17	ἐθνικὸς	ethnikos	A-:----NSM-
01181719	Matt.18.17	καὶ	kai	C-:--------
01181720	Matt.18.17	ὁ	ho	RA:----NSM-
01181721	Matt.18.17	τελώνης	telōnēs	N-:----NSM-
01181801	Matt.18.18	ἀμὴν	amēn	X-:--------
01181802	Matt.18.18	λέγω	legō	V-:1PAI-S--
01181803	Matt.18.18	ὑμῖν	sy	RP:----DP--
01181804	Matt.18.18	ὅσα	hosos	RR:----APN-
01181805	Matt.18.18	ἐὰν	ean	X-:--------
01181806	Matt.18.18	δήσητε	deō	V-:2AAS-P--
01181807	Matt.18.18	ἐπὶ	epi	P-:--------
01181808	Matt.18.18	τῆς	ho	RA:----GSF-
01181809	Matt.18.18	γῆς	gē	N-:----GSF-
01181810	Matt.18.18	ἔσται	eimi	V-:3FMI-S--
01181811	Matt.18.18	δεδεμένα	deō	V-:-XPPNPN-
01181812	Matt.18.18	ἐν	en	P-:--------
01181813	Matt.18.18	οὐρανῷ	ouranos	N-:----DSM-
01181814	Matt.18.18	καὶ	kai	C-:--------
01181815	Matt.18.18	ὅσα	hosos	RR:----APN-
01181816	Matt.18.18	ἐὰν	ean	X-:--------
01181817	Matt.18.18	λύσητε	lyō	V-:2AAS-P--
01181818	Matt.18.18	ἐπὶ	epi	P-:--------
01181819	Matt.18.18	τῆς	ho	RA:----GSF-
01181820	Matt.18.18	γῆς	gē	N-:----GSF-
01181821	Matt.18.18	ἔσται	eimi	V-:3FMI-S--
01181822	Matt.18.18	λελυμένα	lyō	V-:-XPPNPN-
01181823	Matt.18.18	ἐν	en	P-:--------
01181824	Matt.18.18	οὐρανῷ	ouranos	N-:----DSM-
01181901	Matt.18.19	Πάλιν	palin	D-:--------
01181902	Matt.18.19	ἀμὴν	amēn	X-:--------
01181903	Matt.18.19	λέγω	legō	V-:1PAI-S--
01181904	Matt.18.19	ὑμῖν	sy	RP:----DP--
01181905	Matt.18.19	ὅτι	hoti	C-:--------
01181906	Matt.18.19	ἐὰν	ean	C-:--------
01181907	Matt.18.19	δύο	dyo	A-:----NPM-
01181908	Matt.18.19	συμφωνήσωσιν	symphōneō	V-:3AAS-P--
01181909	Matt.18.19	ἐξ	ek	P-:--------
01181910	Matt.18.19	ὑμῶν	sy	RP:----GP--
01181911	Matt.18.19	ἐπὶ	epi	P-:--------
01181912	Matt.18.19	τῆς	ho	RA:----GSF-
01181913	Matt.18.19	γῆς	gē	N-:----GSF-
01181914	Matt.18.19	περὶ	peri	P-:--------
01181915	Matt.18.19	παντὸς	pas	A-:----GSN-
01181916	Matt.18.19	πράγματος	pragma	N-:----GSN-
01181917	Matt.18.19	οὗ	hos	RR:----GSN-
01181918	Matt.18.19	ἐὰν	ean	X-:--------
01181919	Matt.18.19	αἰτήσωνται	aiteō	V-:3AMS-P--
01181920	Matt.18.19	γενήσεται	ginomai	V-:3FMI-S--
01181921	Matt.18.19	αὐτοῖς	autos	RP:----DPM-
01181922	Matt.18.19	παρὰ	para	P-:--------
01181923	Matt.18.19	τοῦ	ho	RA:----GSM-
01181924	Matt.18.19	πατρός	patēr	N-:----GSM-
01181925	Matt.18.19	μου	egō	RP:----GS--
01181926	Matt.18.19	τοῦ	ho	RA:----GSM-
01181927	Matt.18.19	ἐν	en	P-:--------
01181928	Matt.18.19	οὐρανοῖς	ouranos	N-:----DPM-
01182001	Matt.18.20	οὗ	hou	C-:--------
01182002	Matt.18.20	γάρ	gar	C-:--------
01182003	Matt.18.20	εἰσιν	eimi	V-:3PAI-P--
01182004	Matt.18.20	δύο	dyo	A-:----NPM-
01182005	Matt.18.20	ἢ	ē	C-:--------
01182006	Matt.18.20	τρεῖς	treis	A-:----NPM-
01182007	Matt.18.20	συνηγμένοι	synagō	V-:-XPPNPM-
01182008	Matt.18.20	εἰς	eis	P-:--------
01182009	Matt.18.20	τὸ	ho	RA:----ASN-
01182010	Matt.18.20	ἐμὸν	emos	A-:----ASN-
01182011	Matt.18.20	ὄνομα	onoma	N-:----ASN-
01182012	Matt.18.20	ἐκεῖ	ekei	D-:--------
01182013	Matt.18.20	εἰμι	eimi	V-:1PAI-S--
01182014	Matt.18.20	ἐν	en	P-:--------
01182015	Matt.18.20	μέσῳ	mesos	A-:----DSN-
01182016	Matt.18.20	αὐτῶν	autos	RP:----GPM-
01182101	Matt.18.21	Τότε	tote	D-:--------
01182102	Matt.18.21	προσελθὼν	proserchomai	V-:-AAPNSM-
01182103	Matt.18.21	αὐτῷ	autos	RP:----DSM-
01182104	Matt.18.21	ὁ	ho	RA:----NSM-
01182105	Matt.18.21	Πέτρος	petros	N-:----NSM-
01182106	Matt.18.21	εἶπεν	legō	V-:3AAI-S--
01182107	Matt.18.21	Κύριε	kyrios	N-:----VSM-
01182108	Matt.18.21	ποσάκις	posakis	D-:--------
01182109	Matt.18.21	ἁμαρτήσει	hamartanō	V-:3FAI-S--
01182110	Matt.18.21	εἰς	eis	P-:--------
01182111	Matt.18.21	ἐμὲ	egō	RP:----AS--
01182112	Matt.18.21	ὁ	ho	RA:----NSM-
01182113	Matt.18.21	ἀδελφός	adelphos	N-:----NSM-
01182114	Matt.18.21	μου	egō	RP:----GS--
01182115	Matt.18.21	καὶ	kai	C-:--------
01182116	Matt.18.21	ἀφήσω	aphiēmi	V-:1FAI-S--
01182117	Matt.18.21	αὐτῷ	autos	RP:----DSM-
01182118	Matt.18.21	ἕως	heōs	P-:--------
01182119	Matt.18.21	ἑπτάκις	heptakis	D-:--------
01182201	Matt.18.22	λέγει	legō	V-:3PAI-S--
01182202	Matt.18.22	αὐτῷ	autos	RP:----DSM-
01182203	Matt.18.22	ὁ	ho	RA:----NSM-
01182204	Matt.18.22	Ἰησοῦς	iēsous	N-:----NSM-
01182205	Matt.18.22	Οὐ	ou	D-:--------
01182206	Matt.18.22	λέγω	legō	V-:1PAI-S--
01182207	Matt.18.22	σοι	sy	RP:----DS--
01182208	Matt.18.22	ἕως	heōs	P-:--------
01182209	Matt.18.22	ἑπτάκις	heptakis	D-:--------
01182210	Matt.18.22	ἀλλὰ	alla	C-:--------
01182211	Matt.18.22	ἕως	heōs	P-:--------
01182212	Matt.18.22	ἑβδομηκοντάκις	hebdomēkontakis	D-:--------
01182213	Matt.18.22	ἑπτά	hepta	A-:----GPN-
01182301	Matt.18.23	Διὰ	dia	P-:--------
01182302	Matt.18.23	τοῦτο	houtos	RD:----ASN-
01182303	Matt.18.23	ὡμοιώθη	homoioō	V-:3API-S--
01182304	Matt.18.23	ἡ	ho	RA:----NSF-
01182305	Matt.18.23	βασιλεία	basileia	N-:----NSF-
01182306	Matt.18.23	τῶν	ho	RA:----GPM-
01182307	Matt.18.23	οὐρανῶν	ouranos	N-:----GPM-
01182308	Matt.18.23	ἀνθρώπῳ	anthrōpos	N-:----DSM-
01182309	Matt.18.23	βασιλεῖ	basileus	N-:----DSM-
01182310	Matt.18.23	ὃς	hos	RR:----NSM-
01182311	Matt.18.23	ἠθέλησεν	thelō	V-:3AAI-S--
01182312	Matt.18.23	συνᾶραι	synairō	V-:-AAN----
01182313	Matt.18.23	λόγον	logos	N-:----ASM-
01182314	Matt.18.23	μετὰ	meta	P-:--------
01182315	Matt.18.23	τῶν	ho	RA:----GPM-
01182316	Matt.18.23	δούλων	doulos	N-:----GPM-
01182317	Matt.18.23	αὐτοῦ	autos	RP:----GSM-
01182401	Matt.18.24	ἀρξαμένου	archō	V-:-AMPGSM-
01182402	Matt.18.24	δὲ	de	C-:--------
01182403	Matt.18.24	αὐτοῦ	autos	RP:----GSM-
01182404	Matt.18.24	συναίρειν	synairō	V-:-PAN----
01182405	Matt.18.24	προσηνέχθη	prospherō	V-:3API-S--
01182406	Matt.18.24	αὐτῷ	autos	RP:----DSM-
01182407	Matt.18.24	εἷς	heis	A-:----NSM-
01182408	Matt.18.24	ὀφειλέτης	opheiletēs	N-:----NSM-
01182409	Matt.18.24	μυρίων	myrioi	A-:----GPN-
01182410	Matt.18.24	ταλάντων	talanton	N-:----GPN-
01182501	Matt.18.25	μὴ	mē	D-:--------
01182502	Matt.18.25	ἔχοντος	echō	V-:-PAPGSM-
01182503	Matt.18.25	δὲ	de	C-:--------
01182504	Matt.18.25	αὐτοῦ	autos	RP:----GSM-
01182505	Matt.18.25	ἀποδοῦναι	apodidōmi	V-:-AAN----
01182506	Matt.18.25	ἐκέλευσεν	keleuō	V-:3AAI-S--
01182507	Matt.18.25	αὐτὸν	autos	RP:----ASM-
01182508	Matt.18.25	ὁ	ho	RA:----NSM-
01182509	Matt.18.25	κύριος	kyrios	N-:----NSM-
01182510	Matt.18.25	πραθῆναι	pipraskō	V-:-APN----
01182511	Matt.18.25	καὶ	kai	C-:--------
01182512	Matt.18.25	τὴν	ho	RA:----ASF-
01182513	Matt.18.25	γυναῖκα	gynē	N-:----ASF-
01182514	Matt.18.25	καὶ	kai	C-:--------
01182515	Matt.18.25	τὰ	ho	RA:----APN-
01182516	Matt.18.25	τέκνα	teknon	N-:----APN-
01182517	Matt.18.25	καὶ	kai	C-:--------
01182518	Matt.18.25	πάντα	pas	A-:----APN-
01182519	Matt.18.25	ὅσα	hosos	RR:----APN-
01182520	Matt.18.25	ἔχει	echō	V-:3PAI-S--
01182521	Matt.18.25	καὶ	kai	C-:--------
01182522	Matt.18.25	ἀποδοθῆναι	apodidōmi	V-:-APN----
01182601	Matt.18.26	πεσὼν	piptō	V-:-AAPNSM-
01182602	Matt.18.26	οὖν	oun	C-:--------
01182603	Matt.18.26	ὁ	ho	RA:----NSM-
01182604	Matt.18.26	δοῦλος	doulos	N-:----NSM-
01182605	Matt.18.26	προσεκύνει	proskyneō	V-:3IAI-S--
01182606	Matt.18.26	αὐτῷ	autos	RP:----DSM-
01182607	Matt.18.26	λέγων	legō	V-:-PAPNSM-
01182608	Matt.18.26	Μακροθύμησον	makrothymeō	V-:2AAD-S--
01182609	Matt.18.26	ἐπ’	epi	P-:--------
01182610	Matt.18.26	ἐμοί	egō	RP:----DS--
01182611	Matt.18.26	καὶ	kai	C-:--------
01182612	Matt.18.26	πάντα	pas	A-:----APN-
01182613	Matt.18.26	ἀποδώσω	apodidōmi	V-:1FAI-S--
01182614	Matt.18.26	σοι	sy	RP:----DS--
01182701	Matt.18.27	σπλαγχνισθεὶς	splanchnizomai	V-:-APPNSM-
01182702	Matt.18.27	δὲ	de	C-:--------
01182703	Matt.18.27	ὁ	ho	RA:----NSM-
01182704	Matt.18.27	κύριος	kyrios	N-:----NSM-
01182705	Matt.18.27	τοῦ	ho	RA:----GSM-
01182706	Matt.18.27	δούλου	doulos	N-:----GSM-
01182707	Matt.18.27	ἐκείνου	ekeinos	RD:----GSM-
01182708	Matt.18.27	ἀπέλυσεν	apolyō	V-:3AAI-S--
01182709	Matt.18.27	αὐτόν	autos	RP:----ASM-
01182710	Matt.18.27	καὶ	kai	C-:--------
01182711	Matt.18.27	τὸ	ho	RA:----ASN-
01182712	Matt.18.27	δάνειον	daneion	N-:----ASN-
01182713	Matt.18.27	ἀφῆκεν	aphiēmi	V-:3AAI-S--
01182714	Matt.18.27	αὐτῷ	autos	RP:----DSM-
01182801	Matt.18.28	ἐξελθὼν	exerchomai	V-:-AAPNSM-
01182802	Matt.18.28	δὲ	de	C-:--------
01182803	Matt.18.28	ὁ	ho	RA:----NSM-
01182804	Matt.18.28	δοῦλος	doulos	N-:----NSM-
01182805	Matt.18.28	ἐκεῖνος	ekeinos	RD:----NSM-
01182806	Matt.18.28	εὗρεν	heuriskō	V-:3AAI-S--
01182807	Matt.18.28	ἕνα	heis	A-:----ASM-
01182808	Matt.18.28	τῶν	ho	RA:----GPM-
01182809	Matt.18.28	συνδούλων	syndoulos	N-:----GPM-
01182810	Matt.18.28	αὐτοῦ	autos	RP:----GSM-
01182811	Matt.18.28	ὃς	hos	RR:----NSM-
01182812	Matt.18.28	ὤφειλεν	opheilō	V-:3IAI-S--
01182813	Matt.18.28	αὐτῷ	autos	RP:----DSM-
01182814	Matt.18.28	ἑκατὸν	hekaton	A-:----APN-
01182815	Matt.18.28	δηνάρια	dēnarion	N-:----APN-
01182816	Matt.18.28	καὶ	kai	C-:--------
01182817	Matt.18.28	κρατήσας	krateō	V-:-AAPNSM-
01182818	Matt.18.28	αὐτὸν	autos	RP:----ASM-
01182819	Matt.18.28	ἔπνιγεν	pnigō	V-:3IAI-S--
01182820	Matt.18.28	λέγων	legō	V-:-PAPNSM-
01182821	Matt.18.28	Ἀπόδος	apodidōmi	V-:2AAD-S--
01182822	Matt.18.28	εἴ	ei	C-:--------
01182823	Matt.18.28	τι	tis2	RI:----ASN-
01182824	Matt.18.28	ὀφείλεις	opheilō	V-:2PAI-S--
01182901	Matt.18.29	πεσὼν	piptō	V-:-AAPNSM-
01182902	Matt.18.29	οὖν	oun	C-:--------
01182903	Matt.18.29	ὁ	ho	RA:----NSM-
01182904	Matt.18.29	σύνδουλος	syndoulos	N-:----NSM-
01182905	Matt.18.29	αὐτοῦ	autos	RP:----GSM-
01182906	Matt.18.29	παρεκάλει	parakaleō	V-:3IAI-S--
01182907	Matt.18.29	αὐτὸν	autos	RP:----ASM-
01182908	Matt.18.29	λέγων	legō	V-:-PAPNSM-
01182909	Matt.18.29	Μακροθύμησον	makrothymeō	V-:2AAD-S--
01182910	Matt.18.29	ἐπ’	epi	P-:--------
01182911	Matt.18.29	ἐμοί	egō	RP:----DS--
01182912	Matt.18.29	καὶ	kai	C-:--------
01182913	Matt.18.29	ἀποδώσω	apodidōmi	V-:1FAI-S--
01182914	Matt.18.29	σοι	sy	RP:----DS--
01183001	Matt.18.30	ὁ	ho	RA:----NSM-
01183002	Matt.18.30	δὲ	de	C-:--------
01183003	Matt.18.30	οὐκ	ou	D-:--------
01183004	Matt.18.30	ἤθελεν	thelō	V-:3IAI-S--
01183005	Matt.18.30	ἀλλὰ	alla	C-:--------
01183006	Matt.18.30	ἀπελθὼν	aperchomai	V-:-AAPNSM-
01183007	Matt.18.30	ἔβαλεν	ballō	V-:3AAI-S--
01183008	Matt.18.30	αὐτὸν	autos	RP:----ASM-
01183009	Matt.18.30	εἰς	eis	P-:--------
01183010	Matt.18.30	φυλακὴν	phylakē	N-:----ASF-
01183011	Matt.18.30	ἕως	heōs	C-:--------
01183012	Matt.18.30	οὗ	hos	RR:----GSM-
01183013	Matt.18.30	ἀποδῷ	apodidōmi	V-:3AAS-S--
01183014	Matt.18.30	τὸ	ho	RA:----ASN-
01183015	Matt.18.30	ὀφειλόμενον	opheilō	V-:-PPPASN-
01183101	Matt.18.31	ἰδόντες	horaō	V-:-AAPNPM-
01183102	Matt.18.31	οὖν	oun	C-:--------
01183103	Matt.18.31	οἱ	ho	RA:----NPM-
01183104	Matt.18.31	σύνδουλοι	syndoulos	N-:----NPM-
01183105	Matt.18.31	αὐτοῦ	autos	RP:----GSM-
01183106	Matt.18.31	τὰ	ho	RA:----APN-
01183107	Matt.18.31	γενόμενα	ginomai	V-:-AMPAPN-
01183108	Matt.18.31	ἐλυπήθησαν	lypeō	V-:3API-P--
01183109	Matt.18.31	σφόδρα	sphodra	D-:--------
01183110	Matt.18.31	καὶ	kai	C-:--------
01183111	Matt.18.31	ἐλθόντες	erchomai	V-:-AAPNPM-
01183112	Matt.18.31	διεσάφησαν	diasapheō	V-:3AAI-P--
01183113	Matt.18.31	τῷ	ho	RA:----DSM-
01183114	Matt.18.31	κυρίῳ	kyrios	N-:----DSM-
01183115	Matt.18.31	ἑαυτῶν	heautou	RP:----GPM-
01183116	Matt.18.31	πάντα	pas	A-:----APN-
01183117	Matt.18.31	τὰ	ho	RA:----APN-
01183118	Matt.18.31	γενόμενα	ginomai	V-:-AMPAPN-
01183201	Matt.18.32	τότε	tote	D-:--------
01183202	Matt.18.32	προσκαλεσάμενος	proskaleomai	V-:-AMPNSM-
01183203	Matt.18.32	αὐτὸν	autos	RP:----ASM-
01183204	Matt.18.32	ὁ	ho	RA:----NSM-
01183205	Matt.18.32	κύριος	kyrios	N-:----NSM-
01183206	Matt.18.32	αὐτοῦ	autos	RP:----GSM-
01183207	Matt.18.32	λέγει	legō	V-:3PAI-S--
01183208	Matt.18.32	αὐτῷ	autos	RP:----DSM-
01183209	Matt.18.32	Δοῦλε	doulos	N-:----VSM-
01183210	Matt.18.32	πονηρέ	ponēros	A-:----VSM-
01183211	Matt.18.32	πᾶσαν	pas	A-:----ASF-
01183212	Matt.18.32	τὴν	ho	RA:----ASF-
01183213	Matt.18.32	ὀφειλὴν	opheilē	N-:----ASF-
01183214	Matt.18.32	ἐκείνην	ekeinos	RD:----ASF-
01183215	Matt.18.32	ἀφῆκά	aphiēmi	V-:1AAI-S--
01183216	Matt.18.32	σοι	sy	RP:----DS--
01183217	Matt.18.32	ἐπεὶ	epei	C-:--------
01183218	Matt.18.32	παρεκάλεσάς	parakaleō	V-:2AAI-S--
01183219	Matt.18.32	με	egō	RP:----AS--
01183301	Matt.18.33	οὐκ	ou	X-:--------
01183302	Matt.18.33	ἔδει	deō	V-:3IAI-S--
01183303	Matt.18.33	καὶ	kai	D-:--------
01183304	Matt.18.33	σὲ	sy	RP:----AS--
01183305	Matt.18.33	ἐλεῆσαι	eleaō	V-:-AAN----
01183306	Matt.18.33	τὸν	ho	RA:----ASM-
01183307	Matt.18.33	σύνδουλόν	syndoulos	N-:----ASM-
01183308	Matt.18.33	σου	sy	RP:----GS--
01183309	Matt.18.33	ὡς	hōs	C-:--------
01183310	Matt.18.33	κἀγὼ	kagō	RP:----NS--
01183311	Matt.18.33	σὲ	sy	RP:----AS--
01183312	Matt.18.33	ἠλέησα	eleaō	V-:1AAI-S--
01183401	Matt.18.34	καὶ	kai	C-:--------
01183402	Matt.18.34	ὀργισθεὶς	orgizomai	V-:-APPNSM-
01183403	Matt.18.34	ὁ	ho	RA:----NSM-
01183404	Matt.18.34	κύριος	kyrios	N-:----NSM-
01183405	Matt.18.34	αὐτοῦ	autos	RP:----GSM-
01183406	Matt.18.34	παρέδωκεν	paradidōmi	V-:3AAI-S--
01183407	Matt.18.34	αὐτὸν	autos	RP:----ASM-
01183408	Matt.18.34	τοῖς	ho	RA:----DPM-
01183409	Matt.18.34	βασανισταῖς	basanistēs	N-:----DPM-
01183410	Matt.18.34	ἕως	heōs	P-:--------
01183411	Matt.18.34	οὗ	hos	RR:----GSM-
01183412	Matt.18.34	ἀποδῷ	apodidōmi	V-:3AAS-S--
01183413	Matt.18.34	πᾶν	pas	A-:----ASN-
01183414	Matt.18.34	τὸ	ho	RA:----ASN-
01183415	Matt.18.34	ὀφειλόμενον	opheilō	V-:-PPPASN-
01183501	Matt.18.35	Οὕτως	houtō(s)	D-:--------
01183502	Matt.18.35	καὶ	kai	D-:--------
01183503	Matt.18.35	ὁ	ho	RA:----NSM-
01183504	Matt.18.35	πατήρ	patēr	N-:----NSM-
01183505	Matt.18.35	μου	egō	RP:----GS--
01183506	Matt.18.35	ὁ	ho	RA:----NSM-
01183507	Matt.18.35	οὐράνιος	ouranios	A-:----NSM-
01183508	Matt.18.35	ποιήσει	poieō	V-:3FAI-S--
01183509	Matt.18.35	ὑμῖν	sy	RP:----DP--
01183510	Matt.18.35	ἐὰν	ean	C-:--------
01183511	Matt.18.35	μὴ	mē	D-:--------
01183512	Matt.18.35	ἀφῆτε	aphiēmi	V-:2AAS-P--
01183513	Matt.18.35	ἕκαστος	hekastos	A-:----NSM-
01183514	Matt.18.35	τῷ	ho	RA:----DSM-
01183515	Matt.18.35	ἀδελφῷ	adelphos	N-:----DSM-
01183516	Matt.18.35	αὐτοῦ	autos	RP:----GSM-
01183517	Matt.18.35	ἀπὸ	apo	P-:--------
01183518	Matt.18.35	τῶν	ho	RA:----GPF-
01183519	Matt.18.35	καρδιῶν	kardia	N-:----GPF-
01183520	Matt.18.35	ὑμῶν	sy	RP:----GP--
01190101	Matt.19.1	Καὶ	kai	C-:--------
01190102	Matt.19.1	ἐγένετο	ginomai	V-:3AMI-S--
01190103	Matt.19.1	ὅτε	hote	C-:--------
01190104	Matt.19.1	ἐτέλεσεν	teleō	V-:3AAI-S--
01190105	Matt.19.1	ὁ	ho	RA:----NSM-
01190106	Matt.19.1	Ἰησοῦς	iēsous	N-:----NSM-
01190107	Matt.19.1	τοὺς	ho	RA:----APM-
01190108	Matt.19.1	λόγους	logos	N-:----APM-
01190109	Matt.19.1	τούτους	houtos	RD:----APM-
01190110	Matt.19.1	μετῆρεν	metairō	V-:3AAI-S--
01190111	Matt.19.1	ἀπὸ	apo	P-:--------
01190112	Matt.19.1	τῆς	ho	RA:----GSF-
01190113	Matt.19.1	Γαλιλαίας	galilaia	N-:----GSF-
01190114	Matt.19.1	καὶ	kai	C-:--------
01190115	Matt.19.1	ἦλθεν	erchomai	V-:3AAI-S--
01190116	Matt.19.1	εἰς	eis	P-:--------
01190117	Matt.19.1	τὰ	ho	RA:----APN-
01190118	Matt.19.1	ὅρια	horion	N-:----APN-
01190119	Matt.19.1	τῆς	ho	RA:----GSF-
01190120	Matt.19.1	Ἰουδαίας	ioudaia	N-:----GSF-
01190121	Matt.19.1	πέραν	peran	P-:--------
01190122	Matt.19.1	τοῦ	ho	RA:----GSM-
01190123	Matt.19.1	Ἰορδάνου	iordanēs	N-:----GSM-
01190201	Matt.19.2	καὶ	kai	C-:--------
01190202	Matt.19.2	ἠκολούθησαν	akoloutheō	V-:3AAI-P--
01190203	Matt.19.2	αὐτῷ	autos	RP:----DSM-
01190204	Matt.19.2	ὄχλοι	ochlos	N-:----NPM-
01190205	Matt.19.2	πολλοί	polys	A-:----NPM-
01190206	Matt.19.2	καὶ	kai	C-:--------
01190207	Matt.19.2	ἐθεράπευσεν	therapeuō	V-:3AAI-S--
01190208	Matt.19.2	αὐτοὺς	autos	RP:----APM-
01190209	Matt.19.2	ἐκεῖ	ekei	D-:--------
01190301	Matt.19.3	Καὶ	kai	C-:--------
01190302	Matt.19.3	προσῆλθον	proserchomai	V-:3AAI-P--
01190303	Matt.19.3	αὐτῷ	autos	RP:----DSM-
01190304	Matt.19.3	Φαρισαῖοι	pharisaios	N-:----NPM-
01190305	Matt.19.3	πειράζοντες	peirazō	V-:-PAPNPM-
01190306	Matt.19.3	αὐτὸν	autos	RP:----ASM-
01190307	Matt.19.3	καὶ	kai	C-:--------
01190308	Matt.19.3	λέγοντες	legō	V-:-PAPNPM-
01190309	Matt.19.3	Εἰ	ei	X-:--------
01190310	Matt.19.3	ἔξεστιν	exesti(n)	V-:3PAI-S--
01190311	Matt.19.3	ἀνθρώπῳ	anthrōpos	N-:----DSM-
01190312	Matt.19.3	ἀπολῦσαι	apolyō	V-:-AAN----
01190313	Matt.19.3	τὴν	ho	RA:----ASF-
01190314	Matt.19.3	γυναῖκα	gynē	N-:----ASF-
01190315	Matt.19.3	αὐτοῦ	autos	RP:----GSM-
01190316	Matt.19.3	κατὰ	kata	P-:--------
01190317	Matt.19.3	πᾶσαν	pas	A-:----ASF-
01190318	Matt.19.3	αἰτίαν	aitia	N-:----ASF-
01190401	Matt.19.4	ὁ	ho	RA:----NSM-
01190402	Matt.19.4	δὲ	de	C-:--------
01190403	Matt.19.4	ἀποκριθεὶς	apokrinomai	V-:-APPNSM-
01190404	Matt.19.4	εἶπεν	legō	V-:3AAI-S--
01190405	Matt.19.4	Οὐκ	ou	X-:--------
01190406	Matt.19.4	ἀνέγνωτε	anaginōskō	V-:2AAI-P--
01190407	Matt.19.4	ὅτι	hoti	C-:--------
01190408	Matt.19.4	ὁ	ho	RA:----NSM-
01190409	Matt.19.4	κτίσας	ktizō	V-:-AAPNSM-
01190410	Matt.19.4	ἀπ’	apo	P-:--------
01190411	Matt.19.4	ἀρχῆς	archē	N-:----GSF-
01190412	Matt.19.4	ἄρσεν	arsēn	A-:----ASN-
01190413	Matt.19.4	καὶ	kai	C-:--------
01190414	Matt.19.4	θῆλυ	thēlys	A-:----ASN-
01190415	Matt.19.4	ἐποίησεν	poieō	V-:3AAI-S--
01190416	Matt.19.4	αὐτοὺς	autos	RP:----APM-
01190501	Matt.19.5	καὶ	kai	C-:--------
01190502	Matt.19.5	εἶπεν	legō	V-:3AAI-S--
01190503	Matt.19.5	Ἕνεκα	heneka	P-:--------
01190504	Matt.19.5	τούτου	houtos	RD:----GSN-
01190505	Matt.19.5	καταλείψει	kataleipō	V-:3FAI-S--
01190506	Matt.19.5	ἄνθρωπος	anthrōpos	N-:----NSM-
01190507	Matt.19.5	τὸν	ho	RA:----ASM-
01190508	Matt.19.5	πατέρα	patēr	N-:----ASM-
01190509	Matt.19.5	καὶ	kai	C-:--------
01190510	Matt.19.5	τὴν	ho	RA:----ASF-
01190511	Matt.19.5	μητέρα	mētēr	N-:----ASF-
01190512	Matt.19.5	καὶ	kai	C-:--------
01190513	Matt.19.5	κολληθήσεται	kollaomai	V-:3FPI-S--
01190514	Matt.19.5	τῇ	ho	RA:----DSF-
01190515	Matt.19.5	γυναικὶ	gynē	N-:----DSF-
01190516	Matt.19.5	αὐτοῦ	autos	RP:----GSM-
01190517	Matt.19.5	καὶ	kai	C-:--------
01190518	Matt.19.5	ἔσονται	eimi	V-:3FMI-P--
01190519	Matt.19.5	οἱ	ho	RA:----NPM-
01190520	Matt.19.5	δύο	dyo	A-:----NPM-
01190521	Matt.19.5	εἰς	eis	P-:--------
01190522	Matt.19.5	σάρκα	sarx	N-:----ASF-
01190523	Matt.19.5	μίαν	heis	A-:----ASF-
01190601	Matt.19.6	ὥστε	hōste	C-:--------
01190602	Matt.19.6	οὐκέτι	ouketi	D-:--------
01190603	Matt.19.6	εἰσὶν	eimi	V-:3PAI-P--
01190604	Matt.19.6	δύο	dyo	A-:----NPM-
01190605	Matt.19.6	ἀλλὰ	alla	C-:--------
01190606	Matt.19.6	σὰρξ	sarx	N-:----NSF-
01190607	Matt.19.6	μία	heis	A-:----NSF-
01190608	Matt.19.6	ὃ	hos	RR:----ASN-
01190609	Matt.19.6	οὖν	oun	C-:--------
01190610	Matt.19.6	ὁ	ho	RA:----NSM-
01190611	Matt.19.6	θεὸς	theos	N-:----NSM-
01190612	Matt.19.6	συνέζευξεν	syzeugnymi	V-:3AAI-S--
01190613	Matt.19.6	ἄνθρωπος	anthrōpos	N-:----NSM-
01190614	Matt.19.6	μὴ	mē	D-:--------
01190615	Matt.19.6	χωριζέτω	chōrizō	V-:3PAD-S--
01190701	Matt.19.7	λέγουσιν	legō	V-:3PAI-P--
01190702	Matt.19.7	αὐτῷ	autos	RP:----DSM-
01190703	Matt.19.7	Τί	tis	RI:----ASN-
01190704	Matt.19.7	οὖν	oun	C-:--------
01190705	Matt.19.7	Μωϋσῆς	mōysēs	N-:----NSM-
01190706	Matt.19.7	ἐνετείλατο	entellomai	V-:3AMI-S--
01190707	Matt.19.7	δοῦναι	didōmi	V-:-AAN----
01190708	Matt.19.7	βιβλίον	biblion	N-:----ASN-
01190709	Matt.19.7	ἀποστασίου	apostasion	N-:----GSN-
01190710	Matt.19.7	καὶ	kai	C-:--------
01190711	Matt.19.7	ἀπολῦσαι	apolyō	V-:-AAN----
01190712	Matt.19.7	αὐτήν	autos	RP:----ASF-
01190801	Matt.19.8	λέγει	legō	V-:3PAI-S--
01190802	Matt.19.8	αὐτοῖς	autos	RP:----DPM-
01190803	Matt.19.8	ὅτι	hoti	C-:--------
01190804	Matt.19.8	Μωϋσῆς	mōysēs	N-:----NSM-
01190805	Matt.19.8	πρὸς	pros	P-:--------
01190806	Matt.19.8	τὴν	ho	RA:----ASF-
01190807	Matt.19.8	σκληροκαρδίαν	sklērokardia	N-:----ASF-
01190808	Matt.19.8	ὑμῶν	sy	RP:----GP--
01190809	Matt.19.8	ἐπέτρεψεν	epitrepō	V-:3AAI-S--
01190810	Matt.19.8	ὑμῖν	sy	RP:----DP--
01190811	Matt.19.8	ἀπολῦσαι	apolyō	V-:-AAN----
01190812	Matt.19.8	τὰς	ho	RA:----APF-
01190813	Matt.19.8	γυναῖκας	gynē	N-:----APF-
01190814	Matt.19.8	ὑμῶν	sy	RP:----GP--
01190815	Matt.19.8	ἀπ’	apo	P-:--------
01190816	Matt.19.8	ἀρχῆς	archē	N-:----GSF-
01190817	Matt.19.8	δὲ	de	C-:--------
01190818	Matt.19.8	οὐ	ou	D-:--------
01190819	Matt.19.8	γέγονεν	ginomai	V-:3XAI-S--
01190820	Matt.19.8	οὕτως	houtō(s)	D-:--------
01190901	Matt.19.9	λέγω	legō	V-:1PAI-S--
01190902	Matt.19.9	δὲ	de	C-:--------
01190903	Matt.19.9	ὑμῖν	sy	RP:----DP--
01190904	Matt.19.9	ὅτι	hoti	C-:--------
01190905	Matt.19.9	ὃς	hos	RR:----NSM-
01190906	Matt.19.9	ἂν	an	X-:--------
01190907	Matt.19.9	ἀπολύσῃ	apolyō	V-:3AAS-S--
01190908	Matt.19.9	τὴν	ho	RA:----ASF-
01190909	Matt.19.9	γυναῖκα	gynē	N-:----ASF-
01190910	Matt.19.9	αὐτοῦ	autos	RP:----GSM-
01190911	Matt.19.9	μὴ	mē	D-:--------
01190912	Matt.19.9	ἐπὶ	epi	P-:--------
01190913	Matt.19.9	πορνείᾳ	porneia	N-:----DSF-
01190914	Matt.19.9	καὶ	kai	C-:--------
01190915	Matt.19.9	γαμήσῃ	gameō	V-:3AAS-S--
01190916	Matt.19.9	ἄλλην	allos	A-:----ASF-
01190917	Matt.19.9	μοιχᾶται	moichaomai	V-:3PMI-S--
01190918	Matt.19.9	καὶ	kai	C-:--------
01190919	Matt.19.9	ὁ	ho	RA:----NSM-
01190920	Matt.19.9	ἀπολελυμένην	apolyō	V-:-XPPASF-
01190921	Matt.19.9	γαμήσας	gameō	V-:-AAPNSM-
01190922	Matt.19.9	μοιχᾶται	moichaomai	V-:3PMI-S--
01191001	Matt.19.10	Λέγουσιν	legō	V-:3PAI-P--
01191002	Matt.19.10	αὐτῷ	autos	RP:----DSM-
01191003	Matt.19.10	οἱ	ho	RA:----NPM-
01191004	Matt.19.10	μαθηταί	mathētēs	N-:----NPM-
01191005	Matt.19.10	Εἰ	ei	C-:--------
01191006	Matt.19.10	οὕτως	houtō(s)	D-:--------
01191007	Matt.19.10	ἐστὶν	eimi	V-:3PAI-S--
01191008	Matt.19.10	ἡ	ho	RA:----NSF-
01191009	Matt.19.10	αἰτία	aitia	N-:----NSF-
01191010	Matt.19.10	τοῦ	ho	RA:----GSM-
01191011	Matt.19.10	ἀνθρώπου	anthrōpos	N-:----GSM-
01191012	Matt.19.10	μετὰ	meta	P-:--------
01191013	Matt.19.10	τῆς	ho	RA:----GSF-
01191014	Matt.19.10	γυναικός	gynē	N-:----GSF-
01191015	Matt.19.10	οὐ	ou	D-:--------
01191016	Matt.19.10	συμφέρει	sympherō	V-:3PAI-S--
01191017	Matt.19.10	γαμῆσαι	gameō	V-:-AAN----
01191101	Matt.19.11	ὁ	ho	RA:----NSM-
01191102	Matt.19.11	δὲ	de	C-:--------
01191103	Matt.19.11	εἶπεν	legō	V-:3AAI-S--
01191104	Matt.19.11	αὐτοῖς	autos	RP:----DPM-
01191105	Matt.19.11	Οὐ	ou	D-:--------
01191106	Matt.19.11	πάντες	pas	A-:----NPM-
01191107	Matt.19.11	χωροῦσι	chōreō	V-:3PAI-P--
01191108	Matt.19.11	τὸν	ho	RA:----ASM-
01191109	Matt.19.11	λόγον	logos	N-:----ASM-
01191110	Matt.19.11	τοῦτον	houtos	RD:----ASM-
01191111	Matt.19.11	ἀλλ’	alla	C-:--------
01191112	Matt.19.11	οἷς	hos	RR:----DPM-
01191113	Matt.19.11	δέδοται	didōmi	V-:3XPI-S--
01191201	Matt.19.12	εἰσὶν	eimi	V-:3PAI-P--
01191202	Matt.19.12	γὰρ	gar	C-:--------
01191203	Matt.19.12	εὐνοῦχοι	eunouchos	N-:----NPM-
01191204	Matt.19.12	οἵτινες	hostis	RR:----NPM-
01191205	Matt.19.12	ἐκ	ek	P-:--------
01191206	Matt.19.12	κοιλίας	koilia	N-:----GSF-
01191207	Matt.19.12	μητρὸς	mētēr	N-:----GSF-
01191208	Matt.19.12	ἐγεννήθησαν	gennaō	V-:3API-P--
01191209	Matt.19.12	οὕτως	houtō(s)	D-:--------
01191210	Matt.19.12	καὶ	kai	C-:--------
01191211	Matt.19.12	εἰσὶν	eimi	V-:3PAI-P--
01191212	Matt.19.12	εὐνοῦχοι	eunouchos	N-:----NPM-
01191213	Matt.19.12	οἵτινες	hostis	RR:----NPM-
01191214	Matt.19.12	εὐνουχίσθησαν	eunouchizō	V-:3API-P--
01191215	Matt.19.12	ὑπὸ	hypo	P-:--------
01191216	Matt.19.12	τῶν	ho	RA:----GPM-
01191217	Matt.19.12	ἀνθρώπων	anthrōpos	N-:----GPM-
01191218	Matt.19.12	καὶ	kai	C-:--------
01191219	Matt.19.12	εἰσὶν	eimi	V-:3PAI-P--
01191220	Matt.19.12	εὐνοῦχοι	eunouchos	N-:----NPM-
01191221	Matt.19.12	οἵτινες	hostis	RR:----NPM-
01191222	Matt.19.12	εὐνούχισαν	eunouchizō	V-:3AAI-P--
01191223	Matt.19.12	ἑαυτοὺς	heautou	RP:----APM-
01191224	Matt.19.12	διὰ	dia	P-:--------
01191225	Matt.19.12	τὴν	ho	RA:----ASF-
01191226	Matt.19.12	βασιλείαν	basileia	N-:----ASF-
01191227	Matt.19.12	τῶν	ho	RA:----GPM-
01191228	Matt.19.12	οὐρανῶν	ouranos	N-:----GPM-
01191229	Matt.19.12	ὁ	ho	RA:----NSM-
01191230	Matt.19.12	δυνάμενος	dynamai	V-:-PMPNSM-
01191231	Matt.19.12	χωρεῖν	chōreō	V-:-PAN----
01191232	Matt.19.12	χωρείτω	chōreō	V-:3PAD-S--
01191301	Matt.19.13	Τότε	tote	D-:--------
01191302	Matt.19.13	προσηνέχθησαν	prospherō	V-:3API-P--
01191303	Matt.19.13	αὐτῷ	autos	RP:----DSM-
01191304	Matt.19.13	παιδία	paidion	N-:----NPN-
01191305	Matt.19.13	ἵνα	hina	C-:--------
01191306	Matt.19.13	τὰς	ho	RA:----APF-
01191307	Matt.19.13	χεῖρας	cheir	N-:----APF-
01191308	Matt.19.13	ἐπιθῇ	epitithēmi	V-:3AAS-S--
01191309	Matt.19.13	αὐτοῖς	autos	RP:----DPN-
01191310	Matt.19.13	καὶ	kai	C-:--------
01191311	Matt.19.13	προσεύξηται	proseuchomai	V-:3AMS-S--
01191312	Matt.19.13	οἱ	ho	RA:----NPM-
01191313	Matt.19.13	δὲ	de	C-:--------
01191314	Matt.19.13	μαθηταὶ	mathētēs	N-:----NPM-
01191315	Matt.19.13	ἐπετίμησαν	epitimaō	V-:3AAI-P--
01191316	Matt.19.13	αὐτοῖς	autos	RP:----DPN-
01191401	Matt.19.14	ὁ	ho	RA:----NSM-
01191402	Matt.19.14	δὲ	de	C-:--------
01191403	Matt.19.14	Ἰησοῦς	iēsous	N-:----NSM-
01191404	Matt.19.14	εἶπεν	legō	V-:3AAI-S--
01191405	Matt.19.14	Ἄφετε	aphiēmi	V-:2AAD-P--
01191406	Matt.19.14	τὰ	ho	RA:----APN-
01191407	Matt.19.14	παιδία	paidion	N-:----APN-
01191408	Matt.19.14	καὶ	kai	C-:--------
01191409	Matt.19.14	μὴ	mē	D-:--------
01191410	Matt.19.14	κωλύετε	kōlyō	V-:2PAD-P--
01191411	Matt.19.14	αὐτὰ	autos	RP:----APN-
01191412	Matt.19.14	ἐλθεῖν	erchomai	V-:-AAN----
01191413	Matt.19.14	πρός	pros	P-:--------
01191414	Matt.19.14	με	egō	RP:----AS--
01191415	Matt.19.14	τῶν	ho	RA:----GPN-
01191416	Matt.19.14	γὰρ	gar	C-:--------
01191417	Matt.19.14	τοιούτων	toioutos	RD:----GPN-
01191418	Matt.19.14	ἐστὶν	eimi	V-:3PAI-S--
01191419	Matt.19.14	ἡ	ho	RA:----NSF-
01191420	Matt.19.14	βασιλεία	basileia	N-:----NSF-
01191421	Matt.19.14	τῶν	ho	RA:----GPM-
01191422	Matt.19.14	οὐρανῶν	ouranos	N-:----GPM-
01191501	Matt.19.15	καὶ	kai	C-:--------
01191502	Matt.19.15	ἐπιθεὶς	epitithēmi	V-:-AAPNSM-
01191503	Matt.19.15	τὰς	ho	RA:----APF-
01191504	Matt.19.15	χεῖρας	cheir	N-:----APF-
01191505	Matt.19.15	αὐτοῖς	autos	RP:----DPN-
01191506	Matt.19.15	ἐπορεύθη	poreuomai	V-:3API-S--
01191507	Matt.19.15	ἐκεῖθεν	ekeithen	D-:--------
01191601	Matt.19.16	Καὶ	kai	C-:--------
01191602	Matt.19.16	ἰδοὺ	idou	X-:--------
01191603	Matt.19.16	εἷς	heis	A-:----NSM-
01191604	Matt.19.16	προσελθὼν	proserchomai	V-:-AAPNSM-
01191605	Matt.19.16	αὐτῷ	autos	RP:----DSM-
01191606	Matt.19.16	εἶπεν	legō	V-:3AAI-S--
01191607	Matt.19.16	Διδάσκαλε	didaskalos	N-:----VSM-
01191608	Matt.19.16	τί	tis	RI:----ASN-
01191609	Matt.19.16	ἀγαθὸν	agathos	A-:----ASN-
01191610	Matt.19.16	ποιήσω	poieō	V-:1AAS-S--
01191611	Matt.19.16	ἵνα	hina	C-:--------
01191612	Matt.19.16	σχῶ	echō	V-:1AAS-S--
01191613	Matt.19.16	ζωὴν	zōē	N-:----ASF-
01191614	Matt.19.16	αἰώνιον	aiōnios	A-:----ASF-
01191701	Matt.19.17	ὁ	ho	RA:----NSM-
01191702	Matt.19.17	δὲ	de	C-:--------
01191703	Matt.19.17	εἶπεν	legō	V-:3AAI-S--
01191704	Matt.19.17	αὐτῷ	autos	RP:----DSM-
01191705	Matt.19.17	Τί	tis	RI:----ASN-
01191706	Matt.19.17	με	egō	RP:----AS--
01191707	Matt.19.17	ἐρωτᾷς	erōtaō	V-:2PAI-S--
01191708	Matt.19.17	περὶ	peri	P-:--------
01191709	Matt.19.17	τοῦ	ho	RA:----GSN-
01191710	Matt.19.17	ἀγαθοῦ	agathos	A-:----GSN-
01191711	Matt.19.17	εἷς	heis	A-:----NSM-
01191712	Matt.19.17	ἐστιν	eimi	V-:3PAI-S--
01191713	Matt.19.17	ὁ	ho	RA:----NSM-
01191714	Matt.19.17	ἀγαθός	agathos	A-:----NSM-
01191715	Matt.19.17	εἰ	ei	C-:--------
01191716	Matt.19.17	δὲ	de	C-:--------
01191717	Matt.19.17	θέλεις	thelō	V-:2PAI-S--
01191718	Matt.19.17	εἰς	eis	P-:--------
01191719	Matt.19.17	τὴν	ho	RA:----ASF-
01191720	Matt.19.17	ζωὴν	zōē	N-:----ASF-
01191721	Matt.19.17	εἰσελθεῖν	eiserchomai	V-:-AAN----
01191722	Matt.19.17	τήρησον	tēreō	V-:2AAD-S--
01191723	Matt.19.17	τὰς	ho	RA:----APF-
01191724	Matt.19.17	ἐντολάς	entolē	N-:----APF-
01191801	Matt.19.18	λέγει	legō	V-:3PAI-S--
01191802	Matt.19.18	αὐτῷ	autos	RP:----DSM-
01191803	Matt.19.18	Ποίας	poios	RI:----APF-
01191804	Matt.19.18	ὁ	ho	RA:----NSM-
01191805	Matt.19.18	δὲ	de	C-:--------
01191806	Matt.19.18	Ἰησοῦς	iēsous	N-:----NSM-
01191807	Matt.19.18	εἶπεν	legō	V-:3AAI-S--
01191808	Matt.19.18	Τὸ	ho	RA:----ASN-
01191809	Matt.19.18	Οὐ	ou	D-:--------
01191810	Matt.19.18	φονεύσεις	phoneuō	V-:2FAI-S--
01191811	Matt.19.18	Οὐ	ou	D-:--------
01191812	Matt.19.18	μοιχεύσεις	moicheuō	V-:2FAI-S--
01191813	Matt.19.18	Οὐ	ou	D-:--------
01191814	Matt.19.18	κλέψεις	kleptō	V-:2FAI-S--
01191815	Matt.19.18	Οὐ	ou	D-:--------
01191816	Matt.19.18	ψευδομαρτυρήσεις	pseudomartyreō	V-:2FAI-S--
01191901	Matt.19.19	Τίμα	timaō	V-:2PAD-S--
01191902	Matt.19.19	τὸν	ho	RA:----ASM-
01191903	Matt.19.19	πατέρα	patēr	N-:----ASM-
01191904	Matt.19.19	καὶ	kai	C-:--------
01191905	Matt.19.19	τὴν	ho	RA:----ASF-
01191906	Matt.19.19	μητέρα	mētēr	N-:----ASF-
01191907	Matt.19.19	καὶ	kai	C-:--------
01191908	Matt.19.19	Ἀγαπήσεις	agapaō	V-:2FAI-S--
01191909	Matt.19.19	τὸν	ho	RA:----ASM-
01191910	Matt.19.19	πλησίον	plēsion	D-:--------
01191911	Matt.19.19	σου	sy	RP:----GS--
01191912	Matt.19.19	ὡς	hōs	C-:--------
01191913	Matt.19.19	σεαυτόν	seautou	RP:----ASM-
01192001	Matt.19.20	λέγει	legō	V-:3PAI-S--
01192002	Matt.19.20	αὐτῷ	autos	RP:----DSM-
01192003	Matt.19.20	ὁ	ho	RA:----NSM-
01192004	Matt.19.20	νεανίσκος	neaniskos	N-:----NSM-
01192005	Matt.19.20	Πάντα	pas	A-:----APN-
01192006	Matt.19.20	ταῦτα	houtos	RD:----APN-
01192007	Matt.19.20	ἐφύλαξα	phylassō	V-:1AAI-S--
01192008	Matt.19.20	τί	tis	RI:----ASN-
01192009	Matt.19.20	ἔτι	eti	D-:--------
01192010	Matt.19.20	ὑστερῶ	hystereō	V-:1PAI-S--
01192101	Matt.19.21	ἔφη	phēmi	V-:3IAI-S--
01192102	Matt.19.21	αὐτῷ	autos	RP:----DSM-
01192103	Matt.19.21	ὁ	ho	RA:----NSM-
01192104	Matt.19.21	Ἰησοῦς	iēsous	N-:----NSM-
01192105	Matt.19.21	Εἰ	ei	C-:--------
01192106	Matt.19.21	θέλεις	thelō	V-:2PAI-S--
01192107	Matt.19.21	τέλειος	teleios	A-:----NSM-
01192108	Matt.19.21	εἶναι	eimi	V-:-PAN----
01192109	Matt.19.21	ὕπαγε	hypagō	V-:2PAD-S--
01192110	Matt.19.21	πώλησόν	pōleō	V-:2AAD-S--
01192111	Matt.19.21	σου	sy	RP:----GS--
01192112	Matt.19.21	τὰ	ho	RA:----APN-
01192113	Matt.19.21	ὑπάρχοντα	hyparchō	V-:-PAPAPN-
01192114	Matt.19.21	καὶ	kai	C-:--------
01192115	Matt.19.21	δὸς	didōmi	V-:2AAD-S--
01192116	Matt.19.21	πτωχοῖς	ptōchos	A-:----DPM-
01192117	Matt.19.21	καὶ	kai	C-:--------
01192118	Matt.19.21	ἕξεις	echō	V-:2FAI-S--
01192119	Matt.19.21	θησαυρὸν	thēsauros	N-:----ASM-
01192120	Matt.19.21	ἐν	en	P-:--------
01192121	Matt.19.21	οὐρανοῖς	ouranos	N-:----DPM-
01192122	Matt.19.21	καὶ	kai	C-:--------
01192123	Matt.19.21	δεῦρο	deuro	D-:--------
01192124	Matt.19.21	ἀκολούθει	akoloutheō	V-:2PAD-S--
01192125	Matt.19.21	μοι	egō	RP:----DS--
01192201	Matt.19.22	ἀκούσας	akouō	V-:-AAPNSM-
01192202	Matt.19.22	δὲ	de	C-:--------
01192203	Matt.19.22	ὁ	ho	RA:----NSM-
01192204	Matt.19.22	νεανίσκος	neaniskos	N-:----NSM-
01192205	Matt.19.22	τὸν	ho	RA:----ASM-
01192206	Matt.19.22	λόγον	logos	N-:----ASM-
01192207	Matt.19.22	ἀπῆλθεν	aperchomai	V-:3AAI-S--
01192208	Matt.19.22	λυπούμενος	lypeō	V-:-PPPNSM-
01192209	Matt.19.22	ἦν	eimi	V-:3IAI-S--
01192210	Matt.19.22	γὰρ	gar	C-:--------
01192211	Matt.19.22	ἔχων	echō	V-:-PAPNSM-
01192212	Matt.19.22	κτήματα	ktēma	N-:----APN-
01192213	Matt.19.22	πολλά	polys	A-:----APN-
01192301	Matt.19.23	Ὁ	ho	RA:----NSM-
01192302	Matt.19.23	δὲ	de	C-:--------
01192303	Matt.19.23	Ἰησοῦς	iēsous	N-:----NSM-
01192304	Matt.19.23	εἶπεν	legō	V-:3AAI-S--
01192305	Matt.19.23	τοῖς	ho	RA:----DPM-
01192306	Matt.19.23	μαθηταῖς	mathētēs	N-:----DPM-
01192307	Matt.19.23	αὐτοῦ	autos	RP:----GSM-
01192308	Matt.19.23	Ἀμὴν	amēn	X-:--------
01192309	Matt.19.23	λέγω	legō	V-:1PAI-S--
01192310	Matt.19.23	ὑμῖν	sy	RP:----DP--
01192311	Matt.19.23	ὅτι	hoti	C-:--------
01192312	Matt.19.23	πλούσιος	plousios	A-:----NSM-
01192313	Matt.19.23	δυσκόλως	dyskolōs	D-:--------
01192314	Matt.19.23	εἰσελεύσεται	eiserchomai	V-:3FMI-S--
01192315	Matt.19.23	εἰς	eis	P-:--------
01192316	Matt.19.23	τὴν	ho	RA:----ASF-
01192317	Matt.19.23	βασιλείαν	basileia	N-:----ASF-
01192318	Matt.19.23	τῶν	ho	RA:----GPM-
01192319	Matt.19.23	οὐρανῶν	ouranos	N-:----GPM-
01192401	Matt.19.24	πάλιν	palin	D-:--------
01192402	Matt.19.24	δὲ	de	C-:--------
01192403	Matt.19.24	λέγω	legō	V-:1PAI-S--
01192404	Matt.19.24	ὑμῖν	sy	RP:----DP--
01192405	Matt.19.24	εὐκοπώτερόν	eukopōteros	A-:----NSNC
01192406	Matt.19.24	ἐστιν	eimi	V-:3PAI-S--
01192407	Matt.19.24	κάμηλον	kamēlos	N-:----ASF-
01192408	Matt.19.24	διὰ	dia	P-:--------
01192409	Matt.19.24	τρυπήματος	trypēma	N-:----GSN-
01192410	Matt.19.24	ῥαφίδος	rhaphis	N-:----GSF-
01192411	Matt.19.24	εἰσελθεῖν	eiserchomai	V-:-AAN----
01192412	Matt.19.24	ἢ	ē	C-:--------
01192413	Matt.19.24	πλούσιον	plousios	A-:----ASM-
01192414	Matt.19.24	εἰς	eis	P-:--------
01192415	Matt.19.24	τὴν	ho	RA:----ASF-
01192416	Matt.19.24	βασιλείαν	basileia	N-:----ASF-
01192417	Matt.19.24	τοῦ	ho	RA:----GSM-
01192418	Matt.19.24	θεοῦ	theos	N-:----GSM-
01192501	Matt.19.25	ἀκούσαντες	akouō	V-:-AAPNPM-
01192502	Matt.19.25	δὲ	de	C-:--------
01192503	Matt.19.25	οἱ	ho	RA:----NPM-
01192504	Matt.19.25	μαθηταὶ	mathētēs	N-:----NPM-
01192505	Matt.19.25	ἐξεπλήσσοντο	ekplēssomai	V-:3IPI-P--
01192506	Matt.19.25	σφόδρα	sphodra	D-:--------
01192507	Matt.19.25	λέγοντες	legō	V-:-PAPNPM-
01192508	Matt.19.25	Τίς	tis	RI:----NSM-
01192509	Matt.19.25	ἄρα	ara	C-:--------
01192510	Matt.19.25	δύναται	dynamai	V-:3PMI-S--
01192511	Matt.19.25	σωθῆναι	sōzō	V-:-APN----
01192601	Matt.19.26	ἐμβλέψας	emblepō	V-:-AAPNSM-
01192602	Matt.19.26	δὲ	de	C-:--------
01192603	Matt.19.26	ὁ	ho	RA:----NSM-
01192604	Matt.19.26	Ἰησοῦς	iēsous	N-:----NSM-
01192605	Matt.19.26	εἶπεν	legō	V-:3AAI-S--
01192606	Matt.19.26	αὐτοῖς	autos	RP:----DPM-
01192607	Matt.19.26	Παρὰ	para	P-:--------
01192608	Matt.19.26	ἀνθρώποις	anthrōpos	N-:----DPM-
01192609	Matt.19.26	τοῦτο	houtos	RD:----NSN-
01192610	Matt.19.26	ἀδύνατόν	adynatos	A-:----NSN-
01192611	Matt.19.26	ἐστιν	eimi	V-:3PAI-S--
01192612	Matt.19.26	παρὰ	para	P-:--------
01192613	Matt.19.26	δὲ	de	C-:--------
01192614	Matt.19.26	θεῷ	theos	N-:----DSM-
01192615	Matt.19.26	πάντα	pas	A-:----NPN-
01192616	Matt.19.26	δυνατά	dynatos	A-:----NPN-
01192701	Matt.19.27	Τότε	tote	D-:--------
01192702	Matt.19.27	ἀποκριθεὶς	apokrinomai	V-:-APPNSM-
01192703	Matt.19.27	ὁ	ho	RA:----NSM-
01192704	Matt.19.27	Πέτρος	petros	N-:----NSM-
01192705	Matt.19.27	εἶπεν	legō	V-:3AAI-S--
01192706	Matt.19.27	αὐτῷ	autos	RP:----DSM-
01192707	Matt.19.27	Ἰδοὺ	idou	X-:--------
01192708	Matt.19.27	ἡμεῖς	egō	RP:----NP--
01192709	Matt.19.27	ἀφήκαμεν	aphiēmi	V-:1AAI-P--
01192710	Matt.19.27	πάντα	pas	A-:----APN-
01192711	Matt.19.27	καὶ	kai	C-:--------
01192712	Matt.19.27	ἠκολουθήσαμέν	akoloutheō	V-:1AAI-P--
01192713	Matt.19.27	σοι	sy	RP:----DS--
01192714	Matt.19.27	τί	tis	RI:----NSN-
01192715	Matt.19.27	ἄρα	ara	C-:--------
01192716	Matt.19.27	ἔσται	eimi	V-:3FMI-S--
01192717	Matt.19.27	ἡμῖν	egō	RP:----DP--
01192801	Matt.19.28	ὁ	ho	RA:----NSM-
01192802	Matt.19.28	δὲ	de	C-:--------
01192803	Matt.19.28	Ἰησοῦς	iēsous	N-:----NSM-
01192804	Matt.19.28	εἶπεν	legō	V-:3AAI-S--
01192805	Matt.19.28	αὐτοῖς	autos	RP:----DPM-
01192806	Matt.19.28	Ἀμὴν	amēn	X-:--------
01192807	Matt.19.28	λέγω	legō	V-:1PAI-S--
01192808	Matt.19.28	ὑμῖν	sy	RP:----DP--
01192809	Matt.19.28	ὅτι	hoti	C-:--------
01192810	Matt.19.28	ὑμεῖς	sy	RP:----NP--
01192811	Matt.19.28	οἱ	ho	RA:----NPM-
01192812	Matt.19.28	ἀκολουθήσαντές	akoloutheō	V-:-AAPNPM-
01192813	Matt.19.28	μοι	egō	RP:----DS--
01192814	Matt.19.28	ἐν	en	P-:--------
01192815	Matt.19.28	τῇ	ho	RA:----DSF-
01192816	Matt.19.28	παλιγγενεσίᾳ	palingenesia	N-:----DSF-
01192817	Matt.19.28	ὅταν	hotan	C-:--------
01192818	Matt.19.28	καθίσῃ	kathizō	V-:3AAS-S--
01192819	Matt.19.28	ὁ	ho	RA:----NSM-
01192820	Matt.19.28	υἱὸς	huios	N-:----NSM-
01192821	Matt.19.28	τοῦ	ho	RA:----GSM-
01192822	Matt.19.28	ἀνθρώπου	anthrōpos	N-:----GSM-
01192823	Matt.19.28	ἐπὶ	epi	P-:--------
01192824	Matt.19.28	θρόνου	thronos	N-:----GSM-
01192825	Matt.19.28	δόξης	doxa	N-:----GSF-
01192826	Matt.19.28	αὐτοῦ	autos	RP:----GSM-
01192827	Matt.19.28	καθήσεσθε	kathēmai	V-:2FMI-P--
01192828	Matt.19.28	καὶ	kai	D-:--------
01192829	Matt.19.28	ὑμεῖς	sy	RP:----NP--
01192830	Matt.19.28	ἐπὶ	epi	P-:--------
01192831	Matt.19.28	δώδεκα	dōdeka	A-:----APM-
01192832	Matt.19.28	θρόνους	thronos	N-:----APM-
01192833	Matt.19.28	κρίνοντες	krinō	V-:-PAPNPM-
01192834	Matt.19.28	τὰς	ho	RA:----APF-
01192835	Matt.19.28	δώδεκα	dōdeka	A-:----APF-
01192836	Matt.19.28	φυλὰς	phylē	N-:----APF-
01192837	Matt.19.28	τοῦ	ho	RA:----GSM-
01192838	Matt.19.28	Ἰσραήλ	israēl	N-:----GSM-
01192901	Matt.19.29	καὶ	kai	C-:--------
01192902	Matt.19.29	πᾶς	pas	A-:----NSM-
01192903	Matt.19.29	ὅστις	hostis	RR:----NSM-
01192904	Matt.19.29	ἀφῆκεν	aphiēmi	V-:3AAI-S--
01192905	Matt.19.29	οἰκίας	oikia	N-:----APF-
01192906	Matt.19.29	ἢ	ē	C-:--------
01192907	Matt.19.29	ἀδελφοὺς	adelphos	N-:----APM-
01192908	Matt.19.29	ἢ	ē	C-:--------
01192909	Matt.19.29	ἀδελφὰς	adelphē	N-:----APF-
01192910	Matt.19.29	ἢ	ē	C-:--------
01192911	Matt.19.29	πατέρα	patēr	N-:----ASM-
01192912	Matt.19.29	ἢ	ē	C-:--------
01192913	Matt.19.29	μητέρα	mētēr	N-:----ASF-
01192914	Matt.19.29	ἢ	ē	C-:--------
01192915	Matt.19.29	γυναῖκα	gynē	N-:----ASF-
01192916	Matt.19.29	ἢ	ē	C-:--------
01192917	Matt.19.29	τέκνα	teknon	N-:----APN-
01192918	Matt.19.29	ἢ	ē	C-:--------
01192919	Matt.19.29	ἀγροὺς	agros	N-:----APM-
01192920	Matt.19.29	ἕνεκεν	heneken	P-:--------
01192921	Matt.19.29	τοῦ	ho	RA:----GSN-
01192922	Matt.19.29	ὀνόματός	onoma	N-:----GSN-
01192923	Matt.19.29	μου	egō	RP:----GS--
01192924	Matt.19.29	ἑκατονταπλασίονα	hekatontaplasiōn	A-:----APN-
01192925	Matt.19.29	λήμψεται	lambanō	V-:3FMI-S--
01192926	Matt.19.29	καὶ	kai	C-:--------
01192927	Matt.19.29	ζωὴν	zōē	N-:----ASF-
01192928	Matt.19.29	αἰώνιον	aiōnios	A-:----ASF-
01192929	Matt.19.29	κληρονομήσει	klēronomeō	V-:3FAI-S--
01193001	Matt.19.30	πολλοὶ	polys	A-:----NPM-
01193002	Matt.19.30	δὲ	de	C-:--------
01193003	Matt.19.30	ἔσονται	eimi	V-:3FMI-P--
01193004	Matt.19.30	πρῶτοι	prōtos	A-:----NPM-
01193005	Matt.19.30	ἔσχατοι	eschatos	A-:----NPM-
01193006	Matt.19.30	καὶ	kai	C-:--------
01193007	Matt.19.30	ἔσχατοι	eschatos	A-:----NPM-
01193008	Matt.19.30	πρῶτοι	prōtos	A-:----NPM-
01200101	Matt.20.1	Ὁμοία	homoios	A-:----NSF-
01200102	Matt.20.1	γάρ	gar	C-:--------
01200103	Matt.20.1	ἐστιν	eimi	V-:3PAI-S--
01200104	Matt.20.1	ἡ	ho	RA:----NSF-
01200105	Matt.20.1	βασιλεία	basileia	N-:----NSF-
01200106	Matt.20.1	τῶν	ho	RA:----GPM-
01200107	Matt.20.1	οὐρανῶν	ouranos	N-:----GPM-
01200108	Matt.20.1	ἀνθρώπῳ	anthrōpos	N-:----DSM-
01200109	Matt.20.1	οἰκοδεσπότῃ	oikodespotēs	N-:----DSM-
01200110	Matt.20.1	ὅστις	hostis	RR:----NSM-
01200111	Matt.20.1	ἐξῆλθεν	exerchomai	V-:3AAI-S--
01200112	Matt.20.1	ἅμα	hama	P-:--------
01200113	Matt.20.1	πρωῒ	prōi	D-:--------
01200114	Matt.20.1	μισθώσασθαι	misthoomai	V-:-AMN----
01200115	Matt.20.1	ἐργάτας	ergatēs	N-:----APM-
01200116	Matt.20.1	εἰς	eis	P-:--------
01200117	Matt.20.1	τὸν	ho	RA:----ASM-
01200118	Matt.20.1	ἀμπελῶνα	ampelōn	N-:----ASM-
01200119	Matt.20.1	αὐτοῦ	autos	RP:----GSM-
01200201	Matt.20.2	συμφωνήσας	symphōneō	V-:-AAPNSM-
01200202	Matt.20.2	δὲ	de	C-:--------
01200203	Matt.20.2	μετὰ	meta	P-:--------
01200204	Matt.20.2	τῶν	ho	RA:----GPM-
01200205	Matt.20.2	ἐργατῶν	ergatēs	N-:----GPM-
01200206	Matt.20.2	ἐκ	ek	P-:--------
01200207	Matt.20.2	δηναρίου	dēnarion	N-:----GSN-
01200208	Matt.20.2	τὴν	ho	RA:----ASF-
01200209	Matt.20.2	ἡμέραν	hēmera	N-:----ASF-
01200210	Matt.20.2	ἀπέστειλεν	apostellō	V-:3AAI-S--
01200211	Matt.20.2	αὐτοὺς	autos	RP:----APM-
01200212	Matt.20.2	εἰς	eis	P-:--------
01200213	Matt.20.2	τὸν	ho	RA:----ASM-
01200214	Matt.20.2	ἀμπελῶνα	ampelōn	N-:----ASM-
01200215	Matt.20.2	αὐτοῦ	autos	RP:----GSM-
01200301	Matt.20.3	καὶ	kai	C-:--------
01200302	Matt.20.3	ἐξελθὼν	exerchomai	V-:-AAPNSM-
01200303	Matt.20.3	περὶ	peri	P-:--------
01200304	Matt.20.3	τρίτην	tritos	A-:----ASF-
01200305	Matt.20.3	ὥραν	hōra	N-:----ASF-
01200306	Matt.20.3	εἶδεν	horaō	V-:3AAI-S--
01200307	Matt.20.3	ἄλλους	allos	A-:----APM-
01200308	Matt.20.3	ἑστῶτας	histēmi	V-:-XAPAPM-
01200309	Matt.20.3	ἐν	en	P-:--------
01200310	Matt.20.3	τῇ	ho	RA:----DSF-
01200311	Matt.20.3	ἀγορᾷ	agora	N-:----DSF-
01200312	Matt.20.3	ἀργούς	argos	A-:----APM-
01200401	Matt.20.4	καὶ	kai	C-:--------
01200402	Matt.20.4	ἐκείνοις	ekeinos	RD:----DPM-
01200403	Matt.20.4	εἶπεν	legō	V-:3AAI-S--
01200404	Matt.20.4	Ὑπάγετε	hypagō	V-:2PAD-P--
01200405	Matt.20.4	καὶ	kai	D-:--------
01200406	Matt.20.4	ὑμεῖς	sy	RP:----NP--
01200407	Matt.20.4	εἰς	eis	P-:--------
01200408	Matt.20.4	τὸν	ho	RA:----ASM-
01200409	Matt.20.4	ἀμπελῶνα	ampelōn	N-:----ASM-
01200410	Matt.20.4	καὶ	kai	C-:--------
01200411	Matt.20.4	ὃ	hos	RR:----NSN-
01200412	Matt.20.4	ἐὰν	ean	X-:--------
01200413	Matt.20.4	ᾖ	eimi	V-:3PAS-S--
01200414	Matt.20.4	δίκαιον	dikaios	A-:----NSN-
01200415	Matt.20.4	δώσω	didōmi	V-:1FAI-S--
01200416	Matt.20.4	ὑμῖν	sy	RP:----DP--
01200501	Matt.20.5	οἱ	ho	RA:----NPM-
01200502	Matt.20.5	δὲ	de	C-:--------
01200503	Matt.20.5	ἀπῆλθον	aperchomai	V-:3AAI-P--
01200504	Matt.20.5	πάλιν	palin	D-:--------
01200505	Matt.20.5	ἐξελθὼν	exerchomai	V-:-AAPNSM-
01200506	Matt.20.5	περὶ	peri	P-:--------
01200507	Matt.20.5	ἕκτην	hektos	A-:----ASF-
01200508	Matt.20.5	καὶ	kai	C-:--------
01200509	Matt.20.5	ἐνάτην	enatos	A-:----ASF-
01200510	Matt.20.5	ὥραν	hōra	N-:----ASF-
01200511	Matt.20.5	ἐποίησεν	poieō	V-:3AAI-S--
01200512	Matt.20.5	ὡσαύτως	hōsautōs	D-:--------
01200601	Matt.20.6	περὶ	peri	P-:--------
01200602	Matt.20.6	δὲ	de	C-:--------
01200603	Matt.20.6	τὴν	ho	RA:----ASF-
01200604	Matt.20.6	ἑνδεκάτην	hendekatos	A-:----ASF-
01200605	Matt.20.6	ἐξελθὼν	exerchomai	V-:-AAPNSM-
01200606	Matt.20.6	εὗρεν	heuriskō	V-:3AAI-S--
01200607	Matt.20.6	ἄλλους	allos	A-:----APM-
01200608	Matt.20.6	ἑστῶτας	histēmi	V-:-XAPAPM-
01200609	Matt.20.6	καὶ	kai	C-:--------
01200610	Matt.20.6	λέγει	legō	V-:3PAI-S--
01200611	Matt.20.6	αὐτοῖς	autos	RP:----DPM-
01200612	Matt.20.6	Τί	tis	RI:----ASN-
01200613	Matt.20.6	ὧδε	hōde	D-:--------
01200614	Matt.20.6	ἑστήκατε	histēmi	V-:2XAI-P--
01200615	Matt.20.6	ὅλην	holos	A-:----ASF-
01200616	Matt.20.6	τὴν	ho	RA:----ASF-
01200617	Matt.20.6	ἡμέραν	hēmera	N-:----ASF-
01200618	Matt.20.6	ἀργοί	argos	A-:----NPM-
01200701	Matt.20.7	λέγουσιν	legō	V-:3PAI-P--
01200702	Matt.20.7	αὐτῷ	autos	RP:----DSM-
01200703	Matt.20.7	Ὅτι	hoti	C-:--------
01200704	Matt.20.7	οὐδεὶς	oudeis	A-:----NSM-
01200705	Matt.20.7	ἡμᾶς	egō	RP:----AP--
01200706	Matt.20.7	ἐμισθώσατο	misthoomai	V-:3AMI-S--
01200707	Matt.20.7	λέγει	legō	V-:3PAI-S--
01200708	Matt.20.7	αὐτοῖς	autos	RP:----DPM-
01200709	Matt.20.7	Ὑπάγετε	hypagō	V-:2PAD-P--
01200710	Matt.20.7	καὶ	kai	D-:--------
01200711	Matt.20.7	ὑμεῖς	sy	RP:----NP--
01200712	Matt.20.7	εἰς	eis	P-:--------
01200713	Matt.20.7	τὸν	ho	RA:----ASM-
01200714	Matt.20.7	ἀμπελῶνα	ampelōn	N-:----ASM-
01200801	Matt.20.8	ὀψίας	opsia	A-:----GSF-
01200802	Matt.20.8	δὲ	de	C-:--------
01200803	Matt.20.8	γενομένης	ginomai	V-:-AMPGSF-
01200804	Matt.20.8	λέγει	legō	V-:3PAI-S--
01200805	Matt.20.8	ὁ	ho	RA:----NSM-
01200806	Matt.20.8	κύριος	kyrios	N-:----NSM-
01200807	Matt.20.8	τοῦ	ho	RA:----GSM-
01200808	Matt.20.8	ἀμπελῶνος	ampelōn	N-:----GSM-
01200809	Matt.20.8	τῷ	ho	RA:----DSM-
01200810	Matt.20.8	ἐπιτρόπῳ	epitropos	N-:----DSM-
01200811	Matt.20.8	αὐτοῦ	autos	RP:----GSM-
01200812	Matt.20.8	Κάλεσον	kaleō	V-:2AAD-S--
01200813	Matt.20.8	τοὺς	ho	RA:----APM-
01200814	Matt.20.8	ἐργάτας	ergatēs	N-:----APM-
01200815	Matt.20.8	καὶ	kai	C-:--------
01200816	Matt.20.8	ἀπόδος	apodidōmi	V-:2AAD-S--
01200817	Matt.20.8	αὐτοῖς	autos	RP:----DPM-
01200818	Matt.20.8	τὸν	ho	RA:----ASM-
01200819	Matt.20.8	μισθὸν	misthos	N-:----ASM-
01200820	Matt.20.8	ἀρξάμενος	archō	V-:-AMPNSM-
01200821	Matt.20.8	ἀπὸ	apo	P-:--------
01200822	Matt.20.8	τῶν	ho	RA:----GPM-
01200823	Matt.20.8	ἐσχάτων	eschatos	A-:----GPM-
01200824	Matt.20.8	ἕως	heōs	P-:--------
01200825	Matt.20.8	τῶν	ho	RA:----GPM-
01200826	Matt.20.8	πρώτων	prōtos	A-:----GPM-
01200901	Matt.20.9	καὶ	kai	C-:--------
01200902	Matt.20.9	ἐλθόντες	erchomai	V-:-AAPNPM-
01200903	Matt.20.9	οἱ	ho	RA:----NPM-
01200904	Matt.20.9	περὶ	peri	P-:--------
01200905	Matt.20.9	τὴν	ho	RA:----ASF-
01200906	Matt.20.9	ἑνδεκάτην	hendekatos	A-:----ASF-
01200907	Matt.20.9	ὥραν	hōra	N-:----ASF-
01200908	Matt.20.9	ἔλαβον	lambanō	V-:3AAI-P--
01200909	Matt.20.9	ἀνὰ	ana	D-:--------
01200910	Matt.20.9	δηνάριον	dēnarion	N-:----ASN-
01201001	Matt.20.10	καὶ	kai	C-:--------
01201002	Matt.20.10	ἐλθόντες	erchomai	V-:-AAPNPM-
01201003	Matt.20.10	οἱ	ho	RA:----NPM-
01201004	Matt.20.10	πρῶτοι	prōtos	A-:----NPM-
01201005	Matt.20.10	ἐνόμισαν	nomizō	V-:3AAI-P--
01201006	Matt.20.10	ὅτι	hoti	C-:--------
01201007	Matt.20.10	πλεῖον	polys	A-:----ASNC
01201008	Matt.20.10	λήμψονται	lambanō	V-:3FMI-P--
01201009	Matt.20.10	καὶ	kai	C-:--------
01201010	Matt.20.10	ἔλαβον	lambanō	V-:3AAI-P--
01201011	Matt.20.10	τὸ	ho	RA:----ASN-
01201012	Matt.20.10	ἀνὰ	ana	D-:--------
01201013	Matt.20.10	δηνάριον	dēnarion	N-:----ASN-
01201014	Matt.20.10	καὶ	kai	D-:--------
01201015	Matt.20.10	αὐτοί	autos	RP:----NPM-
01201101	Matt.20.11	λαβόντες	lambanō	V-:-AAPNPM-
01201102	Matt.20.11	δὲ	de	C-:--------
01201103	Matt.20.11	ἐγόγγυζον	gongyzō	V-:3IAI-P--
01201104	Matt.20.11	κατὰ	kata	P-:--------
01201105	Matt.20.11	τοῦ	ho	RA:----GSM-
01201106	Matt.20.11	οἰκοδεσπότου	oikodespotēs	N-:----GSM-
01201201	Matt.20.12	λέγοντες	legō	V-:-PAPNPM-
01201202	Matt.20.12	Οὗτοι	houtos	RD:----NPM-
01201203	Matt.20.12	οἱ	ho	RA:----NPM-
01201204	Matt.20.12	ἔσχατοι	eschatos	A-:----NPM-
01201205	Matt.20.12	μίαν	heis	A-:----ASF-
01201206	Matt.20.12	ὥραν	hōra	N-:----ASF-
01201207	Matt.20.12	ἐποίησαν	poieō	V-:3AAI-P--
01201208	Matt.20.12	καὶ	kai	C-:--------
01201209	Matt.20.12	ἴσους	isos	A-:----APM-
01201210	Matt.20.12	αὐτοὺς	autos	RP:----APM-
01201211	Matt.20.12	ἡμῖν	egō	RP:----DP--
01201212	Matt.20.12	ἐποίησας	poieō	V-:2AAI-S--
01201213	Matt.20.12	τοῖς	ho	RA:----DPM-
01201214	Matt.20.12	βαστάσασι	bastazō	V-:-AAPDPM-
01201215	Matt.20.12	τὸ	ho	RA:----ASN-
01201216	Matt.20.12	βάρος	baros	N-:----ASN-
01201217	Matt.20.12	τῆς	ho	RA:----GSF-
01201218	Matt.20.12	ἡμέρας	hēmera	N-:----GSF-
01201219	Matt.20.12	καὶ	kai	C-:--------
01201220	Matt.20.12	τὸν	ho	RA:----ASM-
01201221	Matt.20.12	καύσωνα	kausōn	N-:----ASM-
01201301	Matt.20.13	ὁ	ho	RA:----NSM-
01201302	Matt.20.13	δὲ	de	C-:--------
01201303	Matt.20.13	ἀποκριθεὶς	apokrinomai	V-:-APPNSM-
01201304	Matt.20.13	ἑνὶ	heis	A-:----DSM-
01201305	Matt.20.13	αὐτῶν	autos	RP:----GPM-
01201306	Matt.20.13	εἶπεν	legō	V-:3AAI-S--
01201307	Matt.20.13	Ἑταῖρε	hetairos	N-:----VSM-
01201308	Matt.20.13	οὐκ	ou	D-:--------
01201309	Matt.20.13	ἀδικῶ	adikeō	V-:1PAI-S--
01201310	Matt.20.13	σε	sy	RP:----AS--
01201311	Matt.20.13	οὐχὶ	ouchi	X-:--------
01201312	Matt.20.13	δηναρίου	dēnarion	N-:----GSN-
01201313	Matt.20.13	συνεφώνησάς	symphōneō	V-:2AAI-S--
01201314	Matt.20.13	μοι	egō	RP:----DS--
01201401	Matt.20.14	ἆρον	airō	V-:2AAD-S--
01201402	Matt.20.14	τὸ	ho	RA:----ASN-
01201403	Matt.20.14	σὸν	sos	A-:----ASN-
01201404	Matt.20.14	καὶ	kai	C-:--------
01201405	Matt.20.14	ὕπαγε	hypagō	V-:2PAD-S--
01201406	Matt.20.14	θέλω	thelō	V-:1PAI-S--
01201407	Matt.20.14	δὲ	de	C-:--------
01201408	Matt.20.14	τούτῳ	houtos	RD:----DSM-
01201409	Matt.20.14	τῷ	ho	RA:----DSM-
01201410	Matt.20.14	ἐσχάτῳ	eschatos	A-:----DSM-
01201411	Matt.20.14	δοῦναι	didōmi	V-:-AAN----
01201412	Matt.20.14	ὡς	hōs	C-:--------
01201413	Matt.20.14	καὶ	kai	D-:--------
01201414	Matt.20.14	σοί	sy	RP:----DS--
01201501	Matt.20.15	οὐκ	ou	X-:--------
01201502	Matt.20.15	ἔξεστίν	exesti(n)	V-:3PAI-S--
01201503	Matt.20.15	μοι	egō	RP:----DS--
01201504	Matt.20.15	ὃ	hos	RR:----ASN-
01201505	Matt.20.15	θέλω	thelō	V-:1PAI-S--
01201506	Matt.20.15	ποιῆσαι	poieō	V-:-AAN----
01201507	Matt.20.15	ἐν	en	P-:--------
01201508	Matt.20.15	τοῖς	ho	RA:----DPN-
01201509	Matt.20.15	ἐμοῖς	emos	A-:----DPN-
01201510	Matt.20.15	ἢ	ē	C-:--------
01201511	Matt.20.15	ὁ	ho	RA:----NSM-
01201512	Matt.20.15	ὀφθαλμός	ophthalmos	N-:----NSM-
01201513	Matt.20.15	σου	sy	RP:----GS--
01201514	Matt.20.15	πονηρός	ponēros	A-:----NSM-
01201515	Matt.20.15	ἐστιν	eimi	V-:3PAI-S--
01201516	Matt.20.15	ὅτι	hoti	C-:--------
01201517	Matt.20.15	ἐγὼ	egō	RP:----NS--
01201518	Matt.20.15	ἀγαθός	agathos	A-:----NSM-
01201519	Matt.20.15	εἰμι	eimi	V-:1PAI-S--
01201601	Matt.20.16	οὕτως	houtō(s)	D-:--------
01201602	Matt.20.16	ἔσονται	eimi	V-:3FMI-P--
01201603	Matt.20.16	οἱ	ho	RA:----NPM-
01201604	Matt.20.16	ἔσχατοι	eschatos	A-:----NPM-
01201605	Matt.20.16	πρῶτοι	prōtos	A-:----NPM-
01201606	Matt.20.16	καὶ	kai	C-:--------
01201607	Matt.20.16	οἱ	ho	RA:----NPM-
01201608	Matt.20.16	πρῶτοι	prōtos	A-:----NPM-
01201609	Matt.20.16	ἔσχατοι	eschatos	A-:----NPM-
01201701	Matt.20.17	Καὶ	kai	C-:--------
01201702	Matt.20.17	ἀναβαίνων	anabainō	V-:-PAPNSM-
01201703	Matt.20.17	ὁ	ho	RA:----NSM-
01201704	Matt.20.17	Ἰησοῦς	iēsous	N-:----NSM-
01201705	Matt.20.17	εἰς	eis	P-:--------
01201706	Matt.20.17	Ἱεροσόλυμα	hierosolyma	N-:----APN-
01201707	Matt.20.17	παρέλαβεν	paralambanō	V-:3AAI-S--
01201708	Matt.20.17	τοὺς	ho	RA:----APM-
01201709	Matt.20.17	δώδεκα	dōdeka	A-:----APM-
01201710	Matt.20.17	μαθητὰς	mathētēs	N-:----APM-
01201711	Matt.20.17	κατ’	kata	P-:--------
01201712	Matt.20.17	ἰδίαν	idios	A-:----ASF-
01201713	Matt.20.17	καὶ	kai	C-:--------
01201714	Matt.20.17	ἐν	en	P-:--------
01201715	Matt.20.17	τῇ	ho	RA:----DSF-
01201716	Matt.20.17	ὁδῷ	hodos	N-:----DSF-
01201717	Matt.20.17	εἶπεν	legō	V-:3AAI-S--
01201718	Matt.20.17	αὐτοῖς	autos	RP:----DPM-
01201801	Matt.20.18	Ἰδοὺ	idou	X-:--------
01201802	Matt.20.18	ἀναβαίνομεν	anabainō	V-:1PAI-P--
01201803	Matt.20.18	εἰς	eis	P-:--------
01201804	Matt.20.18	Ἱεροσόλυμα	hierosolyma	N-:----APN-
01201805	Matt.20.18	καὶ	kai	C-:--------
01201806	Matt.20.18	ὁ	ho	RA:----NSM-
01201807	Matt.20.18	υἱὸς	huios	N-:----NSM-
01201808	Matt.20.18	τοῦ	ho	RA:----GSM-
01201809	Matt.20.18	ἀνθρώπου	anthrōpos	N-:----GSM-
01201810	Matt.20.18	παραδοθήσεται	paradidōmi	V-:3FPI-S--
01201811	Matt.20.18	τοῖς	ho	RA:----DPM-
01201812	Matt.20.18	ἀρχιερεῦσιν	archiereus	N-:----DPM-
01201813	Matt.20.18	καὶ	kai	C-:--------
01201814	Matt.20.18	γραμματεῦσιν	grammateus	N-:----DPM-
01201815	Matt.20.18	καὶ	kai	C-:--------
01201816	Matt.20.18	κατακρινοῦσιν	katakrinō	V-:3FAI-P--
01201817	Matt.20.18	αὐτὸν	autos	RP:----ASM-
01201818	Matt.20.18	θανάτῳ	thanatos	N-:----DSM-
01201901	Matt.20.19	καὶ	kai	C-:--------
01201902	Matt.20.19	παραδώσουσιν	paradidōmi	V-:3FAI-P--
01201903	Matt.20.19	αὐτὸν	autos	RP:----ASM-
01201904	Matt.20.19	τοῖς	ho	RA:----DPN-
01201905	Matt.20.19	ἔθνεσιν	ethnos	N-:----DPN-
01201906	Matt.20.19	εἰς	eis	P-:--------
01201907	Matt.20.19	τὸ	ho	RA:----ASN-
01201908	Matt.20.19	ἐμπαῖξαι	empaizō	V-:-AAN----
01201909	Matt.20.19	καὶ	kai	C-:--------
01201910	Matt.20.19	μαστιγῶσαι	mastigoō	V-:-AAN----
01201911	Matt.20.19	καὶ	kai	C-:--------
01201912	Matt.20.19	σταυρῶσαι	stauroō	V-:-AAN----
01201913	Matt.20.19	καὶ	kai	C-:--------
01201914	Matt.20.19	τῇ	ho	RA:----DSF-
01201915	Matt.20.19	τρίτῃ	tritos	A-:----DSF-
01201916	Matt.20.19	ἡμέρᾳ	hēmera	N-:----DSF-
01201917	Matt.20.19	ἐγερθήσεται	egeirō	V-:3FPI-S--
01202001	Matt.20.20	Τότε	tote	D-:--------
01202002	Matt.20.20	προσῆλθεν	proserchomai	V-:3AAI-S--
01202003	Matt.20.20	αὐτῷ	autos	RP:----DSM-
01202004	Matt.20.20	ἡ	ho	RA:----NSF-
01202005	Matt.20.20	μήτηρ	mētēr	N-:----NSF-
01202006	Matt.20.20	τῶν	ho	RA:----GPM-
01202007	Matt.20.20	υἱῶν	huios	N-:----GPM-
01202008	Matt.20.20	Ζεβεδαίου	zebedaios	N-:----GSM-
01202009	Matt.20.20	μετὰ	meta	P-:--------
01202010	Matt.20.20	τῶν	ho	RA:----GPM-
01202011	Matt.20.20	υἱῶν	huios	N-:----GPM-
01202012	Matt.20.20	αὐτῆς	autos	RP:----GSF-
01202013	Matt.20.20	προσκυνοῦσα	proskyneō	V-:-PAPNSF-
01202014	Matt.20.20	καὶ	kai	C-:--------
01202015	Matt.20.20	αἰτοῦσά	aiteō	V-:-PAPNSF-
01202016	Matt.20.20	τι	tis2	RI:----ASN-
01202017	Matt.20.20	παρ’	para	P-:--------
01202018	Matt.20.20	αὐτοῦ	autos	RP:----GSM-
01202101	Matt.20.21	ὁ	ho	RA:----NSM-
01202102	Matt.20.21	δὲ	de	C-:--------
01202103	Matt.20.21	εἶπεν	legō	V-:3AAI-S--
01202104	Matt.20.21	αὐτῇ	autos	RP:----DSF-
01202105	Matt.20.21	Τί	tis	RI:----ASN-
01202106	Matt.20.21	θέλεις	thelō	V-:2PAI-S--
01202107	Matt.20.21	λέγει	legō	V-:3PAI-S--
01202108	Matt.20.21	αὐτῷ	autos	RP:----DSM-
01202109	Matt.20.21	Εἰπὲ	legō	V-:2AAD-S--
01202110	Matt.20.21	ἵνα	hina	C-:--------
01202111	Matt.20.21	καθίσωσιν	kathizō	V-:3AAS-P--
01202112	Matt.20.21	οὗτοι	houtos	RD:----NPM-
01202113	Matt.20.21	οἱ	ho	RA:----NPM-
01202114	Matt.20.21	δύο	dyo	A-:----NPM-
01202115	Matt.20.21	υἱοί	huios	N-:----NPM-
01202116	Matt.20.21	μου	egō	RP:----GS--
01202117	Matt.20.21	εἷς	heis	A-:----NSM-
01202118	Matt.20.21	ἐκ	ek	P-:--------
01202119	Matt.20.21	δεξιῶν	dexios	A-:----GPN-
01202120	Matt.20.21	σου	sy	RP:----GS--
01202121	Matt.20.21	καὶ	kai	C-:--------
01202122	Matt.20.21	εἷς	heis	A-:----NSM-
01202123	Matt.20.21	ἐξ	ek	P-:--------
01202124	Matt.20.21	εὐωνύμων	euōnymos	A-:----GPN-
01202125	Matt.20.21	σου	sy	RP:----GS--
01202126	Matt.20.21	ἐν	en	P-:--------
01202127	Matt.20.21	τῇ	ho	RA:----DSF-
01202128	Matt.20.21	βασιλείᾳ	basileia	N-:----DSF-
01202129	Matt.20.21	σου	sy	RP:----GS--
01202201	Matt.20.22	ἀποκριθεὶς	apokrinomai	V-:-APPNSM-
01202202	Matt.20.22	δὲ	de	C-:--------
01202203	Matt.20.22	ὁ	ho	RA:----NSM-
01202204	Matt.20.22	Ἰησοῦς	iēsous	N-:----NSM-
01202205	Matt.20.22	εἶπεν	legō	V-:3AAI-S--
01202206	Matt.20.22	Οὐκ	ou	D-:--------
01202207	Matt.20.22	οἴδατε	oida	V-:2XAI-P--
01202208	Matt.20.22	τί	tis	RI:----ASN-
01202209	Matt.20.22	αἰτεῖσθε	aiteō	V-:2PMI-P--
01202210	Matt.20.22	δύνασθε	dynamai	V-:2PMI-P--
01202211	Matt.20.22	πιεῖν	pinō	V-:-AAN----
01202212	Matt.20.22	τὸ	ho	RA:----ASN-
01202213	Matt.20.22	ποτήριον	potērion	N-:----ASN-
01202214	Matt.20.22	ὃ	hos	RR:----ASN-
01202215	Matt.20.22	ἐγὼ	egō	RP:----NS--
01202216	Matt.20.22	μέλλω	mellō	V-:1PAI-S--
01202217	Matt.20.22	πίνειν	pinō	V-:-PAN----
01202218	Matt.20.22	λέγουσιν	legō	V-:3PAI-P--
01202219	Matt.20.22	αὐτῷ	autos	RP:----DSM-
01202220	Matt.20.22	Δυνάμεθα	dynamai	V-:1PMI-P--
01202301	Matt.20.23	λέγει	legō	V-:3PAI-S--
01202302	Matt.20.23	αὐτοῖς	autos	RP:----DPM-
01202303	Matt.20.23	Τὸ	ho	RA:----ASN-
01202304	Matt.20.23	μὲν	men	C-:--------
01202305	Matt.20.23	ποτήριόν	potērion	N-:----ASN-
01202306	Matt.20.23	μου	egō	RP:----GS--
01202307	Matt.20.23	πίεσθε	pinō	V-:2FMI-P--
01202308	Matt.20.23	τὸ	ho	RA:----ASN-
01202309	Matt.20.23	δὲ	de	C-:--------
01202310	Matt.20.23	καθίσαι	kathizō	V-:-AAN----
01202311	Matt.20.23	ἐκ	ek	P-:--------
01202312	Matt.20.23	δεξιῶν	dexios	A-:----GPN-
01202313	Matt.20.23	μου	egō	RP:----GS--
01202314	Matt.20.23	καὶ	kai	C-:--------
01202315	Matt.20.23	ἐξ	ek	P-:--------
01202316	Matt.20.23	εὐωνύμων	euōnymos	A-:----GPN-
01202317	Matt.20.23	οὐκ	ou	D-:--------
01202318	Matt.20.23	ἔστιν	eimi	V-:3PAI-S--
01202319	Matt.20.23	ἐμὸν	emos	A-:----NSN-
01202320	Matt.20.23	δοῦναι	didōmi	V-:-AAN----
01202321	Matt.20.23	ἀλλ’	alla	C-:--------
01202322	Matt.20.23	οἷς	hos	RR:----DPM-
01202323	Matt.20.23	ἡτοίμασται	hetoimazō	V-:3XPI-S--
01202324	Matt.20.23	ὑπὸ	hypo	P-:--------
01202325	Matt.20.23	τοῦ	ho	RA:----GSM-
01202326	Matt.20.23	πατρός	patēr	N-:----GSM-
01202327	Matt.20.23	μου	egō	RP:----GS--
01202401	Matt.20.24	Καὶ	kai	C-:--------
01202402	Matt.20.24	ἀκούσαντες	akouō	V-:-AAPNPM-
01202403	Matt.20.24	οἱ	ho	RA:----NPM-
01202404	Matt.20.24	δέκα	deka	A-:----NPM-
01202405	Matt.20.24	ἠγανάκτησαν	aganakteō	V-:3AAI-P--
01202406	Matt.20.24	περὶ	peri	P-:--------
01202407	Matt.20.24	τῶν	ho	RA:----GPM-
01202408	Matt.20.24	δύο	dyo	A-:----GPM-
01202409	Matt.20.24	ἀδελφῶν	adelphos	N-:----GPM-
01202501	Matt.20.25	ὁ	ho	RA:----NSM-
01202502	Matt.20.25	δὲ	de	C-:--------
01202503	Matt.20.25	Ἰησοῦς	iēsous	N-:----NSM-
01202504	Matt.20.25	προσκαλεσάμενος	proskaleomai	V-:-AMPNSM-
01202505	Matt.20.25	αὐτοὺς	autos	RP:----APM-
01202506	Matt.20.25	εἶπεν	legō	V-:3AAI-S--
01202507	Matt.20.25	Οἴδατε	oida	V-:2XAI-P--
01202508	Matt.20.25	ὅτι	hoti	C-:--------
01202509	Matt.20.25	οἱ	ho	RA:----NPM-
01202510	Matt.20.25	ἄρχοντες	archōn	N-:----NPM-
01202511	Matt.20.25	τῶν	ho	RA:----GPN-
01202512	Matt.20.25	ἐθνῶν	ethnos	N-:----GPN-
01202513	Matt.20.25	κατακυριεύουσιν	katakyrieuō	V-:3PAI-P--
01202514	Matt.20.25	αὐτῶν	autos	RP:----GPN-
01202515	Matt.20.25	καὶ	kai	C-:--------
01202516	Matt.20.25	οἱ	ho	RA:----NPM-
01202517	Matt.20.25	μεγάλοι	megas	A-:----NPM-
01202518	Matt.20.25	κατεξουσιάζουσιν	katexousiazō	V-:3PAI-P--
01202519	Matt.20.25	αὐτῶν	autos	RP:----GPN-
01202601	Matt.20.26	οὐχ	ou	D-:--------
01202602	Matt.20.26	οὕτως	houtō(s)	D-:--------
01202603	Matt.20.26	ἔσται	eimi	V-:3FMI-S--
01202604	Matt.20.26	ἐν	en	P-:--------
01202605	Matt.20.26	ὑμῖν	sy	RP:----DP--
01202606	Matt.20.26	ἀλλ’	alla	C-:--------
01202607	Matt.20.26	ὃς	hos	RR:----NSM-
01202608	Matt.20.26	ἂν	an	X-:--------
01202609	Matt.20.26	θέλῃ	thelō	V-:3PAS-S--
01202610	Matt.20.26	ἐν	en	P-:--------
01202611	Matt.20.26	ὑμῖν	sy	RP:----DP--
01202612	Matt.20.26	μέγας	megas	A-:----NSM-
01202613	Matt.20.26	γενέσθαι	ginomai	V-:-AMN----
01202614	Matt.20.26	ἔσται	eimi	V-:3FMI-S--
01202615	Matt.20.26	ὑμῶν	sy	RP:----GP--
01202616	Matt.20.26	διάκονος	diakonos	N-:----NSM-
01202701	Matt.20.27	καὶ	kai	C-:--------
01202702	Matt.20.27	ὃς	hos	RR:----NSM-
01202703	Matt.20.27	ἂν	an	X-:--------
01202704	Matt.20.27	θέλῃ	thelō	V-:3PAS-S--
01202705	Matt.20.27	ἐν	en	P-:--------
01202706	Matt.20.27	ὑμῖν	sy	RP:----DP--
01202707	Matt.20.27	εἶναι	eimi	V-:-PAN----
01202708	Matt.20.27	πρῶτος	prōtos	A-:----NSM-
01202709	Matt.20.27	ἔσται	eimi	V-:3FMI-S--
01202710	Matt.20.27	ὑμῶν	sy	RP:----GP--
01202711	Matt.20.27	δοῦλος	doulos	N-:----NSM-
01202801	Matt.20.28	ὥσπερ	hōsper	C-:--------
01202802	Matt.20.28	ὁ	ho	RA:----NSM-
01202803	Matt.20.28	υἱὸς	huios	N-:----NSM-
01202804	Matt.20.28	τοῦ	ho	RA:----GSM-
01202805	Matt.20.28	ἀνθρώπου	anthrōpos	N-:----GSM-
01202806	Matt.20.28	οὐκ	ou	D-:--------
01202807	Matt.20.28	ἦλθεν	erchomai	V-:3AAI-S--
01202808	Matt.20.28	διακονηθῆναι	diakoneō	V-:-APN----
01202809	Matt.20.28	ἀλλὰ	alla	C-:--------
01202810	Matt.20.28	διακονῆσαι	diakoneō	V-:-AAN----
01202811	Matt.20.28	καὶ	kai	C-:--------
01202812	Matt.20.28	δοῦναι	didōmi	V-:-AAN----
01202813	Matt.20.28	τὴν	ho	RA:----ASF-
01202814	Matt.20.28	ψυχὴν	psychē	N-:----ASF-
01202815	Matt.20.28	αὐτοῦ	autos	RP:----GSM-
01202816	Matt.20.28	λύτρον	lytron	N-:----ASN-
01202817	Matt.20.28	ἀντὶ	anti	P-:--------
01202818	Matt.20.28	πολλῶν	polys	A-:----GPM-
01202901	Matt.20.29	Καὶ	kai	C-:--------
01202902	Matt.20.29	ἐκπορευομένων	ekporeuomai	V-:-PMPGPM-
01202903	Matt.20.29	αὐτῶν	autos	RP:----GPM-
01202904	Matt.20.29	ἀπὸ	apo	P-:--------
01202905	Matt.20.29	Ἰεριχὼ	ierichō	N-:----GSF-
01202906	Matt.20.29	ἠκολούθησεν	akoloutheō	V-:3AAI-S--
01202907	Matt.20.29	αὐτῷ	autos	RP:----DSM-
01202908	Matt.20.29	ὄχλος	ochlos	N-:----NSM-
01202909	Matt.20.29	πολύς	polys	A-:----NSM-
01203001	Matt.20.30	καὶ	kai	C-:--------
01203002	Matt.20.30	ἰδοὺ	idou	X-:--------
01203003	Matt.20.30	δύο	dyo	A-:----NPM-
01203004	Matt.20.30	τυφλοὶ	typhlos	A-:----NPM-
01203005	Matt.20.30	καθήμενοι	kathēmai	V-:-PMPNPM-
01203006	Matt.20.30	παρὰ	para	P-:--------
01203007	Matt.20.30	τὴν	ho	RA:----ASF-
01203008	Matt.20.30	ὁδόν	hodos	N-:----ASF-
01203009	Matt.20.30	ἀκούσαντες	akouō	V-:-AAPNPM-
01203010	Matt.20.30	ὅτι	hoti	C-:--------
01203011	Matt.20.30	Ἰησοῦς	iēsous	N-:----NSM-
01203012	Matt.20.30	παράγει	paragō	V-:3PAI-S--
01203013	Matt.20.30	ἔκραξαν	krazō	V-:3AAI-P--
01203014	Matt.20.30	λέγοντες	legō	V-:-PAPNPM-
01203015	Matt.20.30	Κύριε	kyrios	N-:----VSM-
01203016	Matt.20.30	ἐλέησον	eleaō	V-:2AAD-S--
01203017	Matt.20.30	ἡμᾶς	egō	RP:----AP--
01203018	Matt.20.30	υἱὸς	huios	N-:----NSM-
01203019	Matt.20.30	Δαυίδ	dauid	N-:----GSM-
01203101	Matt.20.31	ὁ	ho	RA:----NSM-
01203102	Matt.20.31	δὲ	de	C-:--------
01203103	Matt.20.31	ὄχλος	ochlos	N-:----NSM-
01203104	Matt.20.31	ἐπετίμησεν	epitimaō	V-:3AAI-S--
01203105	Matt.20.31	αὐτοῖς	autos	RP:----DPM-
01203106	Matt.20.31	ἵνα	hina	C-:--------
01203107	Matt.20.31	σιωπήσωσιν	siōpaō	V-:3AAS-P--
01203108	Matt.20.31	οἱ	ho	RA:----NPM-
01203109	Matt.20.31	δὲ	de	C-:--------
01203110	Matt.20.31	μεῖζον	megas	A-:----ASNC
01203111	Matt.20.31	ἔκραξαν	krazō	V-:3AAI-P--
01203112	Matt.20.31	λέγοντες	legō	V-:-PAPNPM-
01203113	Matt.20.31	Κύριε	kyrios	N-:----VSM-
01203114	Matt.20.31	ἐλέησον	eleaō	V-:2AAD-S--
01203115	Matt.20.31	ἡμᾶς	egō	RP:----AP--
01203116	Matt.20.31	υἱὸς	huios	N-:----NSM-
01203117	Matt.20.31	Δαυίδ	dauid	N-:----GSM-
01203201	Matt.20.32	καὶ	kai	C-:--------
01203202	Matt.20.32	στὰς	histēmi	V-:-AAPNSM-
01203203	Matt.20.32	ὁ	ho	RA:----NSM-
01203204	Matt.20.32	Ἰησοῦς	iēsous	N-:----NSM-
01203205	Matt.20.32	ἐφώνησεν	phōneō	V-:3AAI-S--
01203206	Matt.20.32	αὐτοὺς	autos	RP:----APM-
01203207	Matt.20.32	καὶ	kai	C-:--------
01203208	Matt.20.32	εἶπεν	legō	V-:3AAI-S--
01203209	Matt.20.32	Τί	tis	RI:----ASN-
01203210	Matt.20.32	θέλετε	thelō	V-:2PAI-P--
01203211	Matt.20.32	ποιήσω	poieō	V-:1AAS-S--
01203212	Matt.20.32	ὑμῖν	sy	RP:----DP--
01203301	Matt.20.33	λέγουσιν	legō	V-:3PAI-P--
01203302	Matt.20.33	αὐτῷ	autos	RP:----DSM-
01203303	Matt.20.33	Κύριε	kyrios	N-:----VSM-
01203304	Matt.20.33	ἵνα	hina	C-:--------
01203305	Matt.20.33	ἀνοιγῶσιν	anoigō	V-:3APS-P--
01203306	Matt.20.33	οἱ	ho	RA:----NPM-
01203307	Matt.20.33	ὀφθαλμοὶ	ophthalmos	N-:----NPM-
01203308	Matt.20.33	ἡμῶν	egō	RP:----GP--
01203401	Matt.20.34	σπλαγχνισθεὶς	splanchnizomai	V-:-APPNSM-
01203402	Matt.20.34	δὲ	de	C-:--------
01203403	Matt.20.34	ὁ	ho	RA:----NSM-
01203404	Matt.20.34	Ἰησοῦς	iēsous	N-:----NSM-
01203405	Matt.20.34	ἥψατο	haptō	V-:3AMI-S--
01203406	Matt.20.34	τῶν	ho	RA:----GPN-
01203407	Matt.20.34	ὀμμάτων	omma	N-:----GPN-
01203408	Matt.20.34	αὐτῶν	autos	RP:----GPM-
01203409	Matt.20.34	καὶ	kai	C-:--------
01203410	Matt.20.34	εὐθέως	eutheōs	D-:--------
01203411	Matt.20.34	ἀνέβλεψαν	anablepō	V-:3AAI-P--
01203412	Matt.20.34	καὶ	kai	C-:--------
01203413	Matt.20.34	ἠκολούθησαν	akoloutheō	V-:3AAI-P--
01203414	Matt.20.34	αὐτῷ	autos	RP:----DSM-
01210101	Matt.21.1	Καὶ	kai	C-:--------
01210102	Matt.21.1	ὅτε	hote	C-:--------
01210103	Matt.21.1	ἤγγισαν	engizō	V-:3AAI-P--
01210104	Matt.21.1	εἰς	eis	P-:--------
01210105	Matt.21.1	Ἱεροσόλυμα	hierosolyma	N-:----APN-
01210106	Matt.21.1	καὶ	kai	C-:--------
01210107	Matt.21.1	ἦλθον	erchomai	V-:3AAI-P--
01210108	Matt.21.1	εἰς	eis	P-:--------
01210109	Matt.21.1	Βηθφαγὴ	bēthphagē	N-:----ASF-
01210110	Matt.21.1	εἰς	eis	P-:--------
01210111	Matt.21.1	τὸ	ho	RA:----ASN-
01210112	Matt.21.1	Ὄρος	oros	N-:----ASN-
01210113	Matt.21.1	τῶν	ho	RA:----GPF-
01210114	Matt.21.1	Ἐλαιῶν	elaia	N-:----GPF-
01210115	Matt.21.1	τότε	tote	D-:--------
01210116	Matt.21.1	Ἰησοῦς	iēsous	N-:----NSM-
01210117	Matt.21.1	ἀπέστειλεν	apostellō	V-:3AAI-S--
01210118	Matt.21.1	δύο	dyo	A-:----APM-
01210119	Matt.21.1	μαθητὰς	mathētēs	N-:----APM-
01210201	Matt.21.2	λέγων	legō	V-:-PAPNSM-
01210202	Matt.21.2	αὐτοῖς	autos	RP:----DPM-
01210203	Matt.21.2	Πορεύεσθε	poreuomai	V-:2PMD-P--
01210204	Matt.21.2	εἰς	eis	P-:--------
01210205	Matt.21.2	τὴν	ho	RA:----ASF-
01210206	Matt.21.2	κώμην	kōmē	N-:----ASF-
01210207	Matt.21.2	τὴν	ho	RA:----ASF-
01210208	Matt.21.2	κατέναντι	katenanti	P-:--------
01210209	Matt.21.2	ὑμῶν	sy	RP:----GP--
01210210	Matt.21.2	καὶ	kai	C-:--------
01210211	Matt.21.2	εὐθέως	eutheōs	D-:--------
01210212	Matt.21.2	εὑρήσετε	heuriskō	V-:2FAI-P--
01210213	Matt.21.2	ὄνον	onos	N-:----ASF-
01210214	Matt.21.2	δεδεμένην	deō	V-:-XPPASF-
01210215	Matt.21.2	καὶ	kai	C-:--------
01210216	Matt.21.2	πῶλον	pōlos	N-:----ASM-
01210217	Matt.21.2	μετ’	meta	P-:--------
01210218	Matt.21.2	αὐτῆς	autos	RP:----GSF-
01210219	Matt.21.2	λύσαντες	lyō	V-:-AAPNPM-
01210220	Matt.21.2	ἀγάγετέ	agō	V-:2AAD-P--
01210221	Matt.21.2	μοι	egō	RP:----DS--
01210301	Matt.21.3	καὶ	kai	C-:--------
01210302	Matt.21.3	ἐάν	ean	C-:--------
01210303	Matt.21.3	τις	tis2	RI:----NSM-
01210304	Matt.21.3	ὑμῖν	sy	RP:----DP--
01210305	Matt.21.3	εἴπῃ	legō	V-:3AAS-S--
01210306	Matt.21.3	τι	tis2	RI:----ASN-
01210307	Matt.21.3	ἐρεῖτε	legō	V-:2FAI-P--
01210308	Matt.21.3	ὅτι	hoti	C-:--------
01210309	Matt.21.3	Ὁ	ho	RA:----NSM-
01210310	Matt.21.3	κύριος	kyrios	N-:----NSM-
01210311	Matt.21.3	αὐτῶν	autos	RP:----GPM-
01210312	Matt.21.3	χρείαν	chreia	N-:----ASF-
01210313	Matt.21.3	ἔχει	echō	V-:3PAI-S--
01210314	Matt.21.3	εὐθὺς	euthys	A-:----NSM-
01210315	Matt.21.3	δὲ	de	C-:--------
01210316	Matt.21.3	ἀποστελεῖ	apostellō	V-:3FAI-S--
01210317	Matt.21.3	αὐτούς	autos	RP:----APM-
01210401	Matt.21.4	Τοῦτο	houtos	RD:----NSN-
01210402	Matt.21.4	δὲ	de	C-:--------
01210403	Matt.21.4	γέγονεν	ginomai	V-:3XAI-S--
01210404	Matt.21.4	ἵνα	hina	C-:--------
01210405	Matt.21.4	πληρωθῇ	plēroō	V-:3APS-S--
01210406	Matt.21.4	τὸ	ho	RA:----NSN-
01210407	Matt.21.4	ῥηθὲν	legō	V-:-APPNSN-
01210408	Matt.21.4	διὰ	dia	P-:--------
01210409	Matt.21.4	τοῦ	ho	RA:----GSM-
01210410	Matt.21.4	προφήτου	prophētēs	N-:----GSM-
01210411	Matt.21.4	λέγοντος	legō	V-:-PAPGSM-
01210501	Matt.21.5	Εἴπατε	legō	V-:2AAD-P--
01210502	Matt.21.5	τῇ	ho	RA:----DSF-
01210503	Matt.21.5	θυγατρὶ	thygatēr	N-:----DSF-
01210504	Matt.21.5	Σιών	siōn	N-:----GSF-
01210505	Matt.21.5	Ἰδοὺ	idou	X-:--------
01210506	Matt.21.5	ὁ	ho	RA:----NSM-
01210507	Matt.21.5	βασιλεύς	basileus	N-:----NSM-
01210508	Matt.21.5	σου	sy	RP:----GS--
01210509	Matt.21.5	ἔρχεταί	erchomai	V-:3PMI-S--
01210510	Matt.21.5	σοι	sy	RP:----DS--
01210511	Matt.21.5	πραῢς	praus	A-:----NSM-
01210512	Matt.21.5	καὶ	kai	C-:--------
01210513	Matt.21.5	ἐπιβεβηκὼς	epibainō	V-:-XAPNSM-
01210514	Matt.21.5	ἐπὶ	epi	P-:--------
01210515	Matt.21.5	ὄνον	onos	N-:----ASF-
01210516	Matt.21.5	καὶ	kai	C-:--------
01210517	Matt.21.5	ἐπὶ	epi	P-:--------
01210518	Matt.21.5	πῶλον	pōlos	N-:----ASM-
01210519	Matt.21.5	υἱὸν	huios	N-:----ASM-
01210520	Matt.21.5	ὑποζυγίου	hypozygion	N-:----GSN-
01210601	Matt.21.6	πορευθέντες	poreuomai	V-:-APPNPM-
01210602	Matt.21.6	δὲ	de	C-:--------
01210603	Matt.21.6	οἱ	ho	RA:----NPM-
01210604	Matt.21.6	μαθηταὶ	mathētēs	N-:----NPM-
01210605	Matt.21.6	καὶ	kai	C-:--------
01210606	Matt.21.6	ποιήσαντες	poieō	V-:-AAPNPM-
01210607	Matt.21.6	καθὼς	kathōs	C-:--------
01210608	Matt.21.6	συνέταξεν	syntassō	V-:3AAI-S--
01210609	Matt.21.6	αὐτοῖς	autos	RP:----DPM-
01210610	Matt.21.6	ὁ	ho	RA:----NSM-
01210611	Matt.21.6	Ἰησοῦς	iēsous	N-:----NSM-
01210701	Matt.21.7	ἤγαγον	agō	V-:3AAI-P--
01210702	Matt.21.7	τὴν	ho	RA:----ASF-
01210703	Matt.21.7	ὄνον	onos	N-:----ASF-
01210704	Matt.21.7	καὶ	kai	C-:--------
01210705	Matt.21.7	τὸν	ho	RA:----ASM-
01210706	Matt.21.7	πῶλον	pōlos	N-:----ASM-
01210707	Matt.21.7	καὶ	kai	C-:--------
01210708	Matt.21.7	ἐπέθηκαν	epitithēmi	V-:3AAI-P--
01210709	Matt.21.7	ἐπ’	epi	P-:--------
01210710	Matt.21.7	αὐτῶν	autos	RP:----GPM-
01210711	Matt.21.7	τὰ	ho	RA:----APN-
01210712	Matt.21.7	ἱμάτια	himation	N-:----APN-
01210713	Matt.21.7	καὶ	kai	C-:--------
01210714	Matt.21.7	ἐπεκάθισεν	epikathizō	V-:3AAI-S--
01210715	Matt.21.7	ἐπάνω	epanō	P-:--------
01210716	Matt.21.7	αὐτῶν	autos	RP:----GPM-
01210801	Matt.21.8	ὁ	ho	RA:----NSM-
01210802	Matt.21.8	δὲ	de	C-:--------
01210803	Matt.21.8	πλεῖστος	polys	A-:----NSMS
01210804	Matt.21.8	ὄχλος	ochlos	N-:----NSM-
01210805	Matt.21.8	ἔστρωσαν	strōnnymi	V-:3AAI-P--
01210806	Matt.21.8	ἑαυτῶν	heautou	RP:----GPM-
01210807	Matt.21.8	τὰ	ho	RA:----APN-
01210808	Matt.21.8	ἱμάτια	himation	N-:----APN-
01210809	Matt.21.8	ἐν	en	P-:--------
01210810	Matt.21.8	τῇ	ho	RA:----DSF-
01210811	Matt.21.8	ὁδῷ	hodos	N-:----DSF-
01210812	Matt.21.8	ἄλλοι	allos	A-:----NPM-
01210813	Matt.21.8	δὲ	de	C-:--------
01210814	Matt.21.8	ἔκοπτον	koptō	V-:3IAI-P--
01210815	Matt.21.8	κλάδους	klados	N-:----APM-
01210816	Matt.21.8	ἀπὸ	apo	P-:--------
01210817	Matt.21.8	τῶν	ho	RA:----GPN-
01210818	Matt.21.8	δένδρων	dendron	N-:----GPN-
01210819	Matt.21.8	καὶ	kai	C-:--------
01210820	Matt.21.8	ἐστρώννυον	strōnnymi	V-:3IAI-P--
01210821	Matt.21.8	ἐν	en	P-:--------
01210822	Matt.21.8	τῇ	ho	RA:----DSF-
01210823	Matt.21.8	ὁδῷ	hodos	N-:----DSF-
01210901	Matt.21.9	οἱ	ho	RA:----NPM-
01210902	Matt.21.9	δὲ	de	C-:--------
01210903	Matt.21.9	ὄχλοι	ochlos	N-:----NPM-
01210904	Matt.21.9	οἱ	ho	RA:----NPM-
01210905	Matt.21.9	προάγοντες	proagō	V-:-PAPNPM-
01210906	Matt.21.9	αὐτὸν	autos	RP:----ASM-
01210907	Matt.21.9	καὶ	kai	C-:--------
01210908	Matt.21.9	οἱ	ho	RA:----NPM-
01210909	Matt.21.9	ἀκολουθοῦντες	akoloutheō	V-:-PAPNPM-
01210910	Matt.21.9	ἔκραζον	krazō	V-:3IAI-P--
01210911	Matt.21.9	λέγοντες	legō	V-:-PAPNPM-
01210912	Matt.21.9	Ὡσαννὰ	hōsanna	X-:--------
01210913	Matt.21.9	τῷ	ho	RA:----DSM-
01210914	Matt.21.9	υἱῷ	huios	N-:----DSM-
01210915	Matt.21.9	Δαυίδ	dauid	N-:----GSM-
01210916	Matt.21.9	Εὐλογημένος	eulogeō	V-:-XPPNSM-
01210917	Matt.21.9	ὁ	ho	RA:----NSM-
01210918	Matt.21.9	ἐρχόμενος	erchomai	V-:-PMPNSM-
01210919	Matt.21.9	ἐν	en	P-:--------
01210920	Matt.21.9	ὀνόματι	onoma	N-:----DSN-
01210921	Matt.21.9	κυρίου	kyrios	N-:----GSM-
01210922	Matt.21.9	Ὡσαννὰ	hōsanna	X-:--------
01210923	Matt.21.9	ἐν	en	P-:--------
01210924	Matt.21.9	τοῖς	ho	RA:----DPN-
01210925	Matt.21.9	ὑψίστοις	hypsistos	A-:----DPNS
01211001	Matt.21.10	καὶ	kai	C-:--------
01211002	Matt.21.10	εἰσελθόντος	eiserchomai	V-:-AAPGSM-
01211003	Matt.21.10	αὐτοῦ	autos	RP:----GSM-
01211004	Matt.21.10	εἰς	eis	P-:--------
01211005	Matt.21.10	Ἱεροσόλυμα	hierosolyma	N-:----APN-
01211006	Matt.21.10	ἐσείσθη	seiō	V-:3API-S--
01211007	Matt.21.10	πᾶσα	pas	A-:----NSF-
01211008	Matt.21.10	ἡ	ho	RA:----NSF-
01211009	Matt.21.10	πόλις	polis	N-:----NSF-
01211010	Matt.21.10	λέγουσα	legō	V-:-PAPNSF-
01211011	Matt.21.10	Τίς	tis	RI:----NSM-
01211012	Matt.21.10	ἐστιν	eimi	V-:3PAI-S--
01211013	Matt.21.10	οὗτος	houtos	RD:----NSM-
01211101	Matt.21.11	οἱ	ho	RA:----NPM-
01211102	Matt.21.11	δὲ	de	C-:--------
01211103	Matt.21.11	ὄχλοι	ochlos	N-:----NPM-
01211104	Matt.21.11	ἔλεγον	legō	V-:3IAI-P--
01211105	Matt.21.11	Οὗτός	houtos	RD:----NSM-
01211106	Matt.21.11	ἐστιν	eimi	V-:3PAI-S--
01211107	Matt.21.11	ὁ	ho	RA:----NSM-
01211108	Matt.21.11	προφήτης	prophētēs	N-:----NSM-
01211109	Matt.21.11	Ἰησοῦς	iēsous	N-:----NSM-
01211110	Matt.21.11	ὁ	ho	RA:----NSM-
01211111	Matt.21.11	ἀπὸ	apo	P-:--------
01211112	Matt.21.11	Ναζαρὲθ	nazareth	N-:----GSF-
01211113	Matt.21.11	τῆς	ho	RA:----GSF-
01211114	Matt.21.11	Γαλιλαίας	galilaia	N-:----GSF-
01211201	Matt.21.12	Καὶ	kai	C-:--------
01211202	Matt.21.12	εἰσῆλθεν	eiserchomai	V-:3AAI-S--
01211203	Matt.21.12	Ἰησοῦς	iēsous	N-:----NSM-
01211204	Matt.21.12	εἰς	eis	P-:--------
01211205	Matt.21.12	τὸ	ho	RA:----ASN-
01211206	Matt.21.12	ἱερόν	hieros	A-:----ASN-
01211207	Matt.21.12	καὶ	kai	C-:--------
01211208	Matt.21.12	ἐξέβαλεν	ekballō	V-:3AAI-S--
01211209	Matt.21.12	πάντας	pas	A-:----APM-
01211210	Matt.21.12	τοὺς	ho	RA:----APM-
01211211	Matt.21.12	πωλοῦντας	pōleō	V-:-PAPAPM-
01211212	Matt.21.12	καὶ	kai	C-:--------
01211213	Matt.21.12	ἀγοράζοντας	agorazō	V-:-PAPAPM-
01211214	Matt.21.12	ἐν	en	P-:--------
01211215	Matt.21.12	τῷ	ho	RA:----DSN-
01211216	Matt.21.12	ἱερῷ	hieros	A-:----DSN-
01211217	Matt.21.12	καὶ	kai	C-:--------
01211218	Matt.21.12	τὰς	ho	RA:----APF-
01211219	Matt.21.12	τραπέζας	trapeza	N-:----APF-
01211220	Matt.21.12	τῶν	ho	RA:----GPM-
01211221	Matt.21.12	κολλυβιστῶν	kollybistēs	N-:----GPM-
01211222	Matt.21.12	κατέστρεψεν	katastrephō	V-:3AAI-S--
01211223	Matt.21.12	καὶ	kai	C-:--------
01211224	Matt.21.12	τὰς	ho	RA:----APF-
01211225	Matt.21.12	καθέδρας	kathedra	N-:----APF-
01211226	Matt.21.12	τῶν	ho	RA:----GPM-
01211227	Matt.21.12	πωλούντων	pōleō	V-:-PAPGPM-
01211228	Matt.21.12	τὰς	ho	RA:----APF-
01211229	Matt.21.12	περιστεράς	peristera	N-:----APF-
01211301	Matt.21.13	καὶ	kai	C-:--------
01211302	Matt.21.13	λέγει	legō	V-:3PAI-S--
01211303	Matt.21.13	αὐτοῖς	autos	RP:----DPM-
01211304	Matt.21.13	Γέγραπται	graphō	V-:3XPI-S--
01211305	Matt.21.13	Ὁ	ho	RA:----NSM-
01211306	Matt.21.13	οἶκός	oikos	N-:----NSM-
01211307	Matt.21.13	μου	egō	RP:----GS--
01211308	Matt.21.13	οἶκος	oikos	N-:----NSM-
01211309	Matt.21.13	προσευχῆς	proseuchē	N-:----GSF-
01211310	Matt.21.13	κληθήσεται	kaleō	V-:3FPI-S--
01211311	Matt.21.13	ὑμεῖς	sy	RP:----NP--
01211312	Matt.21.13	δὲ	de	C-:--------
01211313	Matt.21.13	αὐτὸν	autos	RP:----ASM-
01211314	Matt.21.13	ποιεῖτε	poieō	V-:2PAI-P--
01211315	Matt.21.13	σπήλαιον	spēlaion	N-:----ASN-
01211316	Matt.21.13	λῃστῶν	lēstēs	N-:----GPM-
01211401	Matt.21.14	Καὶ	kai	C-:--------
01211402	Matt.21.14	προσῆλθον	proserchomai	V-:3AAI-P--
01211403	Matt.21.14	αὐτῷ	autos	RP:----DSM-
01211404	Matt.21.14	τυφλοὶ	typhlos	A-:----NPM-
01211405	Matt.21.14	καὶ	kai	C-:--------
01211406	Matt.21.14	χωλοὶ	chōlos	A-:----NPM-
01211407	Matt.21.14	ἐν	en	P-:--------
01211408	Matt.21.14	τῷ	ho	RA:----DSN-
01211409	Matt.21.14	ἱερῷ	hieros	A-:----DSN-
01211410	Matt.21.14	καὶ	kai	C-:--------
01211411	Matt.21.14	ἐθεράπευσεν	therapeuō	V-:3AAI-S--
01211412	Matt.21.14	αὐτούς	autos	RP:----APM-
01211501	Matt.21.15	ἰδόντες	horaō	V-:-AAPNPM-
01211502	Matt.21.15	δὲ	de	C-:--------
01211503	Matt.21.15	οἱ	ho	RA:----NPM-
01211504	Matt.21.15	ἀρχιερεῖς	archiereus	N-:----NPM-
01211505	Matt.21.15	καὶ	kai	C-:--------
01211506	Matt.21.15	οἱ	ho	RA:----NPM-
01211507	Matt.21.15	γραμματεῖς	grammateus	N-:----NPM-
01211508	Matt.21.15	τὰ	ho	RA:----APN-
01211509	Matt.21.15	θαυμάσια	thaumasios	A-:----APN-
01211510	Matt.21.15	ἃ	hos	RR:----APN-
01211511	Matt.21.15	ἐποίησεν	poieō	V-:3AAI-S--
01211512	Matt.21.15	καὶ	kai	C-:--------
01211513	Matt.21.15	τοὺς	ho	RA:----APM-
01211514	Matt.21.15	παῖδας	pais	N-:----APM-
01211515	Matt.21.15	τοὺς	ho	RA:----APM-
01211516	Matt.21.15	κράζοντας	krazō	V-:-PAPAPM-
01211517	Matt.21.15	ἐν	en	P-:--------
01211518	Matt.21.15	τῷ	ho	RA:----DSN-
01211519	Matt.21.15	ἱερῷ	hieros	A-:----DSN-
01211520	Matt.21.15	καὶ	kai	C-:--------
01211521	Matt.21.15	λέγοντας	legō	V-:-PAPAPM-
01211522	Matt.21.15	Ὡσαννὰ	hōsanna	X-:--------
01211523	Matt.21.15	τῷ	ho	RA:----DSM-
01211524	Matt.21.15	υἱῷ	huios	N-:----DSM-
01211525	Matt.21.15	Δαυίδ	dauid	N-:----GSM-
01211526	Matt.21.15	ἠγανάκτησαν	aganakteō	V-:3AAI-P--
01211601	Matt.21.16	καὶ	kai	C-:--------
01211602	Matt.21.16	εἶπαν	legō	V-:3AAI-P--
01211603	Matt.21.16	αὐτῷ	autos	RP:----DSM-
01211604	Matt.21.16	Ἀκούεις	akouō	V-:2PAI-S--
01211605	Matt.21.16	τί	tis	RI:----ASN-
01211606	Matt.21.16	οὗτοι	houtos	RD:----NPM-
01211607	Matt.21.16	λέγουσιν	legō	V-:3PAI-P--
01211608	Matt.21.16	ὁ	ho	RA:----NSM-
01211609	Matt.21.16	δὲ	de	C-:--------
01211610	Matt.21.16	Ἰησοῦς	iēsous	N-:----NSM-
01211611	Matt.21.16	λέγει	legō	V-:3PAI-S--
01211612	Matt.21.16	αὐτοῖς	autos	RP:----DPM-
01211613	Matt.21.16	Ναί	nai	X-:--------
01211614	Matt.21.16	οὐδέποτε	oudepote	D-:--------
01211615	Matt.21.16	ἀνέγνωτε	anaginōskō	V-:2AAI-P--
01211616	Matt.21.16	ὅτι	hoti	C-:--------
01211617	Matt.21.16	Ἐκ	ek	P-:--------
01211618	Matt.21.16	στόματος	stoma	N-:----GSN-
01211619	Matt.21.16	νηπίων	nēpios	A-:----GPM-
01211620	Matt.21.16	καὶ	kai	C-:--------
01211621	Matt.21.16	θηλαζόντων	thēlazō	V-:-PAPGPM-
01211622	Matt.21.16	κατηρτίσω	katartizō	V-:2AMI-S--
01211623	Matt.21.16	αἶνον	ainos	N-:----ASM-
01211701	Matt.21.17	καὶ	kai	C-:--------
01211702	Matt.21.17	καταλιπὼν	kataleipō	V-:-AAPNSM-
01211703	Matt.21.17	αὐτοὺς	autos	RP:----APM-
01211704	Matt.21.17	ἐξῆλθεν	exerchomai	V-:3AAI-S--
01211705	Matt.21.17	ἔξω	exō	P-:--------
01211706	Matt.21.17	τῆς	ho	RA:----GSF-
01211707	Matt.21.17	πόλεως	polis	N-:----GSF-
01211708	Matt.21.17	εἰς	eis	P-:--------
01211709	Matt.21.17	Βηθανίαν	bēthania	N-:----ASF-
01211710	Matt.21.17	καὶ	kai	C-:--------
01211711	Matt.21.17	ηὐλίσθη	aulizomai	V-:3API-S--
01211712	Matt.21.17	ἐκεῖ	ekei	D-:--------
01211801	Matt.21.18	Πρωῒ	prōi	D-:--------
01211802	Matt.21.18	δὲ	de	C-:--------
01211803	Matt.21.18	ἐπανάγων	epanagō	V-:-PAPNSM-
01211804	Matt.21.18	εἰς	eis	P-:--------
01211805	Matt.21.18	τὴν	ho	RA:----ASF-
01211806	Matt.21.18	πόλιν	polis	N-:----ASF-
01211807	Matt.21.18	ἐπείνασεν	peinaō	V-:3AAI-S--
01211901	Matt.21.19	καὶ	kai	C-:--------
01211902	Matt.21.19	ἰδὼν	horaō	V-:-AAPNSM-
01211903	Matt.21.19	συκῆν	sykē	N-:----ASF-
01211904	Matt.21.19	μίαν	heis	A-:----ASF-
01211905	Matt.21.19	ἐπὶ	epi	P-:--------
01211906	Matt.21.19	τῆς	ho	RA:----GSF-
01211907	Matt.21.19	ὁδοῦ	hodos	N-:----GSF-
01211908	Matt.21.19	ἦλθεν	erchomai	V-:3AAI-S--
01211909	Matt.21.19	ἐπ’	epi	P-:--------
01211910	Matt.21.19	αὐτήν	autos	RP:----ASF-
01211911	Matt.21.19	καὶ	kai	C-:--------
01211912	Matt.21.19	οὐδὲν	oudeis	A-:----ASN-
01211913	Matt.21.19	εὗρεν	heuriskō	V-:3AAI-S--
01211914	Matt.21.19	ἐν	en	P-:--------
01211915	Matt.21.19	αὐτῇ	autos	RP:----DSF-
01211916	Matt.21.19	εἰ	ei	C-:--------
01211917	Matt.21.19	μὴ	mē	D-:--------
01211918	Matt.21.19	φύλλα	phyllon	N-:----APN-
01211919	Matt.21.19	μόνον	monos	A-:----ASN-
01211920	Matt.21.19	καὶ	kai	C-:--------
01211921	Matt.21.19	λέγει	legō	V-:3PAI-S--
01211922	Matt.21.19	αὐτῇ	autos	RP:----DSF-
01211923	Matt.21.19	Μηκέτι	mēketi	D-:--------
01211924	Matt.21.19	ἐκ	ek	P-:--------
01211925	Matt.21.19	σοῦ	sy	RP:----GS--
01211926	Matt.21.19	καρπὸς	karpos	N-:----NSM-
01211927	Matt.21.19	γένηται	ginomai	V-:3AMS-S--
01211928	Matt.21.19	εἰς	eis	P-:--------
01211929	Matt.21.19	τὸν	ho	RA:----ASM-
01211930	Matt.21.19	αἰῶνα	aiōn	N-:----ASM-
01211931	Matt.21.19	καὶ	kai	C-:--------
01211932	Matt.21.19	ἐξηράνθη	xērainō	V-:3API-S--
01211933	Matt.21.19	παραχρῆμα	parachrēma	D-:--------
01211934	Matt.21.19	ἡ	ho	RA:----NSF-
01211935	Matt.21.19	συκῆ	sykē	N-:----NSF-
01212001	Matt.21.20	καὶ	kai	C-:--------
01212002	Matt.21.20	ἰδόντες	horaō	V-:-AAPNPM-
01212003	Matt.21.20	οἱ	ho	RA:----NPM-
01212004	Matt.21.20	μαθηταὶ	mathētēs	N-:----NPM-
01212005	Matt.21.20	ἐθαύμασαν	thaumazō	V-:3AAI-P--
01212006	Matt.21.20	λέγοντες	legō	V-:-PAPNPM-
01212007	Matt.21.20	Πῶς	pōs	D-:--------
01212008	Matt.21.20	παραχρῆμα	parachrēma	D-:--------
01212009	Matt.21.20	ἐξηράνθη	xērainō	V-:3API-S--
01212010	Matt.21.20	ἡ	ho	RA:----NSF-
01212011	Matt.21.20	συκῆ	sykē	N-:----NSF-
01212101	Matt.21.21	ἀποκριθεὶς	apokrinomai	V-:-APPNSM-
01212102	Matt.21.21	δὲ	de	C-:--------
01212103	Matt.21.21	ὁ	ho	RA:----NSM-
01212104	Matt.21.21	Ἰησοῦς	iēsous	N-:----NSM-
01212105	Matt.21.21	εἶπεν	legō	V-:3AAI-S--
01212106	Matt.21.21	αὐτοῖς	autos	RP:----DPM-
01212107	Matt.21.21	Ἀμὴν	amēn	X-:--------
01212108	Matt.21.21	λέγω	legō	V-:1PAI-S--
01212109	Matt.21.21	ὑμῖν	sy	RP:----DP--
01212110	Matt.21.21	ἐὰν	ean	C-:--------
01212111	Matt.21.21	ἔχητε	echō	V-:2PAS-P--
01212112	Matt.21.21	πίστιν	pistis	N-:----ASF-
01212113	Matt.21.21	καὶ	kai	C-:--------
01212114	Matt.21.21	μὴ	mē	D-:--------
01212115	Matt.21.21	διακριθῆτε	diakrinō	V-:2APS-P--
01212116	Matt.21.21	οὐ	ou	D-:--------
01212117	Matt.21.21	μόνον	monos	A-:----ASN-
01212118	Matt.21.21	τὸ	ho	RA:----ASN-
01212119	Matt.21.21	τῆς	ho	RA:----GSF-
01212120	Matt.21.21	συκῆς	sykē	N-:----GSF-
01212121	Matt.21.21	ποιήσετε	poieō	V-:2FAI-P--
01212122	Matt.21.21	ἀλλὰ	alla	C-:--------
01212123	Matt.21.21	κἂν	kan	D-:--------
01212124	Matt.21.21	τῷ	ho	RA:----DSN-
01212125	Matt.21.21	ὄρει	oros	N-:----DSN-
01212126	Matt.21.21	τούτῳ	houtos	RD:----DSN-
01212127	Matt.21.21	εἴπητε	legō	V-:2AAS-P--
01212128	Matt.21.21	Ἄρθητι	airō	V-:2APD-S--
01212129	Matt.21.21	καὶ	kai	C-:--------
01212130	Matt.21.21	βλήθητι	ballō	V-:2APD-S--
01212131	Matt.21.21	εἰς	eis	P-:--------
01212132	Matt.21.21	τὴν	ho	RA:----ASF-
01212133	Matt.21.21	θάλασσαν	thalassa	N-:----ASF-
01212134	Matt.21.21	γενήσεται	ginomai	V-:3FMI-S--
01212201	Matt.21.22	καὶ	kai	C-:--------
01212202	Matt.21.22	πάντα	pas	A-:----APN-
01212203	Matt.21.22	ὅσα	hosos	RR:----APN-
01212204	Matt.21.22	ἂν	an	X-:--------
01212205	Matt.21.22	αἰτήσητε	aiteō	V-:2AAS-P--
01212206	Matt.21.22	ἐν	en	P-:--------
01212207	Matt.21.22	τῇ	ho	RA:----DSF-
01212208	Matt.21.22	προσευχῇ	proseuchē	N-:----DSF-
01212209	Matt.21.22	πιστεύοντες	pisteuō	V-:-PAPNPM-
01212210	Matt.21.22	λήμψεσθε	lambanō	V-:2FMI-P--
01212301	Matt.21.23	Καὶ	kai	C-:--------
01212302	Matt.21.23	ἐλθόντος	erchomai	V-:-AAPGSM-
01212303	Matt.21.23	αὐτοῦ	autos	RP:----GSM-
01212304	Matt.21.23	εἰς	eis	P-:--------
01212305	Matt.21.23	τὸ	ho	RA:----ASN-
01212306	Matt.21.23	ἱερὸν	hieros	A-:----ASN-
01212307	Matt.21.23	προσῆλθον	proserchomai	V-:3AAI-P--
01212308	Matt.21.23	αὐτῷ	autos	RP:----DSM-
01212309	Matt.21.23	διδάσκοντι	didaskō	V-:-PAPDSM-
01212310	Matt.21.23	οἱ	ho	RA:----NPM-
01212311	Matt.21.23	ἀρχιερεῖς	archiereus	N-:----NPM-
01212312	Matt.21.23	καὶ	kai	C-:--------
01212313	Matt.21.23	οἱ	ho	RA:----NPM-
01212314	Matt.21.23	πρεσβύτεροι	presbyteros	A-:----NPM-
01212315	Matt.21.23	τοῦ	ho	RA:----GSM-
01212316	Matt.21.23	λαοῦ	laos	N-:----GSM-
01212317	Matt.21.23	λέγοντες	legō	V-:-PAPNPM-
01212318	Matt.21.23	Ἐν	en	P-:--------
01212319	Matt.21.23	ποίᾳ	poios	RI:----DSF-
01212320	Matt.21.23	ἐξουσίᾳ	exousia	N-:----DSF-
01212321	Matt.21.23	ταῦτα	houtos	RD:----APN-
01212322	Matt.21.23	ποιεῖς	poieō	V-:2PAI-S--
01212323	Matt.21.23	καὶ	kai	C-:--------
01212324	Matt.21.23	τίς	tis	RI:----NSM-
01212325	Matt.21.23	σοι	sy	RP:----DS--
01212326	Matt.21.23	ἔδωκεν	didōmi	V-:3AAI-S--
01212327	Matt.21.23	τὴν	ho	RA:----ASF-
01212328	Matt.21.23	ἐξουσίαν	exousia	N-:----ASF-
01212329	Matt.21.23	ταύτην	houtos	RD:----ASF-
01212401	Matt.21.24	ἀποκριθεὶς	apokrinomai	V-:-APPNSM-
01212402	Matt.21.24	δὲ	de	C-:--------
01212403	Matt.21.24	ὁ	ho	RA:----NSM-
01212404	Matt.21.24	Ἰησοῦς	iēsous	N-:----NSM-
01212405	Matt.21.24	εἶπεν	legō	V-:3AAI-S--
01212406	Matt.21.24	αὐτοῖς	autos	RP:----DPM-
01212407	Matt.21.24	Ἐρωτήσω	erōtaō	V-:1FAI-S--
01212408	Matt.21.24	ὑμᾶς	sy	RP:----AP--
01212409	Matt.21.24	κἀγὼ	kagō	RP:----NS--
01212410	Matt.21.24	λόγον	logos	N-:----ASM-
01212411	Matt.21.24	ἕνα	heis	A-:----ASM-
01212412	Matt.21.24	ὃν	hos	RR:----ASM-
01212413	Matt.21.24	ἐὰν	ean	C-:--------
01212414	Matt.21.24	εἴπητέ	legō	V-:2AAS-P--
01212415	Matt.21.24	μοι	egō	RP:----DS--
01212416	Matt.21.24	κἀγὼ	kagō	RP:----NS--
01212417	Matt.21.24	ὑμῖν	sy	RP:----DP--
01212418	Matt.21.24	ἐρῶ	legō	V-:1FAI-S--
01212419	Matt.21.24	ἐν	en	P-:--------
01212420	Matt.21.24	ποίᾳ	poios	RI:----DSF-
01212421	Matt.21.24	ἐξουσίᾳ	exousia	N-:----DSF-
01212422	Matt.21.24	ταῦτα	houtos	RD:----APN-
01212423	Matt.21.24	ποιῶ	poieō	V-:1PAI-S--
01212501	Matt.21.25	τὸ	ho	RA:----NSN-
01212502	Matt.21.25	βάπτισμα	baptisma	N-:----NSN-
01212503	Matt.21.25	τὸ	ho	RA:----NSN-
01212504	Matt.21.25	Ἰωάννου	iōannēs	N-:----GSM-
01212505	Matt.21.25	πόθεν	pothen	D-:--------
01212506	Matt.21.25	ἦν	eimi	V-:3IAI-S--
01212507	Matt.21.25	ἐξ	ek	P-:--------
01212508	Matt.21.25	οὐρανοῦ	ouranos	N-:----GSM-
01212509	Matt.21.25	ἢ	ē	C-:--------
01212510	Matt.21.25	ἐξ	ek	P-:--------
01212511	Matt.21.25	ἀνθρώπων	anthrōpos	N-:----GPM-
01212512	Matt.21.25	οἱ	ho	RA:----NPM-
01212513	Matt.21.25	δὲ	de	C-:--------
01212514	Matt.21.25	διελογίζοντο	dialogizomai	V-:3IMI-P--
01212515	Matt.21.25	ἐν	en	P-:--------
01212516	Matt.21.25	ἑαυτοῖς	heautou	RP:----DPM-
01212517	Matt.21.25	λέγοντες	legō	V-:-PAPNPM-
01212518	Matt.21.25	Ἐὰν	ean	C-:--------
01212519	Matt.21.25	εἴπωμεν	legō	V-:1AAS-P--
01212520	Matt.21.25	Ἐξ	ek	P-:--------
01212521	Matt.21.25	οὐρανοῦ	ouranos	N-:----GSM-
01212522	Matt.21.25	ἐρεῖ	legō	V-:3FAI-S--
01212523	Matt.21.25	ἡμῖν	egō	RP:----DP--
01212524	Matt.21.25	Διὰ	dia	P-:--------
01212525	Matt.21.25	τί	tis	RI:----ASN-
01212526	Matt.21.25	οὖν	oun	C-:--------
01212527	Matt.21.25	οὐκ	ou	D-:--------
01212528	Matt.21.25	ἐπιστεύσατε	pisteuō	V-:2AAI-P--
01212529	Matt.21.25	αὐτῷ	autos	RP:----DSM-
01212601	Matt.21.26	ἐὰν	ean	C-:--------
01212602	Matt.21.26	δὲ	de	C-:--------
01212603	Matt.21.26	εἴπωμεν	legō	V-:1AAS-P--
01212604	Matt.21.26	Ἐξ	ek	P-:--------
01212605	Matt.21.26	ἀνθρώπων	anthrōpos	N-:----GPM-
01212606	Matt.21.26	φοβούμεθα	phobeomai	V-:1PMI-P--
01212607	Matt.21.26	τὸν	ho	RA:----ASM-
01212608	Matt.21.26	ὄχλον	ochlos	N-:----ASM-
01212609	Matt.21.26	πάντες	pas	A-:----NPM-
01212610	Matt.21.26	γὰρ	gar	C-:--------
01212611	Matt.21.26	ὡς	hōs	C-:--------
01212612	Matt.21.26	προφήτην	prophētēs	N-:----ASM-
01212613	Matt.21.26	ἔχουσιν	echō	V-:3PAI-P--
01212614	Matt.21.26	τὸν	ho	RA:----ASM-
01212615	Matt.21.26	Ἰωάννην	iōannēs	N-:----ASM-
01212701	Matt.21.27	καὶ	kai	C-:--------
01212702	Matt.21.27	ἀποκριθέντες	apokrinomai	V-:-APPNPM-
01212703	Matt.21.27	τῷ	ho	RA:----DSM-
01212704	Matt.21.27	Ἰησοῦ	iēsous	N-:----DSM-
01212705	Matt.21.27	εἶπαν	legō	V-:3AAI-P--
01212706	Matt.21.27	Οὐκ	ou	D-:--------
01212707	Matt.21.27	οἴδαμεν	oida	V-:1XAI-P--
01212708	Matt.21.27	ἔφη	phēmi	V-:3IAI-S--
01212709	Matt.21.27	αὐτοῖς	autos	RP:----DPM-
01212710	Matt.21.27	καὶ	kai	D-:--------
01212711	Matt.21.27	αὐτός	autos	RP:----NSM-
01212712	Matt.21.27	Οὐδὲ	oude	D-:--------
01212713	Matt.21.27	ἐγὼ	egō	RP:----NS--
01212714	Matt.21.27	λέγω	legō	V-:1PAI-S--
01212715	Matt.21.27	ὑμῖν	sy	RP:----DP--
01212716	Matt.21.27	ἐν	en	P-:--------
01212717	Matt.21.27	ποίᾳ	poios	RI:----DSF-
01212718	Matt.21.27	ἐξουσίᾳ	exousia	N-:----DSF-
01212719	Matt.21.27	ταῦτα	houtos	RD:----APN-
01212720	Matt.21.27	ποιῶ	poieō	V-:1PAI-S--
01212801	Matt.21.28	Τί	tis	RI:----NSN-
01212802	Matt.21.28	δὲ	de	C-:--------
01212803	Matt.21.28	ὑμῖν	sy	RP:----DP--
01212804	Matt.21.28	δοκεῖ	dokeō	V-:3PAI-S--
01212805	Matt.21.28	ἄνθρωπος	anthrōpos	N-:----NSM-
01212806	Matt.21.28	εἶχεν	echō	V-:3IAI-S--
01212807	Matt.21.28	τέκνα	teknon	N-:----APN-
01212808	Matt.21.28	δύο	dyo	A-:----APN-
01212809	Matt.21.28	προσελθὼν	proserchomai	V-:-AAPNSM-
01212810	Matt.21.28	τῷ	ho	RA:----DSN-
01212811	Matt.21.28	πρώτῳ	prōtos	A-:----DSN-
01212812	Matt.21.28	εἶπεν	legō	V-:3AAI-S--
01212813	Matt.21.28	Τέκνον	teknon	N-:----VSN-
01212814	Matt.21.28	ὕπαγε	hypagō	V-:2PAD-S--
01212815	Matt.21.28	σήμερον	sēmeron	D-:--------
01212816	Matt.21.28	ἐργάζου	ergazomai	V-:2PMD-S--
01212817	Matt.21.28	ἐν	en	P-:--------
01212818	Matt.21.28	τῷ	ho	RA:----DSM-
01212819	Matt.21.28	ἀμπελῶνι	ampelōn	N-:----DSM-
01212901	Matt.21.29	ὁ	ho	RA:----NSM-
01212902	Matt.21.29	δὲ	de	C-:--------
01212903	Matt.21.29	ἀποκριθεὶς	apokrinomai	V-:-APPNSM-
01212904	Matt.21.29	εἶπεν	legō	V-:3AAI-S--
01212905	Matt.21.29	Οὐ	ou	D-:--------
01212906	Matt.21.29	θέλω	thelō	V-:1PAI-S--
01212907	Matt.21.29	ὕστερον	hysteros	A-:----ASNC
01212908	Matt.21.29	δὲ	de	C-:--------
01212909	Matt.21.29	μεταμεληθεὶς	metamelomai	V-:-APPNSM-
01212910	Matt.21.29	ἀπῆλθεν	aperchomai	V-:3AAI-S--
01213001	Matt.21.30	προσελθὼν	proserchomai	V-:-AAPNSM-
01213002	Matt.21.30	δὲ	de	C-:--------
01213003	Matt.21.30	τῷ	ho	RA:----DSM-
01213004	Matt.21.30	δευτέρῳ	deuteros	A-:----DSM-
01213005	Matt.21.30	εἶπεν	legō	V-:3AAI-S--
01213006	Matt.21.30	ὡσαύτως	hōsautōs	D-:--------
01213007	Matt.21.30	ὁ	ho	RA:----NSM-
01213008	Matt.21.30	δὲ	de	C-:--------
01213009	Matt.21.30	ἀποκριθεὶς	apokrinomai	V-:-APPNSM-
01213010	Matt.21.30	εἶπεν	legō	V-:3AAI-S--
01213011	Matt.21.30	Ἐγώ	egō	RP:----NS--
01213012	Matt.21.30	κύριε	kyrios	N-:----VSM-
01213013	Matt.21.30	καὶ	kai	C-:--------
01213014	Matt.21.30	οὐκ	ou	D-:--------
01213015	Matt.21.30	ἀπῆλθεν	aperchomai	V-:3AAI-S--
01213101	Matt.21.31	τίς	tis	RI:----NSM-
01213102	Matt.21.31	ἐκ	ek	P-:--------
01213103	Matt.21.31	τῶν	ho	RA:----GPM-
01213104	Matt.21.31	δύο	dyo	A-:----GPM-
01213105	Matt.21.31	ἐποίησεν	poieō	V-:3AAI-S--
01213106	Matt.21.31	τὸ	ho	RA:----ASN-
01213107	Matt.21.31	θέλημα	thelēma	N-:----ASN-
01213108	Matt.21.31	τοῦ	ho	RA:----GSM-
01213109	Matt.21.31	πατρός	patēr	N-:----GSM-
01213110	Matt.21.31	λέγουσιν	legō	V-:3PAI-P--
01213111	Matt.21.31	Ὁ	ho	RA:----NSM-
01213112	Matt.21.31	πρῶτος	prōtos	A-:----NSM-
01213113	Matt.21.31	λέγει	legō	V-:3PAI-S--
01213114	Matt.21.31	αὐτοῖς	autos	RP:----DPM-
01213115	Matt.21.31	ὁ	ho	RA:----NSM-
01213116	Matt.21.31	Ἰησοῦς	iēsous	N-:----NSM-
01213117	Matt.21.31	Ἀμὴν	amēn	X-:--------
01213118	Matt.21.31	λέγω	legō	V-:1PAI-S--
01213119	Matt.21.31	ὑμῖν	sy	RP:----DP--
01213120	Matt.21.31	ὅτι	hoti	C-:--------
01213121	Matt.21.31	οἱ	ho	RA:----NPM-
01213122	Matt.21.31	τελῶναι	telōnēs	N-:----NPM-
01213123	Matt.21.31	καὶ	kai	C-:--------
01213124	Matt.21.31	αἱ	ho	RA:----NPF-
01213125	Matt.21.31	πόρναι	pornē	N-:----NPF-
01213126	Matt.21.31	προάγουσιν	proagō	V-:3PAI-P--
01213127	Matt.21.31	ὑμᾶς	sy	RP:----AP--
01213128	Matt.21.31	εἰς	eis	P-:--------
01213129	Matt.21.31	τὴν	ho	RA:----ASF-
01213130	Matt.21.31	βασιλείαν	basileia	N-:----ASF-
01213131	Matt.21.31	τοῦ	ho	RA:----GSM-
01213132	Matt.21.31	θεοῦ	theos	N-:----GSM-
01213201	Matt.21.32	ἦλθεν	erchomai	V-:3AAI-S--
01213202	Matt.21.32	γὰρ	gar	C-:--------
01213203	Matt.21.32	Ἰωάννης	iōannēs	N-:----NSM-
01213204	Matt.21.32	πρὸς	pros	P-:--------
01213205	Matt.21.32	ὑμᾶς	sy	RP:----AP--
01213206	Matt.21.32	ἐν	en	P-:--------
01213207	Matt.21.32	ὁδῷ	hodos	N-:----DSF-
01213208	Matt.21.32	δικαιοσύνης	dikaiosynē	N-:----GSF-
01213209	Matt.21.32	καὶ	kai	C-:--------
01213210	Matt.21.32	οὐκ	ou	D-:--------
01213211	Matt.21.32	ἐπιστεύσατε	pisteuō	V-:2AAI-P--
01213212	Matt.21.32	αὐτῷ	autos	RP:----DSM-
01213213	Matt.21.32	οἱ	ho	RA:----NPM-
01213214	Matt.21.32	δὲ	de	C-:--------
01213215	Matt.21.32	τελῶναι	telōnēs	N-:----NPM-
01213216	Matt.21.32	καὶ	kai	C-:--------
01213217	Matt.21.32	αἱ	ho	RA:----NPF-
01213218	Matt.21.32	πόρναι	pornē	N-:----NPF-
01213219	Matt.21.32	ἐπίστευσαν	pisteuō	V-:3AAI-P--
01213220	Matt.21.32	αὐτῷ	autos	RP:----DSM-
01213221	Matt.21.32	ὑμεῖς	sy	RP:----NP--
01213222	Matt.21.32	δὲ	de	C-:--------
01213223	Matt.21.32	ἰδόντες	horaō	V-:-AAPNPM-
01213224	Matt.21.32	οὐδὲ	oude	D-:--------
01213225	Matt.21.32	μετεμελήθητε	metamelomai	V-:2API-P--
01213226	Matt.21.32	ὕστερον	hysteros	A-:----ASNC
01213227	Matt.21.32	τοῦ	ho	RA:----GSN-
01213228	Matt.21.32	πιστεῦσαι	pisteuō	V-:-AAN----
01213229	Matt.21.32	αὐτῷ	autos	RP:----DSM-
01213301	Matt.21.33	Ἄλλην	allos	A-:----ASF-
01213302	Matt.21.33	παραβολὴν	parabolē	N-:----ASF-
01213303	Matt.21.33	ἀκούσατε	akouō	V-:2AAD-P--
01213304	Matt.21.33	Ἄνθρωπος	anthrōpos	N-:----NSM-
01213305	Matt.21.33	ἦν	eimi	V-:3IAI-S--
01213306	Matt.21.33	οἰκοδεσπότης	oikodespotēs	N-:----NSM-
01213307	Matt.21.33	ὅστις	hostis	RR:----NSM-
01213308	Matt.21.33	ἐφύτευσεν	phyteuō	V-:3AAI-S--
01213309	Matt.21.33	ἀμπελῶνα	ampelōn	N-:----ASM-
01213310	Matt.21.33	καὶ	kai	C-:--------
01213311	Matt.21.33	φραγμὸν	phragmos	N-:----ASM-
01213312	Matt.21.33	αὐτῷ	autos	RP:----DSM-
01213313	Matt.21.33	περιέθηκεν	peritithēmi	V-:3AAI-S--
01213314	Matt.21.33	καὶ	kai	C-:--------
01213315	Matt.21.33	ὤρυξεν	oryssō	V-:3AAI-S--
01213316	Matt.21.33	ἐν	en	P-:--------
01213317	Matt.21.33	αὐτῷ	autos	RP:----DSM-
01213318	Matt.21.33	ληνὸν	lēnos	N-:----ASF-
01213319	Matt.21.33	καὶ	kai	C-:--------
01213320	Matt.21.33	ᾠκοδόμησεν	oikodomeō	V-:3AAI-S--
01213321	Matt.21.33	πύργον	pyrgos	N-:----ASM-
01213322	Matt.21.33	καὶ	kai	C-:--------
01213323	Matt.21.33	ἐξέδετο	ekdidōmi	V-:3AMI-S--
01213324	Matt.21.33	αὐτὸν	autos	RP:----ASM-
01213325	Matt.21.33	γεωργοῖς	geōrgos	N-:----DPM-
01213326	Matt.21.33	καὶ	kai	C-:--------
01213327	Matt.21.33	ἀπεδήμησεν	apodēmeō	V-:3AAI-S--
01213401	Matt.21.34	ὅτε	hote	C-:--------
01213402	Matt.21.34	δὲ	de	C-:--------
01213403	Matt.21.34	ἤγγισεν	engizō	V-:3AAI-S--
01213404	Matt.21.34	ὁ	ho	RA:----NSM-
01213405	Matt.21.34	καιρὸς	kairos	N-:----NSM-
01213406	Matt.21.34	τῶν	ho	RA:----GPM-
01213407	Matt.21.34	καρπῶν	karpos	N-:----GPM-
01213408	Matt.21.34	ἀπέστειλεν	apostellō	V-:3AAI-S--
01213409	Matt.21.34	τοὺς	ho	RA:----APM-
01213410	Matt.21.34	δούλους	doulos	N-:----APM-
01213411	Matt.21.34	αὐτοῦ	autos	RP:----GSM-
01213412	Matt.21.34	πρὸς	pros	P-:--------
01213413	Matt.21.34	τοὺς	ho	RA:----APM-
01213414	Matt.21.34	γεωργοὺς	geōrgos	N-:----APM-
01213415	Matt.21.34	λαβεῖν	lambanō	V-:-AAN----
01213416	Matt.21.34	τοὺς	ho	RA:----APM-
01213417	Matt.21.34	καρποὺς	karpos	N-:----APM-
01213418	Matt.21.34	αὐτοῦ	autos	RP:----GSM-
01213501	Matt.21.35	καὶ	kai	C-:--------
01213502	Matt.21.35	λαβόντες	lambanō	V-:-AAPNPM-
01213503	Matt.21.35	οἱ	ho	RA:----NPM-
01213504	Matt.21.35	γεωργοὶ	geōrgos	N-:----NPM-
01213505	Matt.21.35	τοὺς	ho	RA:----APM-
01213506	Matt.21.35	δούλους	doulos	N-:----APM-
01213507	Matt.21.35	αὐτοῦ	autos	RP:----GSM-
01213508	Matt.21.35	ὃν	hos	RR:----ASM-
01213509	Matt.21.35	μὲν	men	C-:--------
01213510	Matt.21.35	ἔδειραν	derō	V-:3AAI-P--
01213511	Matt.21.35	ὃν	hos	RR:----ASM-
01213512	Matt.21.35	δὲ	de	C-:--------
01213513	Matt.21.35	ἀπέκτειναν	apokteinō	V-:3AAI-P--
01213514	Matt.21.35	ὃν	hos	RR:----ASM-
01213515	Matt.21.35	δὲ	de	C-:--------
01213516	Matt.21.35	ἐλιθοβόλησαν	lithoboleō	V-:3AAI-P--
01213601	Matt.21.36	πάλιν	palin	D-:--------
01213602	Matt.21.36	ἀπέστειλεν	apostellō	V-:3AAI-S--
01213603	Matt.21.36	ἄλλους	allos	A-:----APM-
01213604	Matt.21.36	δούλους	doulos	N-:----APM-
01213605	Matt.21.36	πλείονας	polys	A-:----APMC
01213606	Matt.21.36	τῶν	ho	RA:----GPM-
01213607	Matt.21.36	πρώτων	prōtos	A-:----GPM-
01213608	Matt.21.36	καὶ	kai	C-:--------
01213609	Matt.21.36	ἐποίησαν	poieō	V-:3AAI-P--
01213610	Matt.21.36	αὐτοῖς	autos	RP:----DPM-
01213611	Matt.21.36	ὡσαύτως	hōsautōs	D-:--------
01213701	Matt.21.37	ὕστερον	hysteros	A-:----ASNC
01213702	Matt.21.37	δὲ	de	C-:--------
01213703	Matt.21.37	ἀπέστειλεν	apostellō	V-:3AAI-S--
01213704	Matt.21.37	πρὸς	pros	P-:--------
01213705	Matt.21.37	αὐτοὺς	autos	RP:----APM-
01213706	Matt.21.37	τὸν	ho	RA:----ASM-
01213707	Matt.21.37	υἱὸν	huios	N-:----ASM-
01213708	Matt.21.37	αὐτοῦ	autos	RP:----GSM-
01213709	Matt.21.37	λέγων	legō	V-:-PAPNSM-
01213710	Matt.21.37	Ἐντραπήσονται	entrepō	V-:3FPI-P--
01213711	Matt.21.37	τὸν	ho	RA:----ASM-
01213712	Matt.21.37	υἱόν	huios	N-:----ASM-
01213713	Matt.21.37	μου	egō	RP:----GS--
01213801	Matt.21.38	οἱ	ho	RA:----NPM-
01213802	Matt.21.38	δὲ	de	C-:--------
01213803	Matt.21.38	γεωργοὶ	geōrgos	N-:----NPM-
01213804	Matt.21.38	ἰδόντες	horaō	V-:-AAPNPM-
01213805	Matt.21.38	τὸν	ho	RA:----ASM-
01213806	Matt.21.38	υἱὸν	huios	N-:----ASM-
01213807	Matt.21.38	εἶπον	legō	V-:3AAI-P--
01213808	Matt.21.38	ἐν	en	P-:--------
01213809	Matt.21.38	ἑαυτοῖς	heautou	RP:----DPM-
01213810	Matt.21.38	Οὗτός	houtos	RD:----NSM-
01213811	Matt.21.38	ἐστιν	eimi	V-:3PAI-S--
01213812	Matt.21.38	ὁ	ho	RA:----NSM-
01213813	Matt.21.38	κληρονόμος	klēronomos	N-:----NSM-
01213814	Matt.21.38	δεῦτε	deute	D-:--------
01213815	Matt.21.38	ἀποκτείνωμεν	apokteinō	V-:1AAS-P--
01213816	Matt.21.38	αὐτὸν	autos	RP:----ASM-
01213817	Matt.21.38	καὶ	kai	C-:--------
01213818	Matt.21.38	σχῶμεν	echō	V-:1AAS-P--
01213819	Matt.21.38	τὴν	ho	RA:----ASF-
01213820	Matt.21.38	κληρονομίαν	klēronomia	N-:----ASF-
01213821	Matt.21.38	αὐτοῦ	autos	RP:----GSM-
01213901	Matt.21.39	καὶ	kai	C-:--------
01213902	Matt.21.39	λαβόντες	lambanō	V-:-AAPNPM-
01213903	Matt.21.39	αὐτὸν	autos	RP:----ASM-
01213904	Matt.21.39	ἐξέβαλον	ekballō	V-:3AAI-P--
01213905	Matt.21.39	ἔξω	exō	P-:--------
01213906	Matt.21.39	τοῦ	ho	RA:----GSM-
01213907	Matt.21.39	ἀμπελῶνος	ampelōn	N-:----GSM-
01213908	Matt.21.39	καὶ	kai	C-:--------
01213909	Matt.21.39	ἀπέκτειναν	apokteinō	V-:3AAI-P--
01214001	Matt.21.40	ὅταν	hotan	C-:--------
01214002	Matt.21.40	οὖν	oun	C-:--------
01214003	Matt.21.40	ἔλθῃ	erchomai	V-:3AAS-S--
01214004	Matt.21.40	ὁ	ho	RA:----NSM-
01214005	Matt.21.40	κύριος	kyrios	N-:----NSM-
01214006	Matt.21.40	τοῦ	ho	RA:----GSM-
01214007	Matt.21.40	ἀμπελῶνος	ampelōn	N-:----GSM-
01214008	Matt.21.40	τί	tis	RI:----ASN-
01214009	Matt.21.40	ποιήσει	poieō	V-:3FAI-S--
01214010	Matt.21.40	τοῖς	ho	RA:----DPM-
01214011	Matt.21.40	γεωργοῖς	geōrgos	N-:----DPM-
01214012	Matt.21.40	ἐκείνοις	ekeinos	RD:----DPM-
01214101	Matt.21.41	λέγουσιν	legō	V-:3PAI-P--
01214102	Matt.21.41	αὐτῷ	autos	RP:----DSM-
01214103	Matt.21.41	Κακοὺς	kakos	A-:----APM-
01214104	Matt.21.41	κακῶς	kakōs	D-:--------
01214105	Matt.21.41	ἀπολέσει	apollymi	V-:3FAI-S--
01214106	Matt.21.41	αὐτούς	autos	RP:----APM-
01214107	Matt.21.41	καὶ	kai	C-:--------
01214108	Matt.21.41	τὸν	ho	RA:----ASM-
01214109	Matt.21.41	ἀμπελῶνα	ampelōn	N-:----ASM-
01214110	Matt.21.41	ἐκδώσεται	ekdidōmi	V-:3FMI-S--
01214111	Matt.21.41	ἄλλοις	allos	A-:----DPM-
01214112	Matt.21.41	γεωργοῖς	geōrgos	N-:----DPM-
01214113	Matt.21.41	οἵτινες	hostis	RR:----NPM-
01214114	Matt.21.41	ἀποδώσουσιν	apodidōmi	V-:3FAI-P--
01214115	Matt.21.41	αὐτῷ	autos	RP:----DSM-
01214116	Matt.21.41	τοὺς	ho	RA:----APM-
01214117	Matt.21.41	καρποὺς	karpos	N-:----APM-
01214118	Matt.21.41	ἐν	en	P-:--------
01214119	Matt.21.41	τοῖς	ho	RA:----DPM-
01214120	Matt.21.41	καιροῖς	kairos	N-:----DPM-
01214121	Matt.21.41	αὐτῶν	autos	RP:----GPM-
01214201	Matt.21.42	Λέγει	legō	V-:3PAI-S--
01214202	Matt.21.42	αὐτοῖς	autos	RP:----DPM-
01214203	Matt.21.42	ὁ	ho	RA:----NSM-
01214204	Matt.21.42	Ἰησοῦς	iēsous	N-:----NSM-
01214205	Matt.21.42	Οὐδέποτε	oudepote	D-:--------
01214206	Matt.21.42	ἀνέγνωτε	anaginōskō	V-:2AAI-P--
01214207	Matt.21.42	ἐν	en	P-:--------
01214208	Matt.21.42	ταῖς	ho	RA:----DPF-
01214209	Matt.21.42	γραφαῖς	graphē	N-:----DPF-
01214210	Matt.21.42	Λίθον	lithos	N-:----ASM-
01214211	Matt.21.42	ὃν	hos	RR:----ASM-
01214212	Matt.21.42	ἀπεδοκίμασαν	apodokimazō	V-:3AAI-P--
01214213	Matt.21.42	οἱ	ho	RA:----NPM-
01214214	Matt.21.42	οἰκοδομοῦντες	oikodomeō	V-:-PAPNPM-
01214215	Matt.21.42	οὗτος	houtos	RD:----NSM-
01214216	Matt.21.42	ἐγενήθη	ginomai	V-:3API-S--
01214217	Matt.21.42	εἰς	eis	P-:--------
01214218	Matt.21.42	κεφαλὴν	kephalē	N-:----ASF-
01214219	Matt.21.42	γωνίας	gōnia	N-:----GSF-
01214220	Matt.21.42	παρὰ	para	P-:--------
01214221	Matt.21.42	κυρίου	kyrios	N-:----GSM-
01214222	Matt.21.42	ἐγένετο	ginomai	V-:3AMI-S--
01214223	Matt.21.42	αὕτη	houtos	RD:----NSF-
01214224	Matt.21.42	καὶ	kai	C-:--------
01214225	Matt.21.42	ἔστιν	eimi	V-:3PAI-S--
01214226	Matt.21.42	θαυμαστὴ	thaumastos	A-:----NSF-
01214227	Matt.21.42	ἐν	en	P-:--------
01214228	Matt.21.42	ὀφθαλμοῖς	ophthalmos	N-:----DPM-
01214229	Matt.21.42	ἡμῶν	egō	RP:----GP--
01214301	Matt.21.43	διὰ	dia	P-:--------
01214302	Matt.21.43	τοῦτο	houtos	RD:----ASN-
01214303	Matt.21.43	λέγω	legō	V-:1PAI-S--
01214304	Matt.21.43	ὑμῖν	sy	RP:----DP--
01214305	Matt.21.43	ὅτι	hoti	C-:--------
01214306	Matt.21.43	ἀρθήσεται	airō	V-:3FPI-S--
01214307	Matt.21.43	ἀφ’	apo	P-:--------
01214308	Matt.21.43	ὑμῶν	sy	RP:----GP--
01214309	Matt.21.43	ἡ	ho	RA:----NSF-
01214310	Matt.21.43	βασιλεία	basileia	N-:----NSF-
01214311	Matt.21.43	τοῦ	ho	RA:----GSM-
01214312	Matt.21.43	θεοῦ	theos	N-:----GSM-
01214313	Matt.21.43	καὶ	kai	C-:--------
01214314	Matt.21.43	δοθήσεται	didōmi	V-:3FPI-S--
01214315	Matt.21.43	ἔθνει	ethnos	N-:----DSN-
01214316	Matt.21.43	ποιοῦντι	poieō	V-:-PAPDSN-
01214317	Matt.21.43	τοὺς	ho	RA:----APM-
01214318	Matt.21.43	καρποὺς	karpos	N-:----APM-
01214319	Matt.21.43	αὐτῆς	autos	RP:----GSF-
01214401	Matt.21.44	Καὶ	kai	C-:--------
01214402	Matt.21.44	ὁ	ho	RA:----NSM-
01214403	Matt.21.44	πεσὼν	piptō	V-:-AAPNSM-
01214404	Matt.21.44	ἐπὶ	epi	P-:--------
01214405	Matt.21.44	τὸν	ho	RA:----ASM-
01214406	Matt.21.44	λίθον	lithos	N-:----ASM-
01214407	Matt.21.44	τοῦτον	houtos	RD:----ASM-
01214408	Matt.21.44	συνθλασθήσεται	synthlaomai	V-:3FPI-S--
01214409	Matt.21.44	ἐφ’	epi	P-:--------
01214410	Matt.21.44	ὃν	hos	RR:----ASM-
01214411	Matt.21.44	δ’	de	C-:--------
01214412	Matt.21.44	ἂν	an	X-:--------
01214413	Matt.21.44	πέσῃ	piptō	V-:3AAS-S--
01214414	Matt.21.44	λικμήσει	likmaō	V-:3FAI-S--
01214415	Matt.21.44	αὐτόν	autos	RP:----ASM-
01214501	Matt.21.45	Καὶ	kai	C-:--------
01214502	Matt.21.45	ἀκούσαντες	akouō	V-:-AAPNPM-
01214503	Matt.21.45	οἱ	ho	RA:----NPM-
01214504	Matt.21.45	ἀρχιερεῖς	archiereus	N-:----NPM-
01214505	Matt.21.45	καὶ	kai	C-:--------
01214506	Matt.21.45	οἱ	ho	RA:----NPM-
01214507	Matt.21.45	Φαρισαῖοι	pharisaios	N-:----NPM-
01214508	Matt.21.45	τὰς	ho	RA:----APF-
01214509	Matt.21.45	παραβολὰς	parabolē	N-:----APF-
01214510	Matt.21.45	αὐτοῦ	autos	RP:----GSM-
01214511	Matt.21.45	ἔγνωσαν	ginōskō	V-:3AAI-P--
01214512	Matt.21.45	ὅτι	hoti	C-:--------
01214513	Matt.21.45	περὶ	peri	P-:--------
01214514	Matt.21.45	αὐτῶν	autos	RP:----GPM-
01214515	Matt.21.45	λέγει	legō	V-:3PAI-S--
01214601	Matt.21.46	καὶ	kai	C-:--------
01214602	Matt.21.46	ζητοῦντες	zēteō	V-:-PAPNPM-
01214603	Matt.21.46	αὐτὸν	autos	RP:----ASM-
01214604	Matt.21.46	κρατῆσαι	krateō	V-:-AAN----
01214605	Matt.21.46	ἐφοβήθησαν	phobeomai	V-:3API-P--
01214606	Matt.21.46	τοὺς	ho	RA:----APM-
01214607	Matt.21.46	ὄχλους	ochlos	N-:----APM-
01214608	Matt.21.46	ἐπεὶ	epei	C-:--------
01214609	Matt.21.46	εἰς	eis	P-:--------
01214610	Matt.21.46	προφήτην	prophētēs	N-:----ASM-
01214611	Matt.21.46	αὐτὸν	autos	RP:----ASM-
01214612	Matt.21.46	εἶχον	echō	V-:3IAI-P--
01220101	Matt.22.1	Καὶ	kai	C-:--------
01220102	Matt.22.1	ἀποκριθεὶς	apokrinomai	V-:-APPNSM-
01220103	Matt.22.1	ὁ	ho	RA:----NSM-
01220104	Matt.22.1	Ἰησοῦς	iēsous	N-:----NSM-
01220105	Matt.22.1	πάλιν	palin	D-:--------
01220106	Matt.22.1	εἶπεν	legō	V-:3AAI-S--
01220107	Matt.22.1	ἐν	en	P-:--------
01220108	Matt.22.1	παραβολαῖς	parabolē	N-:----DPF-
01220109	Matt.22.1	αὐτοῖς	autos	RP:----DPM-
01220110	Matt.22.1	λέγων	legō	V-:-PAPNSM-
01220201	Matt.22.2	Ὡμοιώθη	homoioō	V-:3API-S--
01220202	Matt.22.2	ἡ	ho	RA:----NSF-
01220203	Matt.22.2	βασιλεία	basileia	N-:----NSF-
01220204	Matt.22.2	τῶν	ho	RA:----GPM-
01220205	Matt.22.2	οὐρανῶν	ouranos	N-:----GPM-
01220206	Matt.22.2	ἀνθρώπῳ	anthrōpos	N-:----DSM-
01220207	Matt.22.2	βασιλεῖ	basileus	N-:----DSM-
01220208	Matt.22.2	ὅστις	hostis	RR:----NSM-
01220209	Matt.22.2	ἐποίησεν	poieō	V-:3AAI-S--
01220210	Matt.22.2	γάμους	gamos	N-:----APM-
01220211	Matt.22.2	τῷ	ho	RA:----DSM-
01220212	Matt.22.2	υἱῷ	huios	N-:----DSM-
01220213	Matt.22.2	αὐτοῦ	autos	RP:----GSM-
01220301	Matt.22.3	καὶ	kai	C-:--------
01220302	Matt.22.3	ἀπέστειλεν	apostellō	V-:3AAI-S--
01220303	Matt.22.3	τοὺς	ho	RA:----APM-
01220304	Matt.22.3	δούλους	doulos	N-:----APM-
01220305	Matt.22.3	αὐτοῦ	autos	RP:----GSM-
01220306	Matt.22.3	καλέσαι	kaleō	V-:-AAN----
01220307	Matt.22.3	τοὺς	ho	RA:----APM-
01220308	Matt.22.3	κεκλημένους	kaleō	V-:-XPPAPM-
01220309	Matt.22.3	εἰς	eis	P-:--------
01220310	Matt.22.3	τοὺς	ho	RA:----APM-
01220311	Matt.22.3	γάμους	gamos	N-:----APM-
01220312	Matt.22.3	καὶ	kai	C-:--------
01220313	Matt.22.3	οὐκ	ou	D-:--------
01220314	Matt.22.3	ἤθελον	thelō	V-:3IAI-P--
01220315	Matt.22.3	ἐλθεῖν	erchomai	V-:-AAN----
01220401	Matt.22.4	πάλιν	palin	D-:--------
01220402	Matt.22.4	ἀπέστειλεν	apostellō	V-:3AAI-S--
01220403	Matt.22.4	ἄλλους	allos	A-:----APM-
01220404	Matt.22.4	δούλους	doulos	N-:----APM-
01220405	Matt.22.4	λέγων	legō	V-:-PAPNSM-
01220406	Matt.22.4	Εἴπατε	legō	V-:2AAD-P--
01220407	Matt.22.4	τοῖς	ho	RA:----DPM-
01220408	Matt.22.4	κεκλημένοις	kaleō	V-:-XPPDPM-
01220409	Matt.22.4	Ἰδοὺ	idou	X-:--------
01220410	Matt.22.4	τὸ	ho	RA:----ASN-
01220411	Matt.22.4	ἄριστόν	ariston	N-:----ASN-
01220412	Matt.22.4	μου	egō	RP:----GS--
01220413	Matt.22.4	ἡτοίμακα	hetoimazō	V-:1XAI-S--
01220414	Matt.22.4	οἱ	ho	RA:----NPM-
01220415	Matt.22.4	ταῦροί	tauros	N-:----NPM-
01220416	Matt.22.4	μου	egō	RP:----GS--
01220417	Matt.22.4	καὶ	kai	C-:--------
01220418	Matt.22.4	τὰ	ho	RA:----NPN-
01220419	Matt.22.4	σιτιστὰ	sitistos	A-:----NPN-
01220420	Matt.22.4	τεθυμένα	thyō	V-:-XPPNPN-
01220421	Matt.22.4	καὶ	kai	C-:--------
01220422	Matt.22.4	πάντα	pas	A-:----NPN-
01220423	Matt.22.4	ἕτοιμα	hetoimos	A-:----NPN-
01220424	Matt.22.4	δεῦτε	deute	D-:--------
01220425	Matt.22.4	εἰς	eis	P-:--------
01220426	Matt.22.4	τοὺς	ho	RA:----APM-
01220427	Matt.22.4	γάμους	gamos	N-:----APM-
01220501	Matt.22.5	οἱ	ho	RA:----NPM-
01220502	Matt.22.5	δὲ	de	C-:--------
01220503	Matt.22.5	ἀμελήσαντες	ameleō	V-:-AAPNPM-
01220504	Matt.22.5	ἀπῆλθον	aperchomai	V-:3AAI-P--
01220505	Matt.22.5	ὃς	hos	RR:----NSM-
01220506	Matt.22.5	μὲν	men	C-:--------
01220507	Matt.22.5	εἰς	eis	P-:--------
01220508	Matt.22.5	τὸν	ho	RA:----ASM-
01220509	Matt.22.5	ἴδιον	idios	A-:----ASM-
01220510	Matt.22.5	ἀγρόν	agros	N-:----ASM-
01220511	Matt.22.5	ὃς	hos	RR:----NSM-
01220512	Matt.22.5	δὲ	de	C-:--------
01220513	Matt.22.5	ἐπὶ	epi	P-:--------
01220514	Matt.22.5	τὴν	ho	RA:----ASF-
01220515	Matt.22.5	ἐμπορίαν	emporia	N-:----ASF-
01220516	Matt.22.5	αὐτοῦ	autos	RP:----GSM-
01220601	Matt.22.6	οἱ	ho	RA:----NPM-
01220602	Matt.22.6	δὲ	de	C-:--------
01220603	Matt.22.6	λοιποὶ	loipos	A-:----NPM-
01220604	Matt.22.6	κρατήσαντες	krateō	V-:-AAPNPM-
01220605	Matt.22.6	τοὺς	ho	RA:----APM-
01220606	Matt.22.6	δούλους	doulos	N-:----APM-
01220607	Matt.22.6	αὐτοῦ	autos	RP:----GSM-
01220608	Matt.22.6	ὕβρισαν	hybrizō	V-:3AAI-P--
01220609	Matt.22.6	καὶ	kai	C-:--------
01220610	Matt.22.6	ἀπέκτειναν	apokteinō	V-:3AAI-P--
01220701	Matt.22.7	ὁ	ho	RA:----NSM-
01220702	Matt.22.7	δὲ	de	C-:--------
01220703	Matt.22.7	βασιλεὺς	basileus	N-:----NSM-
01220704	Matt.22.7	ὠργίσθη	orgizomai	V-:3API-S--
01220705	Matt.22.7	καὶ	kai	C-:--------
01220706	Matt.22.7	πέμψας	pempō	V-:-AAPNSM-
01220707	Matt.22.7	τὰ	ho	RA:----APN-
01220708	Matt.22.7	στρατεύματα	strateuma	N-:----APN-
01220709	Matt.22.7	αὐτοῦ	autos	RP:----GSM-
01220710	Matt.22.7	ἀπώλεσεν	apollymi	V-:3AAI-S--
01220711	Matt.22.7	τοὺς	ho	RA:----APM-
01220712	Matt.22.7	φονεῖς	phoneus	N-:----APM-
01220713	Matt.22.7	ἐκείνους	ekeinos	RD:----APM-
01220714	Matt.22.7	καὶ	kai	C-:--------
01220715	Matt.22.7	τὴν	ho	RA:----ASF-
01220716	Matt.22.7	πόλιν	polis	N-:----ASF-
01220717	Matt.22.7	αὐτῶν	autos	RP:----GPM-
01220718	Matt.22.7	ἐνέπρησεν	empimprēmi	V-:3AAI-S--
01220801	Matt.22.8	τότε	tote	D-:--------
01220802	Matt.22.8	λέγει	legō	V-:3PAI-S--
01220803	Matt.22.8	τοῖς	ho	RA:----DPM-
01220804	Matt.22.8	δούλοις	doulos	N-:----DPM-
01220805	Matt.22.8	αὐτοῦ	autos	RP:----GSM-
01220806	Matt.22.8	Ὁ	ho	RA:----NSM-
01220807	Matt.22.8	μὲν	men	C-:--------
01220808	Matt.22.8	γάμος	gamos	N-:----NSM-
01220809	Matt.22.8	ἕτοιμός	hetoimos	A-:----NSM-
01220810	Matt.22.8	ἐστιν	eimi	V-:3PAI-S--
01220811	Matt.22.8	οἱ	ho	RA:----NPM-
01220812	Matt.22.8	δὲ	de	C-:--------
01220813	Matt.22.8	κεκλημένοι	kaleō	V-:-XPPNPM-
01220814	Matt.22.8	οὐκ	ou	D-:--------
01220815	Matt.22.8	ἦσαν	eimi	V-:3IAI-P--
01220816	Matt.22.8	ἄξιοι	axios	A-:----NPM-
01220901	Matt.22.9	πορεύεσθε	poreuomai	V-:2PMD-P--
01220902	Matt.22.9	οὖν	oun	C-:--------
01220903	Matt.22.9	ἐπὶ	epi	P-:--------
01220904	Matt.22.9	τὰς	ho	RA:----APF-
01220905	Matt.22.9	διεξόδους	diexodos	N-:----APF-
01220906	Matt.22.9	τῶν	ho	RA:----GPF-
01220907	Matt.22.9	ὁδῶν	hodos	N-:----GPF-
01220908	Matt.22.9	καὶ	kai	C-:--------
01220909	Matt.22.9	ὅσους	hosos	RR:----APM-
01220910	Matt.22.9	ἐὰν	ean	X-:--------
01220911	Matt.22.9	εὕρητε	heuriskō	V-:2AAS-P--
01220912	Matt.22.9	καλέσατε	kaleō	V-:2AAD-P--
01220913	Matt.22.9	εἰς	eis	P-:--------
01220914	Matt.22.9	τοὺς	ho	RA:----APM-
01220915	Matt.22.9	γάμους	gamos	N-:----APM-
01221001	Matt.22.10	καὶ	kai	C-:--------
01221002	Matt.22.10	ἐξελθόντες	exerchomai	V-:-AAPNPM-
01221003	Matt.22.10	οἱ	ho	RA:----NPM-
01221004	Matt.22.10	δοῦλοι	doulos	N-:----NPM-
01221005	Matt.22.10	ἐκεῖνοι	ekeinos	RD:----NPM-
01221006	Matt.22.10	εἰς	eis	P-:--------
01221007	Matt.22.10	τὰς	ho	RA:----APF-
01221008	Matt.22.10	ὁδοὺς	hodos	N-:----APF-
01221009	Matt.22.10	συνήγαγον	synagō	V-:3AAI-P--
01221010	Matt.22.10	πάντας	pas	A-:----APM-
01221011	Matt.22.10	οὓς	hos	RR:----APM-
01221012	Matt.22.10	εὗρον	heuriskō	V-:3AAI-P--
01221013	Matt.22.10	πονηρούς	ponēros	A-:----APM-
01221014	Matt.22.10	τε	te	C-:--------
01221015	Matt.22.10	καὶ	kai	C-:--------
01221016	Matt.22.10	ἀγαθούς	agathos	A-:----APM-
01221017	Matt.22.10	καὶ	kai	C-:--------
01221018	Matt.22.10	ἐπλήσθη	pimplēmi	V-:3API-S--
01221019	Matt.22.10	ὁ	ho	RA:----NSM-
01221020	Matt.22.10	γάμος	gamos	N-:----NSM-
01221021	Matt.22.10	ἀνακειμένων	anakeimai	V-:-PMPGPM-
01221101	Matt.22.11	εἰσελθὼν	eiserchomai	V-:-AAPNSM-
01221102	Matt.22.11	δὲ	de	C-:--------
01221103	Matt.22.11	ὁ	ho	RA:----NSM-
01221104	Matt.22.11	βασιλεὺς	basileus	N-:----NSM-
01221105	Matt.22.11	θεάσασθαι	theaomai	V-:-AMN----
01221106	Matt.22.11	τοὺς	ho	RA:----APM-
01221107	Matt.22.11	ἀνακειμένους	anakeimai	V-:-PMPAPM-
01221108	Matt.22.11	εἶδεν	horaō	V-:3AAI-S--
01221109	Matt.22.11	ἐκεῖ	ekei	D-:--------
01221110	Matt.22.11	ἄνθρωπον	anthrōpos	N-:----ASM-
01221111	Matt.22.11	οὐκ	ou	D-:--------
01221112	Matt.22.11	ἐνδεδυμένον	endyō	V-:-XMPASM-
01221113	Matt.22.11	ἔνδυμα	endyma	N-:----ASN-
01221114	Matt.22.11	γάμου	gamos	N-:----GSM-
01221201	Matt.22.12	καὶ	kai	C-:--------
01221202	Matt.22.12	λέγει	legō	V-:3PAI-S--
01221203	Matt.22.12	αὐτῷ	autos	RP:----DSM-
01221204	Matt.22.12	Ἑταῖρε	hetairos	N-:----VSM-
01221205	Matt.22.12	πῶς	pōs	D-:--------
01221206	Matt.22.12	εἰσῆλθες	eiserchomai	V-:2AAI-S--
01221207	Matt.22.12	ὧδε	hōde	D-:--------
01221208	Matt.22.12	μὴ	mē	D-:--------
01221209	Matt.22.12	ἔχων	echō	V-:-PAPNSM-
01221210	Matt.22.12	ἔνδυμα	endyma	N-:----ASN-
01221211	Matt.22.12	γάμου	gamos	N-:----GSM-
01221212	Matt.22.12	ὁ	ho	RA:----NSM-
01221213	Matt.22.12	δὲ	de	C-:--------
01221214	Matt.22.12	ἐφιμώθη	phimoō	V-:3API-S--
01221301	Matt.22.13	τότε	tote	D-:--------
01221302	Matt.22.13	ὁ	ho	RA:----NSM-
01221303	Matt.22.13	βασιλεὺς	basileus	N-:----NSM-
01221304	Matt.22.13	εἶπεν	legō	V-:3AAI-S--
01221305	Matt.22.13	τοῖς	ho	RA:----DPM-
01221306	Matt.22.13	διακόνοις	diakonos	N-:----DPM-
01221307	Matt.22.13	Δήσαντες	deō	V-:-AAPNPM-
01221308	Matt.22.13	αὐτοῦ	autos	RP:----GSM-
01221309	Matt.22.13	πόδας	pous	N-:----APM-
01221310	Matt.22.13	καὶ	kai	C-:--------
01221311	Matt.22.13	χεῖρας	cheir	N-:----APF-
01221312	Matt.22.13	ἐκβάλετε	ekballō	V-:2AAD-P--
01221313	Matt.22.13	αὐτὸν	autos	RP:----ASM-
01221314	Matt.22.13	εἰς	eis	P-:--------
01221315	Matt.22.13	τὸ	ho	RA:----ASN-
01221316	Matt.22.13	σκότος	skotos	N-:----ASN-
01221317	Matt.22.13	τὸ	ho	RA:----ASN-
01221318	Matt.22.13	ἐξώτερον	exōteros	A-:----ASNC
01221319	Matt.22.13	ἐκεῖ	ekei	D-:--------
01221320	Matt.22.13	ἔσται	eimi	V-:3FMI-S--
01221321	Matt.22.13	ὁ	ho	RA:----NSM-
01221322	Matt.22.13	κλαυθμὸς	klauthmos	N-:----NSM-
01221323	Matt.22.13	καὶ	kai	C-:--------
01221324	Matt.22.13	ὁ	ho	RA:----NSM-
01221325	Matt.22.13	βρυγμὸς	brygmos	N-:----NSM-
01221326	Matt.22.13	τῶν	ho	RA:----GPM-
01221327	Matt.22.13	ὀδόντων	odous	N-:----GPM-
01221401	Matt.22.14	πολλοὶ	polys	A-:----NPM-
01221402	Matt.22.14	γάρ	gar	C-:--------
01221403	Matt.22.14	εἰσιν	eimi	V-:3PAI-P--
01221404	Matt.22.14	κλητοὶ	klētos	A-:----NPM-
01221405	Matt.22.14	ὀλίγοι	oligos	A-:----NPM-
01221406	Matt.22.14	δὲ	de	C-:--------
01221407	Matt.22.14	ἐκλεκτοί	eklektos	A-:----NPM-
01221501	Matt.22.15	Τότε	tote	D-:--------
01221502	Matt.22.15	πορευθέντες	poreuomai	V-:-APPNPM-
01221503	Matt.22.15	οἱ	ho	RA:----NPM-
01221504	Matt.22.15	Φαρισαῖοι	pharisaios	N-:----NPM-
01221505	Matt.22.15	συμβούλιον	symboulion	N-:----ASN-
01221506	Matt.22.15	ἔλαβον	lambanō	V-:3AAI-P--
01221507	Matt.22.15	ὅπως	hopōs	C-:--------
01221508	Matt.22.15	αὐτὸν	autos	RP:----ASM-
01221509	Matt.22.15	παγιδεύσωσιν	pagideuō	V-:3AAS-P--
01221510	Matt.22.15	ἐν	en	P-:--------
01221511	Matt.22.15	λόγῳ	logos	N-:----DSM-
01221601	Matt.22.16	καὶ	kai	C-:--------
01221602	Matt.22.16	ἀποστέλλουσιν	apostellō	V-:3PAI-P--
01221603	Matt.22.16	αὐτῷ	autos	RP:----DSM-
01221604	Matt.22.16	τοὺς	ho	RA:----APM-
01221605	Matt.22.16	μαθητὰς	mathētēs	N-:----APM-
01221606	Matt.22.16	αὐτῶν	autos	RP:----GPM-
01221607	Matt.22.16	μετὰ	meta	P-:--------
01221608	Matt.22.16	τῶν	ho	RA:----GPM-
01221609	Matt.22.16	Ἡρῳδιανῶν	hērōdianoi	N-:----GPM-
01221610	Matt.22.16	λέγοντες	legō	V-:-PAPNPM-
01221611	Matt.22.16	Διδάσκαλε	didaskalos	N-:----VSM-
01221612	Matt.22.16	οἴδαμεν	oida	V-:1XAI-P--
01221613	Matt.22.16	ὅτι	hoti	C-:--------
01221614	Matt.22.16	ἀληθὴς	alēthēs	A-:----NSM-
01221615	Matt.22.16	εἶ	eimi	V-:2PAI-S--
01221616	Matt.22.16	καὶ	kai	C-:--------
01221617	Matt.22.16	τὴν	ho	RA:----ASF-
01221618	Matt.22.16	ὁδὸν	hodos	N-:----ASF-
01221619	Matt.22.16	τοῦ	ho	RA:----GSM-
01221620	Matt.22.16	θεοῦ	theos	N-:----GSM-
01221621	Matt.22.16	ἐν	en	P-:--------
01221622	Matt.22.16	ἀληθείᾳ	alētheia	N-:----DSF-
01221623	Matt.22.16	διδάσκεις	didaskō	V-:2PAI-S--
01221624	Matt.22.16	καὶ	kai	C-:--------
01221625	Matt.22.16	οὐ	ou	D-:--------
01221626	Matt.22.16	μέλει	melei	V-:3PAI-S--
01221627	Matt.22.16	σοι	sy	RP:----DS--
01221628	Matt.22.16	περὶ	peri	P-:--------
01221629	Matt.22.16	οὐδενός	oudeis	A-:----GSM-
01221630	Matt.22.16	οὐ	ou	D-:--------
01221631	Matt.22.16	γὰρ	gar	C-:--------
01221632	Matt.22.16	βλέπεις	blepō	V-:2PAI-S--
01221633	Matt.22.16	εἰς	eis	P-:--------
01221634	Matt.22.16	πρόσωπον	prosōpon	N-:----ASN-
01221635	Matt.22.16	ἀνθρώπων	anthrōpos	N-:----GPM-
01221701	Matt.22.17	εἰπὸν	legō	V-:2AAD-S--
01221702	Matt.22.17	οὖν	oun	C-:--------
01221703	Matt.22.17	ἡμῖν	egō	RP:----DP--
01221704	Matt.22.17	τί	tis	RI:----NSN-
01221705	Matt.22.17	σοι	sy	RP:----DS--
01221706	Matt.22.17	δοκεῖ	dokeō	V-:3PAI-S--
01221707	Matt.22.17	ἔξεστιν	exesti(n)	V-:3PAI-S--
01221708	Matt.22.17	δοῦναι	didōmi	V-:-AAN----
01221709	Matt.22.17	κῆνσον	kēnsos	N-:----ASM-
01221710	Matt.22.17	Καίσαρι	kaisar	N-:----DSM-
01221711	Matt.22.17	ἢ	ē	C-:--------
01221712	Matt.22.17	οὔ	ou2	D-:--------
01221801	Matt.22.18	γνοὺς	ginōskō	V-:-AAPNSM-
01221802	Matt.22.18	δὲ	de	C-:--------
01221803	Matt.22.18	ὁ	ho	RA:----NSM-
01221804	Matt.22.18	Ἰησοῦς	iēsous	N-:----NSM-
01221805	Matt.22.18	τὴν	ho	RA:----ASF-
01221806	Matt.22.18	πονηρίαν	ponēria	N-:----ASF-
01221807	Matt.22.18	αὐτῶν	autos	RP:----GPM-
01221808	Matt.22.18	εἶπεν	legō	V-:3AAI-S--
01221809	Matt.22.18	Τί	tis	RI:----ASN-
01221810	Matt.22.18	με	egō	RP:----AS--
01221811	Matt.22.18	πειράζετε	peirazō	V-:2PAI-P--
01221812	Matt.22.18	ὑποκριταί	hypokritēs	N-:----VPM-
01221901	Matt.22.19	ἐπιδείξατέ	epideiknymi	V-:2AAD-P--
01221902	Matt.22.19	μοι	egō	RP:----DS--
01221903	Matt.22.19	τὸ	ho	RA:----ASN-
01221904	Matt.22.19	νόμισμα	nomisma	N-:----ASN-
01221905	Matt.22.19	τοῦ	ho	RA:----GSM-
01221906	Matt.22.19	κήνσου	kēnsos	N-:----GSM-
01221907	Matt.22.19	οἱ	ho	RA:----NPM-
01221908	Matt.22.19	δὲ	de	C-:--------
01221909	Matt.22.19	προσήνεγκαν	prospherō	V-:3AAI-P--
01221910	Matt.22.19	αὐτῷ	autos	RP:----DSM-
01221911	Matt.22.19	δηνάριον	dēnarion	N-:----ASN-
01222001	Matt.22.20	καὶ	kai	C-:--------
01222002	Matt.22.20	λέγει	legō	V-:3PAI-S--
01222003	Matt.22.20	αὐτοῖς	autos	RP:----DPM-
01222004	Matt.22.20	Τίνος	tis	RI:----GSM-
01222005	Matt.22.20	ἡ	ho	RA:----NSF-
01222006	Matt.22.20	εἰκὼν	eikōn	N-:----NSF-
01222007	Matt.22.20	αὕτη	houtos	RD:----NSF-
01222008	Matt.22.20	καὶ	kai	C-:--------
01222009	Matt.22.20	ἡ	ho	RA:----NSF-
01222010	Matt.22.20	ἐπιγραφή	epigraphē	N-:----NSF-
01222101	Matt.22.21	λέγουσιν	legō	V-:3PAI-P--
01222102	Matt.22.21	αὐτῷ	autos	RP:----DSM-
01222103	Matt.22.21	Καίσαρος	kaisar	N-:----GSM-
01222104	Matt.22.21	τότε	tote	D-:--------
01222105	Matt.22.21	λέγει	legō	V-:3PAI-S--
01222106	Matt.22.21	αὐτοῖς	autos	RP:----DPM-
01222107	Matt.22.21	Ἀπόδοτε	apodidōmi	V-:2AAD-P--
01222108	Matt.22.21	οὖν	oun	C-:--------
01222109	Matt.22.21	τὰ	ho	RA:----APN-
01222110	Matt.22.21	Καίσαρος	kaisar	N-:----GSM-
01222111	Matt.22.21	Καίσαρι	kaisar	N-:----DSM-
01222112	Matt.22.21	καὶ	kai	C-:--------
01222113	Matt.22.21	τὰ	ho	RA:----APN-
01222114	Matt.22.21	τοῦ	ho	RA:----GSM-
01222115	Matt.22.21	θεοῦ	theos	N-:----GSM-
01222116	Matt.22.21	τῷ	ho	RA:----DSM-
01222117	Matt.22.21	θεῷ	theos	N-:----DSM-
01222201	Matt.22.22	καὶ	kai	C-:--------
01222202	Matt.22.22	ἀκούσαντες	akouō	V-:-AAPNPM-
01222203	Matt.22.22	ἐθαύμασαν	thaumazō	V-:3AAI-P--
01222204	Matt.22.22	καὶ	kai	C-:--------
01222205	Matt.22.22	ἀφέντες	aphiēmi	V-:-AAPNPM-
01222206	Matt.22.22	αὐτὸν	autos	RP:----ASM-
01222207	Matt.22.22	ἀπῆλθαν	aperchomai	V-:3AAI-P--
01222301	Matt.22.23	Ἐν	en	P-:--------
01222302	Matt.22.23	ἐκείνῃ	ekeinos	RD:----DSF-
01222303	Matt.22.23	τῇ	ho	RA:----DSF-
01222304	Matt.22.23	ἡμέρᾳ	hēmera	N-:----DSF-
01222305	Matt.22.23	προσῆλθον	proserchomai	V-:3AAI-P--
01222306	Matt.22.23	αὐτῷ	autos	RP:----DSM-
01222307	Matt.22.23	Σαδδουκαῖοι	saddoukaios	N-:----NPM-
01222308	Matt.22.23	λέγοντες	legō	V-:-PAPNPM-
01222309	Matt.22.23	μὴ	mē	D-:--------
01222310	Matt.22.23	εἶναι	eimi	V-:-PAN----
01222311	Matt.22.23	ἀνάστασιν	anastasis	N-:----ASF-
01222312	Matt.22.23	καὶ	kai	C-:--------
01222313	Matt.22.23	ἐπηρώτησαν	eperōtaō	V-:3AAI-P--
01222314	Matt.22.23	αὐτὸν	autos	RP:----ASM-
01222401	Matt.22.24	λέγοντες	legō	V-:-PAPNPM-
01222402	Matt.22.24	Διδάσκαλε	didaskalos	N-:----VSM-
01222403	Matt.22.24	Μωϋσῆς	mōysēs	N-:----NSM-
01222404	Matt.22.24	εἶπεν	legō	V-:3AAI-S--
01222405	Matt.22.24	Ἐάν	ean	C-:--------
01222406	Matt.22.24	τις	tis2	RI:----NSM-
01222407	Matt.22.24	ἀποθάνῃ	apothnēskō	V-:3AAS-S--
01222408	Matt.22.24	μὴ	mē	D-:--------
01222409	Matt.22.24	ἔχων	echō	V-:-PAPNSM-
01222410	Matt.22.24	τέκνα	teknon	N-:----APN-
01222411	Matt.22.24	ἐπιγαμβρεύσει	epigambreuō	V-:3FAI-S--
01222412	Matt.22.24	ὁ	ho	RA:----NSM-
01222413	Matt.22.24	ἀδελφὸς	adelphos	N-:----NSM-
01222414	Matt.22.24	αὐτοῦ	autos	RP:----GSM-
01222415	Matt.22.24	τὴν	ho	RA:----ASF-
01222416	Matt.22.24	γυναῖκα	gynē	N-:----ASF-
01222417	Matt.22.24	αὐτοῦ	autos	RP:----GSM-
01222418	Matt.22.24	καὶ	kai	C-:--------
01222419	Matt.22.24	ἀναστήσει	anistēmi	V-:3FAI-S--
01222420	Matt.22.24	σπέρμα	sperma	N-:----ASN-
01222421	Matt.22.24	τῷ	ho	RA:----DSM-
01222422	Matt.22.24	ἀδελφῷ	adelphos	N-:----DSM-
01222423	Matt.22.24	αὐτοῦ	autos	RP:----GSM-
01222501	Matt.22.25	ἦσαν	eimi	V-:3IAI-P--
01222502	Matt.22.25	δὲ	de	C-:--------
01222503	Matt.22.25	παρ’	para	P-:--------
01222504	Matt.22.25	ἡμῖν	egō	RP:----DP--
01222505	Matt.22.25	ἑπτὰ	hepta	A-:----NPM-
01222506	Matt.22.25	ἀδελφοί	adelphos	N-:----NPM-
01222507	Matt.22.25	καὶ	kai	C-:--------
01222508	Matt.22.25	ὁ	ho	RA:----NSM-
01222509	Matt.22.25	πρῶτος	prōtos	A-:----NSM-
01222510	Matt.22.25	γήμας	gameō	V-:-AAPNSM-
01222511	Matt.22.25	ἐτελεύτησεν	teleutaō	V-:3AAI-S--
01222512	Matt.22.25	καὶ	kai	C-:--------
01222513	Matt.22.25	μὴ	mē	D-:--------
01222514	Matt.22.25	ἔχων	echō	V-:-PAPNSM-
01222515	Matt.22.25	σπέρμα	sperma	N-:----ASN-
01222516	Matt.22.25	ἀφῆκεν	aphiēmi	V-:3AAI-S--
01222517	Matt.22.25	τὴν	ho	RA:----ASF-
01222518	Matt.22.25	γυναῖκα	gynē	N-:----ASF-
01222519	Matt.22.25	αὐτοῦ	autos	RP:----GSM-
01222520	Matt.22.25	τῷ	ho	RA:----DSM-
01222521	Matt.22.25	ἀδελφῷ	adelphos	N-:----DSM-
01222522	Matt.22.25	αὐτοῦ	autos	RP:----GSM-
01222601	Matt.22.26	ὁμοίως	homoiōs	D-:--------
01222602	Matt.22.26	καὶ	kai	C-:--------
01222603	Matt.22.26	ὁ	ho	RA:----NSM-
01222604	Matt.22.26	δεύτερος	deuteros	A-:----NSM-
01222605	Matt.22.26	καὶ	kai	C-:--------
01222606	Matt.22.26	ὁ	ho	RA:----NSM-
01222607	Matt.22.26	τρίτος	tritos	A-:----NSM-
01222608	Matt.22.26	ἕως	heōs	P-:--------
01222609	Matt.22.26	τῶν	ho	RA:----GPM-
01222610	Matt.22.26	ἑπτά	hepta	A-:----GPM-
01222701	Matt.22.27	ὕστερον	hysteros	A-:----ASNC
01222702	Matt.22.27	δὲ	de	C-:--------
01222703	Matt.22.27	πάντων	pas	A-:----GPN-
01222704	Matt.22.27	ἀπέθανεν	apothnēskō	V-:3AAI-S--
01222705	Matt.22.27	ἡ	ho	RA:----NSF-
01222706	Matt.22.27	γυνή	gynē	N-:----NSF-
01222801	Matt.22.28	ἐν	en	P-:--------
01222802	Matt.22.28	τῇ	ho	RA:----DSF-
01222803	Matt.22.28	ἀναστάσει	anastasis	N-:----DSF-
01222804	Matt.22.28	οὖν	oun	C-:--------
01222805	Matt.22.28	τίνος	tis	RI:----GSM-
01222806	Matt.22.28	τῶν	ho	RA:----GPM-
01222807	Matt.22.28	ἑπτὰ	hepta	A-:----GPM-
01222808	Matt.22.28	ἔσται	eimi	V-:3FMI-S--
01222809	Matt.22.28	γυνή	gynē	N-:----NSF-
01222810	Matt.22.28	πάντες	pas	A-:----NPM-
01222811	Matt.22.28	γὰρ	gar	C-:--------
01222812	Matt.22.28	ἔσχον	echō	V-:3AAI-P--
01222813	Matt.22.28	αὐτήν	autos	RP:----ASF-
01222901	Matt.22.29	Ἀποκριθεὶς	apokrinomai	V-:-APPNSM-
01222902	Matt.22.29	δὲ	de	C-:--------
01222903	Matt.22.29	ὁ	ho	RA:----NSM-
01222904	Matt.22.29	Ἰησοῦς	iēsous	N-:----NSM-
01222905	Matt.22.29	εἶπεν	legō	V-:3AAI-S--
01222906	Matt.22.29	αὐτοῖς	autos	RP:----DPM-
01222907	Matt.22.29	Πλανᾶσθε	planaō	V-:2PPI-P--
01222908	Matt.22.29	μὴ	mē	D-:--------
01222909	Matt.22.29	εἰδότες	oida	V-:-XAPNPM-
01222910	Matt.22.29	τὰς	ho	RA:----APF-
01222911	Matt.22.29	γραφὰς	graphē	N-:----APF-
01222912	Matt.22.29	μηδὲ	mēde	C-:--------
01222913	Matt.22.29	τὴν	ho	RA:----ASF-
01222914	Matt.22.29	δύναμιν	dynamis	N-:----ASF-
01222915	Matt.22.29	τοῦ	ho	RA:----GSM-
01222916	Matt.22.29	θεοῦ	theos	N-:----GSM-
01223001	Matt.22.30	ἐν	en	P-:--------
01223002	Matt.22.30	γὰρ	gar	C-:--------
01223003	Matt.22.30	τῇ	ho	RA:----DSF-
01223004	Matt.22.30	ἀναστάσει	anastasis	N-:----DSF-
01223005	Matt.22.30	οὔτε	oute	C-:--------
01223006	Matt.22.30	γαμοῦσιν	gameō	V-:3PAI-P--
01223007	Matt.22.30	οὔτε	oute	C-:--------
01223008	Matt.22.30	γαμίζονται	gamizō	V-:3PPI-P--
01223009	Matt.22.30	ἀλλ’	alla	C-:--------
01223010	Matt.22.30	ὡς	hōs	C-:--------
01223011	Matt.22.30	ἄγγελοι	angelos	N-:----NPM-
01223012	Matt.22.30	θεοῦ	theos	N-:----GSM-
01223013	Matt.22.30	ἐν	en	P-:--------
01223014	Matt.22.30	τῷ	ho	RA:----DSM-
01223015	Matt.22.30	οὐρανῷ	ouranos	N-:----DSM-
01223016	Matt.22.30	εἰσιν	eimi	V-:3PAI-P--
01223101	Matt.22.31	περὶ	peri	P-:--------
01223102	Matt.22.31	δὲ	de	C-:--------
01223103	Matt.22.31	τῆς	ho	RA:----GSF-
01223104	Matt.22.31	ἀναστάσεως	anastasis	N-:----GSF-
01223105	Matt.22.31	τῶν	ho	RA:----GPM-
01223106	Matt.22.31	νεκρῶν	nekros	A-:----GPM-
01223107	Matt.22.31	οὐκ	ou	X-:--------
01223108	Matt.22.31	ἀνέγνωτε	anaginōskō	V-:2AAI-P--
01223109	Matt.22.31	τὸ	ho	RA:----ASN-
01223110	Matt.22.31	ῥηθὲν	legō	V-:-APPASN-
01223111	Matt.22.31	ὑμῖν	sy	RP:----DP--
01223112	Matt.22.31	ὑπὸ	hypo	P-:--------
01223113	Matt.22.31	τοῦ	ho	RA:----GSM-
01223114	Matt.22.31	θεοῦ	theos	N-:----GSM-
01223115	Matt.22.31	λέγοντος	legō	V-:-PAPGSM-
01223201	Matt.22.32	Ἐγώ	egō	RP:----NS--
01223202	Matt.22.32	εἰμι	eimi	V-:1PAI-S--
01223203	Matt.22.32	ὁ	ho	RA:----NSM-
01223204	Matt.22.32	θεὸς	theos	N-:----NSM-
01223205	Matt.22.32	Ἀβραὰμ	abraam	N-:----GSM-
01223206	Matt.22.32	καὶ	kai	C-:--------
01223207	Matt.22.32	ὁ	ho	RA:----NSM-
01223208	Matt.22.32	θεὸς	theos	N-:----NSM-
01223209	Matt.22.32	Ἰσαὰκ	isaak	N-:----GSM-
01223210	Matt.22.32	καὶ	kai	C-:--------
01223211	Matt.22.32	ὁ	ho	RA:----NSM-
01223212	Matt.22.32	θεὸς	theos	N-:----NSM-
01223213	Matt.22.32	Ἰακώβ	iakōb	N-:----GSM-
01223214	Matt.22.32	οὐκ	ou	D-:--------
01223215	Matt.22.32	ἔστιν	eimi	V-:3PAI-S--
01223216	Matt.22.32	ὁ	ho	RA:----NSM-
01223217	Matt.22.32	θεὸς	theos	N-:----NSM-
01223218	Matt.22.32	νεκρῶν	nekros	A-:----GPM-
01223219	Matt.22.32	ἀλλὰ	alla	C-:--------
01223220	Matt.22.32	ζώντων	zaō	V-:-PAPGPM-
01223301	Matt.22.33	καὶ	kai	C-:--------
01223302	Matt.22.33	ἀκούσαντες	akouō	V-:-AAPNPM-
01223303	Matt.22.33	οἱ	ho	RA:----NPM-
01223304	Matt.22.33	ὄχλοι	ochlos	N-:----NPM-
01223305	Matt.22.33	ἐξεπλήσσοντο	ekplēssomai	V-:3IPI-P--
01223306	Matt.22.33	ἐπὶ	epi	P-:--------
01223307	Matt.22.33	τῇ	ho	RA:----DSF-
01223308	Matt.22.33	διδαχῇ	didachē	N-:----DSF-
01223309	Matt.22.33	αὐτοῦ	autos	RP:----GSM-
01223401	Matt.22.34	Οἱ	ho	RA:----NPM-
01223402	Matt.22.34	δὲ	de	C-:--------
01223403	Matt.22.34	Φαρισαῖοι	pharisaios	N-:----NPM-
01223404	Matt.22.34	ἀκούσαντες	akouō	V-:-AAPNPM-
01223405	Matt.22.34	ὅτι	hoti	C-:--------
01223406	Matt.22.34	ἐφίμωσεν	phimoō	V-:3AAI-S--
01223407	Matt.22.34	τοὺς	ho	RA:----APM-
01223408	Matt.22.34	Σαδδουκαίους	saddoukaios	N-:----APM-
01223409	Matt.22.34	συνήχθησαν	synagō	V-:3API-P--
01223410	Matt.22.34	ἐπὶ	epi	P-:--------
01223411	Matt.22.34	τὸ	ho	RA:----ASN-
01223412	Matt.22.34	αὐτό	autos	A-:----ASN-
01223501	Matt.22.35	καὶ	kai	C-:--------
01223502	Matt.22.35	ἐπηρώτησεν	eperōtaō	V-:3AAI-S--
01223503	Matt.22.35	εἷς	heis	A-:----NSM-
01223504	Matt.22.35	ἐξ	ek	P-:--------
01223505	Matt.22.35	αὐτῶν	autos	RP:----GPM-
01223506	Matt.22.35	νομικὸς	nomikos	A-:----NSM-
01223507	Matt.22.35	πειράζων	peirazō	V-:-PAPNSM-
01223508	Matt.22.35	αὐτόν	autos	RP:----ASM-
01223601	Matt.22.36	Διδάσκαλε	didaskalos	N-:----VSM-
01223602	Matt.22.36	ποία	poios	RI:----NSF-
01223603	Matt.22.36	ἐντολὴ	entolē	N-:----NSF-
01223604	Matt.22.36	μεγάλη	megas	A-:----NSF-
01223605	Matt.22.36	ἐν	en	P-:--------
01223606	Matt.22.36	τῷ	ho	RA:----DSM-
01223607	Matt.22.36	νόμῳ	nomos	N-:----DSM-
01223701	Matt.22.37	ὁ	ho	RA:----NSM-
01223702	Matt.22.37	δὲ	de	C-:--------
01223703	Matt.22.37	ἔφη	phēmi	V-:3IAI-S--
01223704	Matt.22.37	αὐτῷ	autos	RP:----DSM-
01223705	Matt.22.37	Ἀγαπήσεις	agapaō	V-:2FAI-S--
01223706	Matt.22.37	κύριον	kyrios	N-:----ASM-
01223707	Matt.22.37	τὸν	ho	RA:----ASM-
01223708	Matt.22.37	θεόν	theos	N-:----ASM-
01223709	Matt.22.37	σου	sy	RP:----GS--
01223710	Matt.22.37	ἐν	en	P-:--------
01223711	Matt.22.37	ὅλῃ	holos	A-:----DSF-
01223712	Matt.22.37	τῇ	ho	RA:----DSF-
01223713	Matt.22.37	καρδίᾳ	kardia	N-:----DSF-
01223714	Matt.22.37	σου	sy	RP:----GS--
01223715	Matt.22.37	καὶ	kai	C-:--------
01223716	Matt.22.37	ἐν	en	P-:--------
01223717	Matt.22.37	ὅλῃ	holos	A-:----DSF-
01223718	Matt.22.37	τῇ	ho	RA:----DSF-
01223719	Matt.22.37	ψυχῇ	psychē	N-:----DSF-
01223720	Matt.22.37	σου	sy	RP:----GS--
01223721	Matt.22.37	καὶ	kai	C-:--------
01223722	Matt.22.37	ἐν	en	P-:--------
01223723	Matt.22.37	ὅλῃ	holos	A-:----DSF-
01223724	Matt.22.37	τῇ	ho	RA:----DSF-
01223725	Matt.22.37	διανοίᾳ	dianoia	N-:----DSF-
01223726	Matt.22.37	σου	sy	RP:----GS--
01223801	Matt.22.38	αὕτη	houtos	RD:----NSF-
01223802	Matt.22.38	ἐστὶν	eimi	V-:3PAI-S--
01223803	Matt.22.38	ἡ	ho	RA:----NSF-
01223804	Matt.22.38	μεγάλη	megas	A-:----NSF-
01223805	Matt.22.38	καὶ	kai	C-:--------
01223806	Matt.22.38	πρώτη	prōtos	A-:----NSF-
01223807	Matt.22.38	ἐντολή	entolē	N-:----NSF-
01223901	Matt.22.39	Δευτέρα	deuteros	A-:----NSF-
01223902	Matt.22.39	δὲ	de	C-:--------
01223903	Matt.22.39	ὁμοία	homoios	A-:----NSF-
01223904	Matt.22.39	αὐτῇ	autos	RP:----DSF-
01223905	Matt.22.39	Ἀγαπήσεις	agapaō	V-:2FAI-S--
01223906	Matt.22.39	τὸν	ho	RA:----ASM-
01223907	Matt.22.39	πλησίον	plēsion	D-:--------
01223908	Matt.22.39	σου	sy	RP:----GS--
01223909	Matt.22.39	ὡς	hōs	C-:--------
01223910	Matt.22.39	σεαυτόν	seautou	RP:----ASM-
01224001	Matt.22.40	ἐν	en	P-:--------
01224002	Matt.22.40	ταύταις	houtos	RD:----DPF-
01224003	Matt.22.40	ταῖς	ho	RA:----DPF-
01224004	Matt.22.40	δυσὶν	dyo	A-:----DPF-
01224005	Matt.22.40	ἐντολαῖς	entolē	N-:----DPF-
01224006	Matt.22.40	ὅλος	holos	A-:----NSM-
01224007	Matt.22.40	ὁ	ho	RA:----NSM-
01224008	Matt.22.40	νόμος	nomos	N-:----NSM-
01224009	Matt.22.40	κρέμαται	kremannymi	V-:3PPI-S--
01224010	Matt.22.40	καὶ	kai	C-:--------
01224011	Matt.22.40	οἱ	ho	RA:----NPM-
01224012	Matt.22.40	προφῆται	prophētēs	N-:----NPM-
01224101	Matt.22.41	Συνηγμένων	synagō	V-:-XPPGPM-
01224102	Matt.22.41	δὲ	de	C-:--------
01224103	Matt.22.41	τῶν	ho	RA:----GPM-
01224104	Matt.22.41	Φαρισαίων	pharisaios	N-:----GPM-
01224105	Matt.22.41	ἐπηρώτησεν	eperōtaō	V-:3AAI-S--
01224106	Matt.22.41	αὐτοὺς	autos	RP:----APM-
01224107	Matt.22.41	ὁ	ho	RA:----NSM-
01224108	Matt.22.41	Ἰησοῦς	iēsous	N-:----NSM-
01224201	Matt.22.42	λέγων	legō	V-:-PAPNSM-
01224202	Matt.22.42	Τί	tis	RI:----NSN-
01224203	Matt.22.42	ὑμῖν	sy	RP:----DP--
01224204	Matt.22.42	δοκεῖ	dokeō	V-:3PAI-S--
01224205	Matt.22.42	περὶ	peri	P-:--------
01224206	Matt.22.42	τοῦ	ho	RA:----GSM-
01224207	Matt.22.42	χριστοῦ	christos	N-:----GSM-
01224208	Matt.22.42	τίνος	tis	RI:----GSM-
01224209	Matt.22.42	υἱός	huios	N-:----NSM-
01224210	Matt.22.42	ἐστιν	eimi	V-:3PAI-S--
01224211	Matt.22.42	λέγουσιν	legō	V-:3PAI-P--
01224212	Matt.22.42	αὐτῷ	autos	RP:----DSM-
01224213	Matt.22.42	Τοῦ	ho	RA:----GSM-
01224214	Matt.22.42	Δαυίδ	dauid	N-:----GSM-
01224301	Matt.22.43	λέγει	legō	V-:3PAI-S--
01224302	Matt.22.43	αὐτοῖς	autos	RP:----DPM-
01224303	Matt.22.43	Πῶς	pōs	D-:--------
01224304	Matt.22.43	οὖν	oun	C-:--------
01224305	Matt.22.43	Δαυὶδ	dauid	N-:----NSM-
01224306	Matt.22.43	ἐν	en	P-:--------
01224307	Matt.22.43	πνεύματι	pneuma	N-:----DSN-
01224308	Matt.22.43	καλεῖ	kaleō	V-:3PAI-S--
01224309	Matt.22.43	αὐτὸν	autos	RP:----ASM-
01224310	Matt.22.43	κύριον	kyrios	N-:----ASM-
01224311	Matt.22.43	λέγων	legō	V-:-PAPNSM-
01224401	Matt.22.44	Εἶπεν	legō	V-:3AAI-S--
01224402	Matt.22.44	κύριος	kyrios	N-:----NSM-
01224403	Matt.22.44	τῷ	ho	RA:----DSM-
01224404	Matt.22.44	κυρίῳ	kyrios	N-:----DSM-
01224405	Matt.22.44	μου	egō	RP:----GS--
01224406	Matt.22.44	Κάθου	kathēmai	V-:2PMD-S--
01224407	Matt.22.44	ἐκ	ek	P-:--------
01224408	Matt.22.44	δεξιῶν	dexios	A-:----GPN-
01224409	Matt.22.44	μου	egō	RP:----GS--
01224410	Matt.22.44	ἕως	heōs	C-:--------
01224411	Matt.22.44	ἂν	an	X-:--------
01224412	Matt.22.44	θῶ	tithēmi	V-:1AAS-S--
01224413	Matt.22.44	τοὺς	ho	RA:----APM-
01224414	Matt.22.44	ἐχθρούς	echthros	A-:----APM-
01224415	Matt.22.44	σου	sy	RP:----GS--
01224416	Matt.22.44	ὑποκάτω	hypokatō	P-:--------
01224417	Matt.22.44	τῶν	ho	RA:----GPM-
01224418	Matt.22.44	ποδῶν	pous	N-:----GPM-
01224419	Matt.22.44	σου	sy	RP:----GS--
01224501	Matt.22.45	εἰ	ei	C-:--------
01224502	Matt.22.45	οὖν	oun	C-:--------
01224503	Matt.22.45	Δαυὶδ	dauid	N-:----NSM-
01224504	Matt.22.45	καλεῖ	kaleō	V-:3PAI-S--
01224505	Matt.22.45	αὐτὸν	autos	RP:----ASM-
01224506	Matt.22.45	κύριον	kyrios	N-:----ASM-
01224507	Matt.22.45	πῶς	pōs	D-:--------
01224508	Matt.22.45	υἱὸς	huios	N-:----NSM-
01224509	Matt.22.45	αὐτοῦ	autos	RP:----GSM-
01224510	Matt.22.45	ἐστιν	eimi	V-:3PAI-S--
01224601	Matt.22.46	καὶ	kai	C-:--------
01224602	Matt.22.46	οὐδεὶς	oudeis	A-:----NSM-
01224603	Matt.22.46	ἐδύνατο	dynamai	V-:3IMI-S--
01224604	Matt.22.46	ἀποκριθῆναι	apokrinomai	V-:-APN----
01224605	Matt.22.46	αὐτῷ	autos	RP:----DSM-
01224606	Matt.22.46	λόγον	logos	N-:----ASM-
01224607	Matt.22.46	οὐδὲ	oude	C-:--------
01224608	Matt.22.46	ἐτόλμησέν	tolmaō	V-:3AAI-S--
01224609	Matt.22.46	τις	tis2	RI:----NSM-
01224610	Matt.22.46	ἀπ’	apo	P-:--------
01224611	Matt.22.46	ἐκείνης	ekeinos	RD:----GSF-
01224612	Matt.22.46	τῆς	ho	RA:----GSF-
01224613	Matt.22.46	ἡμέρας	hēmera	N-:----GSF-
01224614	Matt.22.46	ἐπερωτῆσαι	eperōtaō	V-:-AAN----
01224615	Matt.22.46	αὐτὸν	autos	RP:----ASM-
01224616	Matt.22.46	οὐκέτι	ouketi	D-:--------
01230101	Matt.23.1	Τότε	tote	D-:--------
01230102	Matt.23.1	ὁ	ho	RA:----NSM-
01230103	Matt.23.1	Ἰησοῦς	iēsous	N-:----NSM-
01230104	Matt.23.1	ἐλάλησεν	laleō	V-:3AAI-S--
01230105	Matt.23.1	τοῖς	ho	RA:----DPM-
01230106	Matt.23.1	ὄχλοις	ochlos	N-:----DPM-
01230107	Matt.23.1	καὶ	kai	C-:--------
01230108	Matt.23.1	τοῖς	ho	RA:----DPM-
01230109	Matt.23.1	μαθηταῖς	mathētēs	N-:----DPM-
01230110	Matt.23.1	αὐτοῦ	autos	RP:----GSM-
01230201	Matt.23.2	λέγων	legō	V-:-PAPNSM-
01230202	Matt.23.2	Ἐπὶ	epi	P-:--------
01230203	Matt.23.2	τῆς	ho	RA:----GSF-
01230204	Matt.23.2	Μωϋσέως	mōysēs	N-:----GSM-
01230205	Matt.23.2	καθέδρας	kathedra	N-:----GSF-
01230206	Matt.23.2	ἐκάθισαν	kathizō	V-:3AAI-P--
01230207	Matt.23.2	οἱ	ho	RA:----NPM-
01230208	Matt.23.2	γραμματεῖς	grammateus	N-:----NPM-
01230209	Matt.23.2	καὶ	kai	C-:--------
01230210	Matt.23.2	οἱ	ho	RA:----NPM-
01230211	Matt.23.2	Φαρισαῖοι	pharisaios	N-:----NPM-
01230301	Matt.23.3	πάντα	pas	A-:----APN-
01230302	Matt.23.3	οὖν	oun	C-:--------
01230303	Matt.23.3	ὅσα	hosos	RR:----APN-
01230304	Matt.23.3	ἐὰν	ean	X-:--------
01230305	Matt.23.3	εἴπωσιν	legō	V-:3AAS-P--
01230306	Matt.23.3	ὑμῖν	sy	RP:----DP--
01230307	Matt.23.3	ποιήσατε	poieō	V-:2AAD-P--
01230308	Matt.23.3	καὶ	kai	C-:--------
01230309	Matt.23.3	τηρεῖτε	tēreō	V-:2PAD-P--
01230310	Matt.23.3	κατὰ	kata	P-:--------
01230311	Matt.23.3	δὲ	de	C-:--------
01230312	Matt.23.3	τὰ	ho	RA:----APN-
01230313	Matt.23.3	ἔργα	ergon	N-:----APN-
01230314	Matt.23.3	αὐτῶν	autos	RP:----GPM-
01230315	Matt.23.3	μὴ	mē	D-:--------
01230316	Matt.23.3	ποιεῖτε	poieō	V-:2PAD-P--
01230317	Matt.23.3	λέγουσιν	legō	V-:3PAI-P--
01230318	Matt.23.3	γὰρ	gar	C-:--------
01230319	Matt.23.3	καὶ	kai	C-:--------
01230320	Matt.23.3	οὐ	ou	D-:--------
01230321	Matt.23.3	ποιοῦσιν	poieō	V-:3PAI-P--
01230401	Matt.23.4	δεσμεύουσιν	desmeuō	V-:3PAI-P--
01230402	Matt.23.4	δὲ	de	C-:--------
01230403	Matt.23.4	φορτία	phortion	N-:----APN-
01230404	Matt.23.4	βαρέα	barys	A-:----APN-
01230405	Matt.23.4	καὶ	kai	C-:--------
01230406	Matt.23.4	ἐπιτιθέασιν	epitithēmi	V-:3PAI-P--
01230407	Matt.23.4	ἐπὶ	epi	P-:--------
01230408	Matt.23.4	τοὺς	ho	RA:----APM-
01230409	Matt.23.4	ὤμους	ōmos	N-:----APM-
01230410	Matt.23.4	τῶν	ho	RA:----GPM-
01230411	Matt.23.4	ἀνθρώπων	anthrōpos	N-:----GPM-
01230412	Matt.23.4	αὐτοὶ	autos	RP:----NPM-
01230413	Matt.23.4	δὲ	de	C-:--------
01230414	Matt.23.4	τῷ	ho	RA:----DSM-
01230415	Matt.23.4	δακτύλῳ	daktylos	N-:----DSM-
01230416	Matt.23.4	αὐτῶν	autos	RP:----GPM-
01230417	Matt.23.4	οὐ	ou	D-:--------
01230418	Matt.23.4	θέλουσιν	thelō	V-:3PAI-P--
01230419	Matt.23.4	κινῆσαι	kineō	V-:-AAN----
01230420	Matt.23.4	αὐτά	autos	RP:----APN-
01230501	Matt.23.5	πάντα	pas	A-:----APN-
01230502	Matt.23.5	δὲ	de	C-:--------
01230503	Matt.23.5	τὰ	ho	RA:----APN-
01230504	Matt.23.5	ἔργα	ergon	N-:----APN-
01230505	Matt.23.5	αὐτῶν	autos	RP:----GPM-
01230506	Matt.23.5	ποιοῦσιν	poieō	V-:3PAI-P--
01230507	Matt.23.5	πρὸς	pros	P-:--------
01230508	Matt.23.5	τὸ	ho	RA:----ASN-
01230509	Matt.23.5	θεαθῆναι	theaomai	V-:-APN----
01230510	Matt.23.5	τοῖς	ho	RA:----DPM-
01230511	Matt.23.5	ἀνθρώποις	anthrōpos	N-:----DPM-
01230512	Matt.23.5	πλατύνουσι	platynō	V-:3PAI-P--
01230513	Matt.23.5	γὰρ	gar	C-:--------
01230514	Matt.23.5	τὰ	ho	RA:----APN-
01230515	Matt.23.5	φυλακτήρια	phylaktērion	N-:----APN-
01230516	Matt.23.5	αὐτῶν	autos	RP:----GPM-
01230517	Matt.23.5	καὶ	kai	C-:--------
01230518	Matt.23.5	μεγαλύνουσι	megalynō	V-:3PAI-P--
01230519	Matt.23.5	τὰ	ho	RA:----APN-
01230520	Matt.23.5	κράσπεδα	kraspedon	N-:----APN-
01230601	Matt.23.6	φιλοῦσι	phileō	V-:3PAI-P--
01230602	Matt.23.6	δὲ	de	C-:--------
01230603	Matt.23.6	τὴν	ho	RA:----ASF-
01230604	Matt.23.6	πρωτοκλισίαν	prōtoklisia	N-:----ASF-
01230605	Matt.23.6	ἐν	en	P-:--------
01230606	Matt.23.6	τοῖς	ho	RA:----DPN-
01230607	Matt.23.6	δείπνοις	deipnon	N-:----DPN-
01230608	Matt.23.6	καὶ	kai	C-:--------
01230609	Matt.23.6	τὰς	ho	RA:----APF-
01230610	Matt.23.6	πρωτοκαθεδρίας	prōtokathedria	N-:----APF-
01230611	Matt.23.6	ἐν	en	P-:--------
01230612	Matt.23.6	ταῖς	ho	RA:----DPF-
01230613	Matt.23.6	συναγωγαῖς	synagōgē	N-:----DPF-
01230701	Matt.23.7	καὶ	kai	C-:--------
01230702	Matt.23.7	τοὺς	ho	RA:----APM-
01230703	Matt.23.7	ἀσπασμοὺς	aspasmos	N-:----APM-
01230704	Matt.23.7	ἐν	en	P-:--------
01230705	Matt.23.7	ταῖς	ho	RA:----DPF-
01230706	Matt.23.7	ἀγοραῖς	agora	N-:----DPF-
01230707	Matt.23.7	καὶ	kai	C-:--------
01230708	Matt.23.7	καλεῖσθαι	kaleō	V-:-PPN----
01230709	Matt.23.7	ὑπὸ	hypo	P-:--------
01230710	Matt.23.7	τῶν	ho	RA:----GPM-
01230711	Matt.23.7	ἀνθρώπων	anthrōpos	N-:----GPM-
01230712	Matt.23.7	Ῥαββί	rhabbi	N-:----NSM-
01230801	Matt.23.8	ὑμεῖς	sy	RP:----NP--
01230802	Matt.23.8	δὲ	de	C-:--------
01230803	Matt.23.8	μὴ	mē	D-:--------
01230804	Matt.23.8	κληθῆτε	kaleō	V-:2APS-P--
01230805	Matt.23.8	Ῥαββί	rhabbi	N-:----NSM-
01230806	Matt.23.8	εἷς	heis	A-:----NSM-
01230807	Matt.23.8	γάρ	gar	C-:--------
01230808	Matt.23.8	ἐστιν	eimi	V-:3PAI-S--
01230809	Matt.23.8	ὑμῶν	sy	RP:----GP--
01230810	Matt.23.8	ὁ	ho	RA:----NSM-
01230811	Matt.23.8	διδάσκαλος	didaskalos	N-:----NSM-
01230812	Matt.23.8	πάντες	pas	A-:----NPM-
01230813	Matt.23.8	δὲ	de	C-:--------
01230814	Matt.23.8	ὑμεῖς	sy	RP:----NP--
01230815	Matt.23.8	ἀδελφοί	adelphos	N-:----NPM-
01230816	Matt.23.8	ἐστε	eimi	V-:2PAI-P--
01230901	Matt.23.9	καὶ	kai	C-:--------
01230902	Matt.23.9	πατέρα	patēr	N-:----ASM-
01230903	Matt.23.9	μὴ	mē	D-:--------
01230904	Matt.23.9	καλέσητε	kaleō	V-:2AAS-P--
01230905	Matt.23.9	ὑμῶν	sy	RP:----GP--
01230906	Matt.23.9	ἐπὶ	epi	P-:--------
01230907	Matt.23.9	τῆς	ho	RA:----GSF-
01230908	Matt.23.9	γῆς	gē	N-:----GSF-
01230909	Matt.23.9	εἷς	heis	A-:----NSM-
01230910	Matt.23.9	γάρ	gar	C-:--------
01230911	Matt.23.9	ἐστιν	eimi	V-:3PAI-S--
01230912	Matt.23.9	ὑμῶν	sy	RP:----GP--
01230913	Matt.23.9	ὁ	ho	RA:----NSM-
01230914	Matt.23.9	πατὴρ	patēr	N-:----NSM-
01230915	Matt.23.9	ὁ	ho	RA:----NSM-
01230916	Matt.23.9	οὐράνιος	ouranios	A-:----NSM-
01231001	Matt.23.10	μηδὲ	mēde	C-:--------
01231002	Matt.23.10	κληθῆτε	kaleō	V-:2APS-P--
01231003	Matt.23.10	καθηγηταί	kathēgētēs	N-:----NPM-
01231004	Matt.23.10	ὅτι	hoti	C-:--------
01231005	Matt.23.10	καθηγητὴς	kathēgētēs	N-:----NSM-
01231006	Matt.23.10	ὑμῶν	sy	RP:----GP--
01231007	Matt.23.10	ἐστιν	eimi	V-:3PAI-S--
01231008	Matt.23.10	εἷς	heis	A-:----NSM-
01231009	Matt.23.10	ὁ	ho	RA:----NSM-
01231010	Matt.23.10	χριστός	christos	N-:----NSM-
01231101	Matt.23.11	ὁ	ho	RA:----NSM-
01231102	Matt.23.11	δὲ	de	C-:--------
01231103	Matt.23.11	μείζων	megas	A-:----NSMC
01231104	Matt.23.11	ὑμῶν	sy	RP:----GP--
01231105	Matt.23.11	ἔσται	eimi	V-:3FMI-S--
01231106	Matt.23.11	ὑμῶν	sy	RP:----GP--
01231107	Matt.23.11	διάκονος	diakonos	N-:----NSM-
01231201	Matt.23.12	ὅστις	hostis	RR:----NSM-
01231202	Matt.23.12	δὲ	de	C-:--------
01231203	Matt.23.12	ὑψώσει	hypsoō	V-:3FAI-S--
01231204	Matt.23.12	ἑαυτὸν	heautou	RP:----ASM-
01231205	Matt.23.12	ταπεινωθήσεται	tapeinoō	V-:3FPI-S--
01231206	Matt.23.12	καὶ	kai	C-:--------
01231207	Matt.23.12	ὅστις	hostis	RR:----NSM-
01231208	Matt.23.12	ταπεινώσει	tapeinoō	V-:3FAI-S--
01231209	Matt.23.12	ἑαυτὸν	heautou	RP:----ASM-
01231210	Matt.23.12	ὑψωθήσεται	hypsoō	V-:3FPI-S--
01231301	Matt.23.13	Οὐαὶ	ouai	X-:--------
01231302	Matt.23.13	δὲ	de	C-:--------
01231303	Matt.23.13	ὑμῖν	sy	RP:----DP--
01231304	Matt.23.13	γραμματεῖς	grammateus	N-:----VPM-
01231305	Matt.23.13	καὶ	kai	C-:--------
01231306	Matt.23.13	Φαρισαῖοι	pharisaios	N-:----VPM-
01231307	Matt.23.13	ὑποκριταί	hypokritēs	N-:----VPM-
01231308	Matt.23.13	ὅτι	hoti	C-:--------
01231309	Matt.23.13	κλείετε	kleiō	V-:2PAI-P--
01231310	Matt.23.13	τὴν	ho	RA:----ASF-
01231311	Matt.23.13	βασιλείαν	basileia	N-:----ASF-
01231312	Matt.23.13	τῶν	ho	RA:----GPM-
01231313	Matt.23.13	οὐρανῶν	ouranos	N-:----GPM-
01231314	Matt.23.13	ἔμπροσθεν	emprosthen	P-:--------
01231315	Matt.23.13	τῶν	ho	RA:----GPM-
01231316	Matt.23.13	ἀνθρώπων	anthrōpos	N-:----GPM-
01231317	Matt.23.13	ὑμεῖς	sy	RP:----NP--
01231318	Matt.23.13	γὰρ	gar	C-:--------
01231319	Matt.23.13	οὐκ	ou	D-:--------
01231320	Matt.23.13	εἰσέρχεσθε	eiserchomai	V-:2PMI-P--
01231321	Matt.23.13	οὐδὲ	oude	C-:--------
01231322	Matt.23.13	τοὺς	ho	RA:----APM-
01231323	Matt.23.13	εἰσερχομένους	eiserchomai	V-:-PMPAPM-
01231324	Matt.23.13	ἀφίετε	aphiēmi	V-:2PAI-P--
01231325	Matt.23.13	εἰσελθεῖν	eiserchomai	V-:-AAN----
01231501	Matt.23.15	Οὐαὶ	ouai	X-:--------
01231502	Matt.23.15	ὑμῖν	sy	RP:----DP--
01231503	Matt.23.15	γραμματεῖς	grammateus	N-:----VPM-
01231504	Matt.23.15	καὶ	kai	C-:--------
01231505	Matt.23.15	Φαρισαῖοι	pharisaios	N-:----VPM-
01231506	Matt.23.15	ὑποκριταί	hypokritēs	N-:----VPM-
01231507	Matt.23.15	ὅτι	hoti	C-:--------
01231508	Matt.23.15	περιάγετε	periagō	V-:2PAI-P--
01231509	Matt.23.15	τὴν	ho	RA:----ASF-
01231510	Matt.23.15	θάλασσαν	thalassa	N-:----ASF-
01231511	Matt.23.15	καὶ	kai	C-:--------
01231512	Matt.23.15	τὴν	ho	RA:----ASF-
01231513	Matt.23.15	ξηρὰν	xēros	A-:----ASF-
01231514	Matt.23.15	ποιῆσαι	poieō	V-:-AAN----
01231515	Matt.23.15	ἕνα	heis	A-:----ASM-
01231516	Matt.23.15	προσήλυτον	prosēlytos	N-:----ASM-
01231517	Matt.23.15	καὶ	kai	C-:--------
01231518	Matt.23.15	ὅταν	hotan	C-:--------
01231519	Matt.23.15	γένηται	ginomai	V-:3AMS-S--
01231520	Matt.23.15	ποιεῖτε	poieō	V-:2PAI-P--
01231521	Matt.23.15	αὐτὸν	autos	RP:----ASM-
01231522	Matt.23.15	υἱὸν	huios	N-:----ASM-
01231523	Matt.23.15	γεέννης	geenna	N-:----GSF-
01231524	Matt.23.15	διπλότερον	diplous	A-:----ASMC
01231525	Matt.23.15	ὑμῶν	sy	RP:----GP--
01231601	Matt.23.16	Οὐαὶ	ouai	X-:--------
01231602	Matt.23.16	ὑμῖν	sy	RP:----DP--
01231603	Matt.23.16	ὁδηγοὶ	hodēgos	N-:----VPM-
01231604	Matt.23.16	τυφλοὶ	typhlos	A-:----VPM-
01231605	Matt.23.16	οἱ	ho	RA:----NPM-
01231606	Matt.23.16	λέγοντες	legō	V-:-PAPNPM-
01231607	Matt.23.16	Ὃς	hos	RR:----NSM-
01231608	Matt.23.16	ἂν	an	X-:--------
01231609	Matt.23.16	ὀμόσῃ	omnyō	V-:3AAS-S--
01231610	Matt.23.16	ἐν	en	P-:--------
01231611	Matt.23.16	τῷ	ho	RA:----DSM-
01231612	Matt.23.16	ναῷ	naos	N-:----DSM-
01231613	Matt.23.16	οὐδέν	oudeis	A-:----NSN-
01231614	Matt.23.16	ἐστιν	eimi	V-:3PAI-S--
01231615	Matt.23.16	ὃς	hos	RR:----NSM-
01231616	Matt.23.16	δ’	de	C-:--------
01231617	Matt.23.16	ἂν	an	X-:--------
01231618	Matt.23.16	ὀμόσῃ	omnyō	V-:3AAS-S--
01231619	Matt.23.16	ἐν	en	P-:--------
01231620	Matt.23.16	τῷ	ho	RA:----DSM-
01231621	Matt.23.16	χρυσῷ	chrysos	N-:----DSM-
01231622	Matt.23.16	τοῦ	ho	RA:----GSM-
01231623	Matt.23.16	ναοῦ	naos	N-:----GSM-
01231624	Matt.23.16	ὀφείλει	opheilō	V-:3PAI-S--
01231701	Matt.23.17	μωροὶ	mōros	A-:----VPM-
01231702	Matt.23.17	καὶ	kai	C-:--------
01231703	Matt.23.17	τυφλοί	typhlos	A-:----VPM-
01231704	Matt.23.17	τίς	tis	RI:----NSM-
01231705	Matt.23.17	γὰρ	gar	C-:--------
01231706	Matt.23.17	μείζων	megas	A-:----NSMC
01231707	Matt.23.17	ἐστίν	eimi	V-:3PAI-S--
01231708	Matt.23.17	ὁ	ho	RA:----NSM-
01231709	Matt.23.17	χρυσὸς	chrysos	N-:----NSM-
01231710	Matt.23.17	ἢ	ē	C-:--------
01231711	Matt.23.17	ὁ	ho	RA:----NSM-
01231712	Matt.23.17	ναὸς	naos	N-:----NSM-
01231713	Matt.23.17	ὁ	ho	RA:----NSM-
01231714	Matt.23.17	ἁγιάσας	hagiazō	V-:-AAPNSM-
01231715	Matt.23.17	τὸν	ho	RA:----ASM-
01231716	Matt.23.17	χρυσόν	chrysos	N-:----ASM-
01231801	Matt.23.18	καί	kai	C-:--------
01231802	Matt.23.18	Ὃς	hos	RR:----NSM-
01231803	Matt.23.18	ἂν	an	X-:--------
01231804	Matt.23.18	ὀμόσῃ	omnyō	V-:3AAS-S--
01231805	Matt.23.18	ἐν	en	P-:--------
01231806	Matt.23.18	τῷ	ho	RA:----DSN-
01231807	Matt.23.18	θυσιαστηρίῳ	thysiastērion	N-:----DSN-
01231808	Matt.23.18	οὐδέν	oudeis	A-:----NSN-
01231809	Matt.23.18	ἐστιν	eimi	V-:3PAI-S--
01231810	Matt.23.18	ὃς	hos	RR:----NSM-
01231811	Matt.23.18	δ’	de	C-:--------
01231812	Matt.23.18	ἂν	an	X-:--------
01231813	Matt.23.18	ὀμόσῃ	omnyō	V-:3AAS-S--
01231814	Matt.23.18	ἐν	en	P-:--------
01231815	Matt.23.18	τῷ	ho	RA:----DSN-
01231816	Matt.23.18	δώρῳ	dōron	N-:----DSN-
01231817	Matt.23.18	τῷ	ho	RA:----DSN-
01231818	Matt.23.18	ἐπάνω	epanō	P-:--------
01231819	Matt.23.18	αὐτοῦ	autos	RP:----GSN-
01231820	Matt.23.18	ὀφείλει	opheilō	V-:3PAI-S--
01231901	Matt.23.19	τυφλοί	typhlos	A-:----VPM-
01231902	Matt.23.19	τί	tis	RI:----NSN-
01231903	Matt.23.19	γὰρ	gar	C-:--------
01231904	Matt.23.19	μεῖζον	megas	A-:----NSNC
01231905	Matt.23.19	τὸ	ho	RA:----NSN-
01231906	Matt.23.19	δῶρον	dōron	N-:----NSN-
01231907	Matt.23.19	ἢ	ē	C-:--------
01231908	Matt.23.19	τὸ	ho	RA:----NSN-
01231909	Matt.23.19	θυσιαστήριον	thysiastērion	N-:----NSN-
01231910	Matt.23.19	τὸ	ho	RA:----NSN-
01231911	Matt.23.19	ἁγιάζον	hagiazō	V-:-PAPNSN-
01231912	Matt.23.19	τὸ	ho	RA:----ASN-
01231913	Matt.23.19	δῶρον	dōron	N-:----ASN-
01232001	Matt.23.20	ὁ	ho	RA:----NSM-
01232002	Matt.23.20	οὖν	oun	C-:--------
01232003	Matt.23.20	ὀμόσας	omnyō	V-:-AAPNSM-
01232004	Matt.23.20	ἐν	en	P-:--------
01232005	Matt.23.20	τῷ	ho	RA:----DSN-
01232006	Matt.23.20	θυσιαστηρίῳ	thysiastērion	N-:----DSN-
01232007	Matt.23.20	ὀμνύει	omnyō	V-:3PAI-S--
01232008	Matt.23.20	ἐν	en	P-:--------
01232009	Matt.23.20	αὐτῷ	autos	RP:----DSN-
01232010	Matt.23.20	καὶ	kai	C-:--------
01232011	Matt.23.20	ἐν	en	P-:--------
01232012	Matt.23.20	πᾶσι	pas	A-:----DPN-
01232013	Matt.23.20	τοῖς	ho	RA:----DPN-
01232014	Matt.23.20	ἐπάνω	epanō	P-:--------
01232015	Matt.23.20	αὐτοῦ	autos	RP:----GSN-
01232101	Matt.23.21	καὶ	kai	C-:--------
01232102	Matt.23.21	ὁ	ho	RA:----NSM-
01232103	Matt.23.21	ὀμόσας	omnyō	V-:-AAPNSM-
01232104	Matt.23.21	ἐν	en	P-:--------
01232105	Matt.23.21	τῷ	ho	RA:----DSM-
01232106	Matt.23.21	ναῷ	naos	N-:----DSM-
01232107	Matt.23.21	ὀμνύει	omnyō	V-:3PAI-S--
01232108	Matt.23.21	ἐν	en	P-:--------
01232109	Matt.23.21	αὐτῷ	autos	RP:----DSM-
01232110	Matt.23.21	καὶ	kai	C-:--------
01232111	Matt.23.21	ἐν	en	P-:--------
01232112	Matt.23.21	τῷ	ho	RA:----DSM-
01232113	Matt.23.21	κατοικοῦντι	katoikeō	V-:-PAPDSM-
01232114	Matt.23.21	αὐτόν	autos	RP:----ASM-
01232201	Matt.23.22	καὶ	kai	C-:--------
01232202	Matt.23.22	ὁ	ho	RA:----NSM-
01232203	Matt.23.22	ὀμόσας	omnyō	V-:-AAPNSM-
01232204	Matt.23.22	ἐν	en	P-:--------
01232205	Matt.23.22	τῷ	ho	RA:----DSM-
01232206	Matt.23.22	οὐρανῷ	ouranos	N-:----DSM-
01232207	Matt.23.22	ὀμνύει	omnyō	V-:3PAI-S--
01232208	Matt.23.22	ἐν	en	P-:--------
01232209	Matt.23.22	τῷ	ho	RA:----DSM-
01232210	Matt.23.22	θρόνῳ	thronos	N-:----DSM-
01232211	Matt.23.22	τοῦ	ho	RA:----GSM-
01232212	Matt.23.22	θεοῦ	theos	N-:----GSM-
01232213	Matt.23.22	καὶ	kai	C-:--------
01232214	Matt.23.22	ἐν	en	P-:--------
01232215	Matt.23.22	τῷ	ho	RA:----DSM-
01232216	Matt.23.22	καθημένῳ	kathēmai	V-:-PMPDSM-
01232217	Matt.23.22	ἐπάνω	epanō	P-:--------
01232218	Matt.23.22	αὐτοῦ	autos	RP:----GSM-
01232301	Matt.23.23	Οὐαὶ	ouai	X-:--------
01232302	Matt.23.23	ὑμῖν	sy	RP:----DP--
01232303	Matt.23.23	γραμματεῖς	grammateus	N-:----VPM-
01232304	Matt.23.23	καὶ	kai	C-:--------
01232305	Matt.23.23	Φαρισαῖοι	pharisaios	N-:----VPM-
01232306	Matt.23.23	ὑποκριταί	hypokritēs	N-:----VPM-
01232307	Matt.23.23	ὅτι	hoti	C-:--------
01232308	Matt.23.23	ἀποδεκατοῦτε	apodekatoō	V-:2PAI-P--
01232309	Matt.23.23	τὸ	ho	RA:----ASN-
01232310	Matt.23.23	ἡδύοσμον	hēdyosmon	N-:----ASN-
01232311	Matt.23.23	καὶ	kai	C-:--------
01232312	Matt.23.23	τὸ	ho	RA:----ASN-
01232313	Matt.23.23	ἄνηθον	anēthon	N-:----ASN-
01232314	Matt.23.23	καὶ	kai	C-:--------
01232315	Matt.23.23	τὸ	ho	RA:----ASN-
01232316	Matt.23.23	κύμινον	kyminon	N-:----ASN-
01232317	Matt.23.23	καὶ	kai	C-:--------
01232318	Matt.23.23	ἀφήκατε	aphiēmi	V-:2AAI-P--
01232319	Matt.23.23	τὰ	ho	RA:----APN-
01232320	Matt.23.23	βαρύτερα	barys	A-:----APNC
01232321	Matt.23.23	τοῦ	ho	RA:----GSM-
01232322	Matt.23.23	νόμου	nomos	N-:----GSM-
01232323	Matt.23.23	τὴν	ho	RA:----ASF-
01232324	Matt.23.23	κρίσιν	krisis	N-:----ASF-
01232325	Matt.23.23	καὶ	kai	C-:--------
01232326	Matt.23.23	τὸ	ho	RA:----ASN-
01232327	Matt.23.23	ἔλεος	eleos	N-:----ASN-
01232328	Matt.23.23	καὶ	kai	C-:--------
01232329	Matt.23.23	τὴν	ho	RA:----ASF-
01232330	Matt.23.23	πίστιν	pistis	N-:----ASF-
01232331	Matt.23.23	ταῦτα	houtos	RD:----APN-
01232332	Matt.23.23	ἔδει	deō	V-:3IAI-S--
01232333	Matt.23.23	ποιῆσαι	poieō	V-:-AAN----
01232334	Matt.23.23	κἀκεῖνα	kakeinos	RD:----APN-
01232335	Matt.23.23	μὴ	mē	D-:--------
01232336	Matt.23.23	ἀφιέναι	aphiēmi	V-:-PAN----
01232401	Matt.23.24	ὁδηγοὶ	hodēgos	N-:----VPM-
01232402	Matt.23.24	τυφλοί	typhlos	A-:----VPM-
01232403	Matt.23.24	οἱ	ho	RA:----NPM-
01232404	Matt.23.24	διϋλίζοντες	diylizō	V-:-PAPNPM-
01232405	Matt.23.24	τὸν	ho	RA:----ASM-
01232406	Matt.23.24	κώνωπα	kōnōps	N-:----ASM-
01232407	Matt.23.24	τὴν	ho	RA:----ASF-
01232408	Matt.23.24	δὲ	de	C-:--------
01232409	Matt.23.24	κάμηλον	kamēlos	N-:----ASF-
01232410	Matt.23.24	καταπίνοντες	katapinō	V-:-PAPVPM-
01232501	Matt.23.25	Οὐαὶ	ouai	X-:--------
01232502	Matt.23.25	ὑμῖν	sy	RP:----DP--
01232503	Matt.23.25	γραμματεῖς	grammateus	N-:----VPM-
01232504	Matt.23.25	καὶ	kai	C-:--------
01232505	Matt.23.25	Φαρισαῖοι	pharisaios	N-:----VPM-
01232506	Matt.23.25	ὑποκριταί	hypokritēs	N-:----VPM-
01232507	Matt.23.25	ὅτι	hoti	C-:--------
01232508	Matt.23.25	καθαρίζετε	katharizō	V-:2PAI-P--
01232509	Matt.23.25	τὸ	ho	RA:----ASN-
01232510	Matt.23.25	ἔξωθεν	exōthen	D-:--------
01232511	Matt.23.25	τοῦ	ho	RA:----GSN-
01232512	Matt.23.25	ποτηρίου	potērion	N-:----GSN-
01232513	Matt.23.25	καὶ	kai	C-:--------
01232514	Matt.23.25	τῆς	ho	RA:----GSF-
01232515	Matt.23.25	παροψίδος	paropsis	N-:----GSF-
01232516	Matt.23.25	ἔσωθεν	esōthen	D-:--------
01232517	Matt.23.25	δὲ	de	C-:--------
01232518	Matt.23.25	γέμουσιν	gemō	V-:3PAI-P--
01232519	Matt.23.25	ἐξ	ek	P-:--------
01232520	Matt.23.25	ἁρπαγῆς	harpagē	N-:----GSF-
01232521	Matt.23.25	καὶ	kai	C-:--------
01232522	Matt.23.25	ἀκρασίας	akrasia	N-:----GSF-
01232601	Matt.23.26	Φαρισαῖε	pharisaios	N-:----VSM-
01232602	Matt.23.26	τυφλέ	typhlos	A-:----VSM-
01232603	Matt.23.26	καθάρισον	katharizō	V-:2AAD-S--
01232604	Matt.23.26	πρῶτον	prōtos	A-:----ASN-
01232605	Matt.23.26	τὸ	ho	RA:----ASN-
01232606	Matt.23.26	ἐντὸς	entos	D-:--------
01232607	Matt.23.26	τοῦ	ho	RA:----GSN-
01232608	Matt.23.26	ποτηρίου	potērion	N-:----GSN-
01232609	Matt.23.26	καὶ	kai	C-:--------
01232610	Matt.23.26	τῆς	ho	RA:----GSF-
01232611	Matt.23.26	παροψίδος	paropsis	N-:----GSF-
01232612	Matt.23.26	ἵνα	hina	C-:--------
01232613	Matt.23.26	γένηται	ginomai	V-:3AMS-S--
01232614	Matt.23.26	καὶ	kai	D-:--------
01232615	Matt.23.26	τὸ	ho	RA:----NSN-
01232616	Matt.23.26	ἐκτὸς	ektos	D-:--------
01232617	Matt.23.26	αὐτοῦ	autos	RP:----GSN-
01232618	Matt.23.26	καθαρόν	katharos	A-:----NSN-
01232701	Matt.23.27	Οὐαὶ	ouai	X-:--------
01232702	Matt.23.27	ὑμῖν	sy	RP:----DP--
01232703	Matt.23.27	γραμματεῖς	grammateus	N-:----VPM-
01232704	Matt.23.27	καὶ	kai	C-:--------
01232705	Matt.23.27	Φαρισαῖοι	pharisaios	N-:----VPM-
01232706	Matt.23.27	ὑποκριταί	hypokritēs	N-:----VPM-
01232707	Matt.23.27	ὅτι	hoti	C-:--------
01232708	Matt.23.27	παρομοιάζετε	paromoiazō	V-:2PAI-P--
01232709	Matt.23.27	τάφοις	taphos	N-:----DPM-
01232710	Matt.23.27	κεκονιαμένοις	koniaō	V-:-XPPDPM-
01232711	Matt.23.27	οἵτινες	hostis	RR:----NPM-
01232712	Matt.23.27	ἔξωθεν	exōthen	D-:--------
01232713	Matt.23.27	μὲν	men	C-:--------
01232714	Matt.23.27	φαίνονται	phainō	V-:3PPI-P--
01232715	Matt.23.27	ὡραῖοι	hōraios	A-:----NPM-
01232716	Matt.23.27	ἔσωθεν	esōthen	D-:--------
01232717	Matt.23.27	δὲ	de	C-:--------
01232718	Matt.23.27	γέμουσιν	gemō	V-:3PAI-P--
01232719	Matt.23.27	ὀστέων	osteon	N-:----GPN-
01232720	Matt.23.27	νεκρῶν	nekros	A-:----GPM-
01232721	Matt.23.27	καὶ	kai	C-:--------
01232722	Matt.23.27	πάσης	pas	A-:----GSF-
01232723	Matt.23.27	ἀκαθαρσίας	akatharsia	N-:----GSF-
01232801	Matt.23.28	οὕτως	houtō(s)	D-:--------
01232802	Matt.23.28	καὶ	kai	D-:--------
01232803	Matt.23.28	ὑμεῖς	sy	RP:----NP--
01232804	Matt.23.28	ἔξωθεν	exōthen	D-:--------
01232805	Matt.23.28	μὲν	men	C-:--------
01232806	Matt.23.28	φαίνεσθε	phainō	V-:2PPI-P--
01232807	Matt.23.28	τοῖς	ho	RA:----DPM-
01232808	Matt.23.28	ἀνθρώποις	anthrōpos	N-:----DPM-
01232809	Matt.23.28	δίκαιοι	dikaios	A-:----NPM-
01232810	Matt.23.28	ἔσωθεν	esōthen	D-:--------
01232811	Matt.23.28	δέ	de	C-:--------
01232812	Matt.23.28	ἐστε	eimi	V-:2PAI-P--
01232813	Matt.23.28	μεστοὶ	mestos	A-:----NPM-
01232814	Matt.23.28	ὑποκρίσεως	hypokrisis	N-:----GSF-
01232815	Matt.23.28	καὶ	kai	C-:--------
01232816	Matt.23.28	ἀνομίας	anomia	N-:----GSF-
01232901	Matt.23.29	Οὐαὶ	ouai	X-:--------
01232902	Matt.23.29	ὑμῖν	sy	RP:----DP--
01232903	Matt.23.29	γραμματεῖς	grammateus	N-:----VPM-
01232904	Matt.23.29	καὶ	kai	C-:--------
01232905	Matt.23.29	Φαρισαῖοι	pharisaios	N-:----VPM-
01232906	Matt.23.29	ὑποκριταί	hypokritēs	N-:----VPM-
01232907	Matt.23.29	ὅτι	hoti	C-:--------
01232908	Matt.23.29	οἰκοδομεῖτε	oikodomeō	V-:2PAI-P--
01232909	Matt.23.29	τοὺς	ho	RA:----APM-
01232910	Matt.23.29	τάφους	taphos	N-:----APM-
01232911	Matt.23.29	τῶν	ho	RA:----GPM-
01232912	Matt.23.29	προφητῶν	prophētēs	N-:----GPM-
01232913	Matt.23.29	καὶ	kai	C-:--------
01232914	Matt.23.29	κοσμεῖτε	kosmeō	V-:2PAI-P--
01232915	Matt.23.29	τὰ	ho	RA:----APN-
01232916	Matt.23.29	μνημεῖα	mnēmeion	N-:----APN-
01232917	Matt.23.29	τῶν	ho	RA:----GPM-
01232918	Matt.23.29	δικαίων	dikaios	A-:----GPM-
01233001	Matt.23.30	καὶ	kai	C-:--------
01233002	Matt.23.30	λέγετε	legō	V-:2PAI-P--
01233003	Matt.23.30	Εἰ	ei	C-:--------
01233004	Matt.23.30	ἤμεθα	eimi	V-:1IMI-P--
01233005	Matt.23.30	ἐν	en	P-:--------
01233006	Matt.23.30	ταῖς	ho	RA:----DPF-
01233007	Matt.23.30	ἡμέραις	hēmera	N-:----DPF-
01233008	Matt.23.30	τῶν	ho	RA:----GPM-
01233009	Matt.23.30	πατέρων	patēr	N-:----GPM-
01233010	Matt.23.30	ἡμῶν	egō	RP:----GP--
01233011	Matt.23.30	οὐκ	ou	D-:--------
01233012	Matt.23.30	ἂν	an	X-:--------
01233013	Matt.23.30	ἤμεθα	eimi	V-:1IMI-P--
01233014	Matt.23.30	αὐτῶν	autos	RP:----GPM-
01233015	Matt.23.30	κοινωνοὶ	koinōnos	N-:----NPM-
01233016	Matt.23.30	ἐν	en	P-:--------
01233017	Matt.23.30	τῷ	ho	RA:----DSN-
01233018	Matt.23.30	αἵματι	haima	N-:----DSN-
01233019	Matt.23.30	τῶν	ho	RA:----GPM-
01233020	Matt.23.30	προφητῶν	prophētēs	N-:----GPM-
01233101	Matt.23.31	ὥστε	hōste	C-:--------
01233102	Matt.23.31	μαρτυρεῖτε	martyreō	V-:2PAI-P--
01233103	Matt.23.31	ἑαυτοῖς	heautou	RP:----DPM-
01233104	Matt.23.31	ὅτι	hoti	C-:--------
01233105	Matt.23.31	υἱοί	huios	N-:----NPM-
01233106	Matt.23.31	ἐστε	eimi	V-:2PAI-P--
01233107	Matt.23.31	τῶν	ho	RA:----GPM-
01233108	Matt.23.31	φονευσάντων	phoneuō	V-:-AAPGPM-
01233109	Matt.23.31	τοὺς	ho	RA:----APM-
01233110	Matt.23.31	προφήτας	prophētēs	N-:----APM-
01233201	Matt.23.32	καὶ	kai	D-:--------
01233202	Matt.23.32	ὑμεῖς	sy	RP:----NP--
01233203	Matt.23.32	πληρώσατε	plēroō	V-:2AAD-P--
01233204	Matt.23.32	τὸ	ho	RA:----ASN-
01233205	Matt.23.32	μέτρον	metron	N-:----ASN-
01233206	Matt.23.32	τῶν	ho	RA:----GPM-
01233207	Matt.23.32	πατέρων	patēr	N-:----GPM-
01233208	Matt.23.32	ὑμῶν	sy	RP:----GP--
01233301	Matt.23.33	ὄφεις	ophis	N-:----VPM-
01233302	Matt.23.33	γεννήματα	gennēma	N-:----VPN-
01233303	Matt.23.33	ἐχιδνῶν	echidna	N-:----GPF-
01233304	Matt.23.33	πῶς	pōs	D-:--------
01233305	Matt.23.33	φύγητε	pheugō	V-:2AAS-P--
01233306	Matt.23.33	ἀπὸ	apo	P-:--------
01233307	Matt.23.33	τῆς	ho	RA:----GSF-
01233308	Matt.23.33	κρίσεως	krisis	N-:----GSF-
01233309	Matt.23.33	τῆς	ho	RA:----GSF-
01233310	Matt.23.33	γεέννης	geenna	N-:----GSF-
01233401	Matt.23.34	διὰ	dia	P-:--------
01233402	Matt.23.34	τοῦτο	houtos	RD:----ASN-
01233403	Matt.23.34	ἰδοὺ	idou	X-:--------
01233404	Matt.23.34	ἐγὼ	egō	RP:----NS--
01233405	Matt.23.34	ἀποστέλλω	apostellō	V-:1PAI-S--
01233406	Matt.23.34	πρὸς	pros	P-:--------
01233407	Matt.23.34	ὑμᾶς	sy	RP:----AP--
01233408	Matt.23.34	προφήτας	prophētēs	N-:----APM-
01233409	Matt.23.34	καὶ	kai	C-:--------
01233410	Matt.23.34	σοφοὺς	sophos	A-:----APM-
01233411	Matt.23.34	καὶ	kai	C-:--------
01233412	Matt.23.34	γραμματεῖς	grammateus	N-:----APM-
01233413	Matt.23.34	ἐξ	ek	P-:--------
01233414	Matt.23.34	αὐτῶν	autos	RP:----GPM-
01233415	Matt.23.34	ἀποκτενεῖτε	apokteinō	V-:2FAI-P--
01233416	Matt.23.34	καὶ	kai	C-:--------
01233417	Matt.23.34	σταυρώσετε	stauroō	V-:2FAI-P--
01233418	Matt.23.34	καὶ	kai	C-:--------
01233419	Matt.23.34	ἐξ	ek	P-:--------
01233420	Matt.23.34	αὐτῶν	autos	RP:----GPM-
01233421	Matt.23.34	μαστιγώσετε	mastigoō	V-:2FAI-P--
01233422	Matt.23.34	ἐν	en	P-:--------
01233423	Matt.23.34	ταῖς	ho	RA:----DPF-
01233424	Matt.23.34	συναγωγαῖς	synagōgē	N-:----DPF-
01233425	Matt.23.34	ὑμῶν	sy	RP:----GP--
01233426	Matt.23.34	καὶ	kai	C-:--------
01233427	Matt.23.34	διώξετε	diōkō	V-:2FAI-P--
01233428	Matt.23.34	ἀπὸ	apo	P-:--------
01233429	Matt.23.34	πόλεως	polis	N-:----GSF-
01233430	Matt.23.34	εἰς	eis	P-:--------
01233431	Matt.23.34	πόλιν	polis	N-:----ASF-
01233501	Matt.23.35	ὅπως	hopōs	C-:--------
01233502	Matt.23.35	ἔλθῃ	erchomai	V-:3AAS-S--
01233503	Matt.23.35	ἐφ’	epi	P-:--------
01233504	Matt.23.35	ὑμᾶς	sy	RP:----AP--
01233505	Matt.23.35	πᾶν	pas	A-:----NSN-
01233506	Matt.23.35	αἷμα	haima	N-:----NSN-
01233507	Matt.23.35	δίκαιον	dikaios	A-:----NSN-
01233508	Matt.23.35	ἐκχυννόμενον	ekcheō	V-:-PPPNSN-
01233509	Matt.23.35	ἐπὶ	epi	P-:--------
01233510	Matt.23.35	τῆς	ho	RA:----GSF-
01233511	Matt.23.35	γῆς	gē	N-:----GSF-
01233512	Matt.23.35	ἀπὸ	apo	P-:--------
01233513	Matt.23.35	τοῦ	ho	RA:----GSN-
01233514	Matt.23.35	αἵματος	haima	N-:----GSN-
01233515	Matt.23.35	Ἅβελ	habel	N-:----GSM-
01233516	Matt.23.35	τοῦ	ho	RA:----GSM-
01233517	Matt.23.35	δικαίου	dikaios	A-:----GSM-
01233518	Matt.23.35	ἕως	heōs	P-:--------
01233519	Matt.23.35	τοῦ	ho	RA:----GSN-
01233520	Matt.23.35	αἵματος	haima	N-:----GSN-
01233521	Matt.23.35	Ζαχαρίου	zacharias	N-:----GSM-
01233522	Matt.23.35	υἱοῦ	huios	N-:----GSM-
01233523	Matt.23.35	Βαραχίου	barachias	N-:----GSM-
01233524	Matt.23.35	ὃν	hos	RR:----ASM-
01233525	Matt.23.35	ἐφονεύσατε	phoneuō	V-:2AAI-P--
01233526	Matt.23.35	μεταξὺ	metaxy	P-:--------
01233527	Matt.23.35	τοῦ	ho	RA:----GSM-
01233528	Matt.23.35	ναοῦ	naos	N-:----GSM-
01233529	Matt.23.35	καὶ	kai	C-:--------
01233530	Matt.23.35	τοῦ	ho	RA:----GSN-
01233531	Matt.23.35	θυσιαστηρίου	thysiastērion	N-:----GSN-
01233601	Matt.23.36	ἀμὴν	amēn	X-:--------
01233602	Matt.23.36	λέγω	legō	V-:1PAI-S--
01233603	Matt.23.36	ὑμῖν	sy	RP:----DP--
01233604	Matt.23.36	ἥξει	hēkō	V-:3FAI-S--
01233605	Matt.23.36	ταῦτα	houtos	RD:----NPN-
01233606	Matt.23.36	πάντα	pas	A-:----NPN-
01233607	Matt.23.36	ἐπὶ	epi	P-:--------
01233608	Matt.23.36	τὴν	ho	RA:----ASF-
01233609	Matt.23.36	γενεὰν	genea	N-:----ASF-
01233610	Matt.23.36	ταύτην	houtos	RD:----ASF-
01233701	Matt.23.37	Ἰερουσαλὴμ	ierousalēm	N-:----VSF-
01233702	Matt.23.37	Ἰερουσαλήμ	ierousalēm	N-:----VSF-
01233703	Matt.23.37	ἡ	ho	RA:----NSF-
01233704	Matt.23.37	ἀποκτείνουσα	apokteinō	V-:-PAPNSF-
01233705	Matt.23.37	τοὺς	ho	RA:----APM-
01233706	Matt.23.37	προφήτας	prophētēs	N-:----APM-
01233707	Matt.23.37	καὶ	kai	C-:--------
01233708	Matt.23.37	λιθοβολοῦσα	lithoboleō	V-:-PAPNSF-
01233709	Matt.23.37	τοὺς	ho	RA:----APM-
01233710	Matt.23.37	ἀπεσταλμένους	apostellō	V-:-XPPAPM-
01233711	Matt.23.37	πρὸς	pros	P-:--------
01233712	Matt.23.37	αὐτήν	autos	RP:----ASF-
01233713	Matt.23.37	ποσάκις	posakis	D-:--------
01233714	Matt.23.37	ἠθέλησα	thelō	V-:1AAI-S--
01233715	Matt.23.37	ἐπισυναγαγεῖν	episynagō	V-:-AAN----
01233716	Matt.23.37	τὰ	ho	RA:----APN-
01233717	Matt.23.37	τέκνα	teknon	N-:----APN-
01233718	Matt.23.37	σου	sy	RP:----GS--
01233719	Matt.23.37	ὃν	hos	RR:----ASM-
01233720	Matt.23.37	τρόπον	tropos	N-:----ASM-
01233721	Matt.23.37	ὄρνις	ornis	N-:----NSF-
01233722	Matt.23.37	ἐπισυνάγει	episynagō	V-:3PAI-S--
01233723	Matt.23.37	τὰ	ho	RA:----APN-
01233724	Matt.23.37	νοσσία	nossion	N-:----APN-
01233725	Matt.23.37	αὐτῆς	autos	RP:----GSF-
01233726	Matt.23.37	ὑπὸ	hypo	P-:--------
01233727	Matt.23.37	τὰς	ho	RA:----APF-
01233728	Matt.23.37	πτέρυγας	pteryx	N-:----APF-
01233729	Matt.23.37	καὶ	kai	C-:--------
01233730	Matt.23.37	οὐκ	ou	D-:--------
01233731	Matt.23.37	ἠθελήσατε	thelō	V-:2AAI-P--
01233801	Matt.23.38	ἰδοὺ	idou	X-:--------
01233802	Matt.23.38	ἀφίεται	aphiēmi	V-:3PPI-S--
01233803	Matt.23.38	ὑμῖν	sy	RP:----DP--
01233804	Matt.23.38	ὁ	ho	RA:----NSM-
01233805	Matt.23.38	οἶκος	oikos	N-:----NSM-
01233806	Matt.23.38	ὑμῶν	sy	RP:----GP--
01233807	Matt.23.38	ἔρημος	erēmos	A-:----NSM-
01233901	Matt.23.39	λέγω	legō	V-:1PAI-S--
01233902	Matt.23.39	γὰρ	gar	C-:--------
01233903	Matt.23.39	ὑμῖν	sy	RP:----DP--
01233904	Matt.23.39	οὐ	ou	D-:--------
01233905	Matt.23.39	μή	mē	D-:--------
01233906	Matt.23.39	με	egō	RP:----AS--
01233907	Matt.23.39	ἴδητε	horaō	V-:2AAS-P--
01233908	Matt.23.39	ἀπ’	apo	P-:--------
01233909	Matt.23.39	ἄρτι	arti	D-:--------
01233910	Matt.23.39	ἕως	heōs	C-:--------
01233911	Matt.23.39	ἂν	an	X-:--------
01233912	Matt.23.39	εἴπητε	legō	V-:2AAS-P--
01233913	Matt.23.39	Εὐλογημένος	eulogeō	V-:-XPPNSM-
01233914	Matt.23.39	ὁ	ho	RA:----NSM-
01233915	Matt.23.39	ἐρχόμενος	erchomai	V-:-PMPNSM-
01233916	Matt.23.39	ἐν	en	P-:--------
01233917	Matt.23.39	ὀνόματι	onoma	N-:----DSN-
01233918	Matt.23.39	κυρίου	kyrios	N-:----GSM-
01240101	Matt.24.1	Καὶ	kai	C-:--------
01240102	Matt.24.1	ἐξελθὼν	exerchomai	V-:-AAPNSM-
01240103	Matt.24.1	ὁ	ho	RA:----NSM-
01240104	Matt.24.1	Ἰησοῦς	iēsous	N-:----NSM-
01240105	Matt.24.1	ἀπὸ	apo	P-:--------
01240106	Matt.24.1	τοῦ	ho	RA:----GSN-
01240107	Matt.24.1	ἱεροῦ	hieros	A-:----GSN-
01240108	Matt.24.1	ἐπορεύετο	poreuomai	V-:3IMI-S--
01240109	Matt.24.1	καὶ	kai	C-:--------
01240110	Matt.24.1	προσῆλθον	proserchomai	V-:3AAI-P--
01240111	Matt.24.1	οἱ	ho	RA:----NPM-
01240112	Matt.24.1	μαθηταὶ	mathētēs	N-:----NPM-
01240113	Matt.24.1	αὐτοῦ	autos	RP:----GSM-
01240114	Matt.24.1	ἐπιδεῖξαι	epideiknymi	V-:-AAN----
01240115	Matt.24.1	αὐτῷ	autos	RP:----DSM-
01240116	Matt.24.1	τὰς	ho	RA:----APF-
01240117	Matt.24.1	οἰκοδομὰς	oikodomē	N-:----APF-
01240118	Matt.24.1	τοῦ	ho	RA:----GSN-
01240119	Matt.24.1	ἱεροῦ	hieros	A-:----GSN-
01240201	Matt.24.2	ὁ	ho	RA:----NSM-
01240202	Matt.24.2	δὲ	de	C-:--------
01240203	Matt.24.2	ἀποκριθεὶς	apokrinomai	V-:-APPNSM-
01240204	Matt.24.2	εἶπεν	legō	V-:3AAI-S--
01240205	Matt.24.2	αὐτοῖς	autos	RP:----DPM-
01240206	Matt.24.2	Οὐ	ou	X-:--------
01240207	Matt.24.2	βλέπετε	blepō	V-:2PAI-P--
01240208	Matt.24.2	ταῦτα	houtos	RD:----APN-
01240209	Matt.24.2	πάντα	pas	A-:----APN-
01240210	Matt.24.2	ἀμὴν	amēn	X-:--------
01240211	Matt.24.2	λέγω	legō	V-:1PAI-S--
01240212	Matt.24.2	ὑμῖν	sy	RP:----DP--
01240213	Matt.24.2	οὐ	ou	D-:--------
01240214	Matt.24.2	μὴ	mē	D-:--------
01240215	Matt.24.2	ἀφεθῇ	aphiēmi	V-:3APS-S--
01240216	Matt.24.2	ὧδε	hōde	D-:--------
01240217	Matt.24.2	λίθος	lithos	N-:----NSM-
01240218	Matt.24.2	ἐπὶ	epi	P-:--------
01240219	Matt.24.2	λίθον	lithos	N-:----ASM-
01240220	Matt.24.2	ὃς	hos	RR:----NSM-
01240221	Matt.24.2	οὐ	ou	D-:--------
01240222	Matt.24.2	καταλυθήσεται	katalyō	V-:3FPI-S--
01240301	Matt.24.3	Καθημένου	kathēmai	V-:-PMPGSM-
01240302	Matt.24.3	δὲ	de	C-:--------
01240303	Matt.24.3	αὐτοῦ	autos	RP:----GSM-
01240304	Matt.24.3	ἐπὶ	epi	P-:--------
01240305	Matt.24.3	τοῦ	ho	RA:----GSN-
01240306	Matt.24.3	Ὄρους	oros	N-:----GSN-
01240307	Matt.24.3	τῶν	ho	RA:----GPF-
01240308	Matt.24.3	Ἐλαιῶν	elaia	N-:----GPF-
01240309	Matt.24.3	προσῆλθον	proserchomai	V-:3AAI-P--
01240310	Matt.24.3	αὐτῷ	autos	RP:----DSM-
01240311	Matt.24.3	οἱ	ho	RA:----NPM-
01240312	Matt.24.3	μαθηταὶ	mathētēs	N-:----NPM-
01240313	Matt.24.3	κατ’	kata	P-:--------
01240314	Matt.24.3	ἰδίαν	idios	A-:----ASF-
01240315	Matt.24.3	λέγοντες	legō	V-:-PAPNPM-
01240316	Matt.24.3	Εἰπὸν	legō	V-:2AAD-S--
01240317	Matt.24.3	ἡμῖν	egō	RP:----DP--
01240318	Matt.24.3	πότε	pote	D-:--------
01240319	Matt.24.3	ταῦτα	houtos	RD:----NPN-
01240320	Matt.24.3	ἔσται	eimi	V-:3FMI-S--
01240321	Matt.24.3	καὶ	kai	C-:--------
01240322	Matt.24.3	τί	tis	RI:----NSN-
01240323	Matt.24.3	τὸ	ho	RA:----NSN-
01240324	Matt.24.3	σημεῖον	sēmeion	N-:----NSN-
01240325	Matt.24.3	τῆς	ho	RA:----GSF-
01240326	Matt.24.3	σῆς	sos	A-:----GSF-
01240327	Matt.24.3	παρουσίας	parousia	N-:----GSF-
01240328	Matt.24.3	καὶ	kai	C-:--------
01240329	Matt.24.3	συντελείας	synteleia	N-:----GSF-
01240330	Matt.24.3	τοῦ	ho	RA:----GSM-
01240331	Matt.24.3	αἰῶνος	aiōn	N-:----GSM-
01240401	Matt.24.4	καὶ	kai	C-:--------
01240402	Matt.24.4	ἀποκριθεὶς	apokrinomai	V-:-APPNSM-
01240403	Matt.24.4	ὁ	ho	RA:----NSM-
01240404	Matt.24.4	Ἰησοῦς	iēsous	N-:----NSM-
01240405	Matt.24.4	εἶπεν	legō	V-:3AAI-S--
01240406	Matt.24.4	αὐτοῖς	autos	RP:----DPM-
01240407	Matt.24.4	Βλέπετε	blepō	V-:2PAD-P--
01240408	Matt.24.4	μή	mē	C-:--------
01240409	Matt.24.4	τις	tis2	RI:----NSM-
01240410	Matt.24.4	ὑμᾶς	sy	RP:----AP--
01240411	Matt.24.4	πλανήσῃ	planaō	V-:3AAS-S--
01240501	Matt.24.5	πολλοὶ	polys	A-:----NPM-
01240502	Matt.24.5	γὰρ	gar	C-:--------
01240503	Matt.24.5	ἐλεύσονται	erchomai	V-:3FMI-P--
01240504	Matt.24.5	ἐπὶ	epi	P-:--------
01240505	Matt.24.5	τῷ	ho	RA:----DSN-
01240506	Matt.24.5	ὀνόματί	onoma	N-:----DSN-
01240507	Matt.24.5	μου	egō	RP:----GS--
01240508	Matt.24.5	λέγοντες	legō	V-:-PAPNPM-
01240509	Matt.24.5	Ἐγώ	egō	RP:----NS--
01240510	Matt.24.5	εἰμι	eimi	V-:1PAI-S--
01240511	Matt.24.5	ὁ	ho	RA:----NSM-
01240512	Matt.24.5	χριστός	christos	N-:----NSM-
01240513	Matt.24.5	καὶ	kai	C-:--------
01240514	Matt.24.5	πολλοὺς	polys	A-:----APM-
01240515	Matt.24.5	πλανήσουσιν	planaō	V-:3FAI-P--
01240601	Matt.24.6	μελλήσετε	mellō	V-:2FAI-P--
01240602	Matt.24.6	δὲ	de	C-:--------
01240603	Matt.24.6	ἀκούειν	akouō	V-:-PAN----
01240604	Matt.24.6	πολέμους	polemos	N-:----APM-
01240605	Matt.24.6	καὶ	kai	C-:--------
01240606	Matt.24.6	ἀκοὰς	akoē	N-:----APF-
01240607	Matt.24.6	πολέμων	polemos	N-:----GPM-
01240608	Matt.24.6	ὁρᾶτε	horaō	V-:2PAD-P--
01240609	Matt.24.6	μὴ	mē	D-:--------
01240610	Matt.24.6	θροεῖσθε	throeomai	V-:2PPD-P--
01240611	Matt.24.6	δεῖ	deō	V-:3PAI-S--
01240612	Matt.24.6	γὰρ	gar	C-:--------
01240613	Matt.24.6	γενέσθαι	ginomai	V-:-AMN----
01240614	Matt.24.6	ἀλλ’	alla	C-:--------
01240615	Matt.24.6	οὔπω	oupō	D-:--------
01240616	Matt.24.6	ἐστὶν	eimi	V-:3PAI-S--
01240617	Matt.24.6	τὸ	ho	RA:----NSN-
01240618	Matt.24.6	τέλος	telos	N-:----NSN-
01240701	Matt.24.7	ἐγερθήσεται	egeirō	V-:3FPI-S--
01240702	Matt.24.7	γὰρ	gar	C-:--------
01240703	Matt.24.7	ἔθνος	ethnos	N-:----NSN-
01240704	Matt.24.7	ἐπὶ	epi	P-:--------
01240705	Matt.24.7	ἔθνος	ethnos	N-:----ASN-
01240706	Matt.24.7	καὶ	kai	C-:--------
01240707	Matt.24.7	βασιλεία	basileia	N-:----NSF-
01240708	Matt.24.7	ἐπὶ	epi	P-:--------
01240709	Matt.24.7	βασιλείαν	basileia	N-:----ASF-
01240710	Matt.24.7	καὶ	kai	C-:--------
01240711	Matt.24.7	ἔσονται	eimi	V-:3FMI-P--
01240712	Matt.24.7	λιμοὶ	limos	N-:----NPM-
01240713	Matt.24.7	καὶ	kai	C-:--------
01240714	Matt.24.7	σεισμοὶ	seismos	N-:----NPM-
01240715	Matt.24.7	κατὰ	kata	P-:--------
01240716	Matt.24.7	τόπους	topos	N-:----APM-
01240801	Matt.24.8	πάντα	pas	A-:----NPN-
01240802	Matt.24.8	δὲ	de	C-:--------
01240803	Matt.24.8	ταῦτα	houtos	RD:----NPN-
01240804	Matt.24.8	ἀρχὴ	archē	N-:----NSF-
01240805	Matt.24.8	ὠδίνων	ōdin	N-:----GPF-
01240901	Matt.24.9	Τότε	tote	D-:--------
01240902	Matt.24.9	παραδώσουσιν	paradidōmi	V-:3FAI-P--
01240903	Matt.24.9	ὑμᾶς	sy	RP:----AP--
01240904	Matt.24.9	εἰς	eis	P-:--------
01240905	Matt.24.9	θλῖψιν	thlipsis	N-:----ASF-
01240906	Matt.24.9	καὶ	kai	C-:--------
01240907	Matt.24.9	ἀποκτενοῦσιν	apokteinō	V-:3FAI-P--
01240908	Matt.24.9	ὑμᾶς	sy	RP:----AP--
01240909	Matt.24.9	καὶ	kai	C-:--------
01240910	Matt.24.9	ἔσεσθε	eimi	V-:2FMI-P--
01240911	Matt.24.9	μισούμενοι	miseō	V-:-PPPNPM-
01240912	Matt.24.9	ὑπὸ	hypo	P-:--------
01240913	Matt.24.9	πάντων	pas	A-:----GPN-
01240914	Matt.24.9	τῶν	ho	RA:----GPN-
01240915	Matt.24.9	ἐθνῶν	ethnos	N-:----GPN-
01240916	Matt.24.9	διὰ	dia	P-:--------
01240917	Matt.24.9	τὸ	ho	RA:----ASN-
01240918	Matt.24.9	ὄνομά	onoma	N-:----ASN-
01240919	Matt.24.9	μου	egō	RP:----GS--
01241001	Matt.24.10	καὶ	kai	C-:--------
01241002	Matt.24.10	τότε	tote	D-:--------
01241003	Matt.24.10	σκανδαλισθήσονται	skandalizō	V-:3FPI-P--
01241004	Matt.24.10	πολλοὶ	polys	A-:----NPM-
01241005	Matt.24.10	καὶ	kai	C-:--------
01241006	Matt.24.10	ἀλλήλους	allēlōn	RP:----APM-
01241007	Matt.24.10	παραδώσουσιν	paradidōmi	V-:3FAI-P--
01241008	Matt.24.10	καὶ	kai	C-:--------
01241009	Matt.24.10	μισήσουσιν	miseō	V-:3FAI-P--
01241010	Matt.24.10	ἀλλήλους	allēlōn	RP:----APM-
01241101	Matt.24.11	καὶ	kai	C-:--------
01241102	Matt.24.11	πολλοὶ	polys	A-:----NPM-
01241103	Matt.24.11	ψευδοπροφῆται	pseudoprophētēs	N-:----NPM-
01241104	Matt.24.11	ἐγερθήσονται	egeirō	V-:3FPI-P--
01241105	Matt.24.11	καὶ	kai	C-:--------
01241106	Matt.24.11	πλανήσουσιν	planaō	V-:3FAI-P--
01241107	Matt.24.11	πολλούς	polys	A-:----APM-
01241201	Matt.24.12	καὶ	kai	C-:--------
01241202	Matt.24.12	διὰ	dia	P-:--------
01241203	Matt.24.12	τὸ	ho	RA:----ASN-
01241204	Matt.24.12	πληθυνθῆναι	plēthynō	V-:-APN----
01241205	Matt.24.12	τὴν	ho	RA:----ASF-
01241206	Matt.24.12	ἀνομίαν	anomia	N-:----ASF-
01241207	Matt.24.12	ψυγήσεται	psychomai	V-:3FPI-S--
01241208	Matt.24.12	ἡ	ho	RA:----NSF-
01241209	Matt.24.12	ἀγάπη	agapē	N-:----NSF-
01241210	Matt.24.12	τῶν	ho	RA:----GPM-
01241211	Matt.24.12	πολλῶν	polys	A-:----GPM-
01241301	Matt.24.13	ὁ	ho	RA:----NSM-
01241302	Matt.24.13	δὲ	de	C-:--------
01241303	Matt.24.13	ὑπομείνας	hypomenō	V-:-AAPNSM-
01241304	Matt.24.13	εἰς	eis	P-:--------
01241305	Matt.24.13	τέλος	telos	N-:----ASN-
01241306	Matt.24.13	οὗτος	houtos	RD:----NSM-
01241307	Matt.24.13	σωθήσεται	sōzō	V-:3FPI-S--
01241401	Matt.24.14	καὶ	kai	C-:--------
01241402	Matt.24.14	κηρυχθήσεται	kēryssō	V-:3FPI-S--
01241403	Matt.24.14	τοῦτο	houtos	RD:----NSN-
01241404	Matt.24.14	τὸ	ho	RA:----NSN-
01241405	Matt.24.14	εὐαγγέλιον	euangelion	N-:----NSN-
01241406	Matt.24.14	τῆς	ho	RA:----GSF-
01241407	Matt.24.14	βασιλείας	basileia	N-:----GSF-
01241408	Matt.24.14	ἐν	en	P-:--------
01241409	Matt.24.14	ὅλῃ	holos	A-:----DSF-
01241410	Matt.24.14	τῇ	ho	RA:----DSF-
01241411	Matt.24.14	οἰκουμένῃ	oikoumenē	N-:----DSF-
01241412	Matt.24.14	εἰς	eis	P-:--------
01241413	Matt.24.14	μαρτύριον	martyrion	N-:----ASN-
01241414	Matt.24.14	πᾶσιν	pas	A-:----DPN-
01241415	Matt.24.14	τοῖς	ho	RA:----DPN-
01241416	Matt.24.14	ἔθνεσιν	ethnos	N-:----DPN-
01241417	Matt.24.14	καὶ	kai	C-:--------
01241418	Matt.24.14	τότε	tote	D-:--------
01241419	Matt.24.14	ἥξει	hēkō	V-:3FAI-S--
01241420	Matt.24.14	τὸ	ho	RA:----NSN-
01241421	Matt.24.14	τέλος	telos	N-:----NSN-
01241501	Matt.24.15	Ὅταν	hotan	C-:--------
01241502	Matt.24.15	οὖν	oun	C-:--------
01241503	Matt.24.15	ἴδητε	horaō	V-:2AAS-P--
01241504	Matt.24.15	τὸ	ho	RA:----ASN-
01241505	Matt.24.15	βδέλυγμα	bdelygma	N-:----ASN-
01241506	Matt.24.15	τῆς	ho	RA:----GSF-
01241507	Matt.24.15	ἐρημώσεως	erēmōsis	N-:----GSF-
01241508	Matt.24.15	τὸ	ho	RA:----ASN-
01241509	Matt.24.15	ῥηθὲν	legō	V-:-APPASN-
01241510	Matt.24.15	διὰ	dia	P-:--------
01241511	Matt.24.15	Δανιὴλ	daniēl	N-:----GSM-
01241512	Matt.24.15	τοῦ	ho	RA:----GSM-
01241513	Matt.24.15	προφήτου	prophētēs	N-:----GSM-
01241514	Matt.24.15	ἑστὸς	histēmi	V-:-XAPASN-
01241515	Matt.24.15	ἐν	en	P-:--------
01241516	Matt.24.15	τόπῳ	topos	N-:----DSM-
01241517	Matt.24.15	ἁγίῳ	hagios	A-:----DSM-
01241518	Matt.24.15	ὁ	ho	RA:----NSM-
01241519	Matt.24.15	ἀναγινώσκων	anaginōskō	V-:-PAPNSM-
01241520	Matt.24.15	νοείτω	noeō	V-:3PAD-S--
01241601	Matt.24.16	τότε	tote	D-:--------
01241602	Matt.24.16	οἱ	ho	RA:----NPM-
01241603	Matt.24.16	ἐν	en	P-:--------
01241604	Matt.24.16	τῇ	ho	RA:----DSF-
01241605	Matt.24.16	Ἰουδαίᾳ	ioudaia	N-:----DSF-
01241606	Matt.24.16	φευγέτωσαν	pheugō	V-:3PAD-P--
01241607	Matt.24.16	ἐπὶ	epi	P-:--------
01241608	Matt.24.16	τὰ	ho	RA:----APN-
01241609	Matt.24.16	ὄρη	oros	N-:----APN-
01241701	Matt.24.17	ὁ	ho	RA:----NSM-
01241702	Matt.24.17	ἐπὶ	epi	P-:--------
01241703	Matt.24.17	τοῦ	ho	RA:----GSN-
01241704	Matt.24.17	δώματος	dōma	N-:----GSN-
01241705	Matt.24.17	μὴ	mē	D-:--------
01241706	Matt.24.17	καταβάτω	katabainō	V-:3AAD-S--
01241707	Matt.24.17	ἆραι	airō	V-:-AAN----
01241708	Matt.24.17	τὰ	ho	RA:----APN-
01241709	Matt.24.17	ἐκ	ek	P-:--------
01241710	Matt.24.17	τῆς	ho	RA:----GSF-
01241711	Matt.24.17	οἰκίας	oikia	N-:----GSF-
01241712	Matt.24.17	αὐτοῦ	autos	RP:----GSM-
01241801	Matt.24.18	καὶ	kai	C-:--------
01241802	Matt.24.18	ὁ	ho	RA:----NSM-
01241803	Matt.24.18	ἐν	en	P-:--------
01241804	Matt.24.18	τῷ	ho	RA:----DSM-
01241805	Matt.24.18	ἀγρῷ	agros	N-:----DSM-
01241806	Matt.24.18	μὴ	mē	D-:--------
01241807	Matt.24.18	ἐπιστρεψάτω	epistrephō	V-:3AAD-S--
01241808	Matt.24.18	ὀπίσω	opisō	D-:--------
01241809	Matt.24.18	ἆραι	airō	V-:-AAN----
01241810	Matt.24.18	τὸ	ho	RA:----ASN-
01241811	Matt.24.18	ἱμάτιον	himation	N-:----ASN-
01241812	Matt.24.18	αὐτοῦ	autos	RP:----GSM-
01241901	Matt.24.19	οὐαὶ	ouai	X-:--------
01241902	Matt.24.19	δὲ	de	C-:--------
01241903	Matt.24.19	ταῖς	ho	RA:----DPF-
01241904	Matt.24.19	ἐν	en	P-:--------
01241905	Matt.24.19	γαστρὶ	gastēr	N-:----DSF-
01241906	Matt.24.19	ἐχούσαις	echō	V-:-PAPDPF-
01241907	Matt.24.19	καὶ	kai	C-:--------
01241908	Matt.24.19	ταῖς	ho	RA:----DPF-
01241909	Matt.24.19	θηλαζούσαις	thēlazō	V-:-PAPDPF-
01241910	Matt.24.19	ἐν	en	P-:--------
01241911	Matt.24.19	ἐκείναις	ekeinos	RD:----DPF-
01241912	Matt.24.19	ταῖς	ho	RA:----DPF-
01241913	Matt.24.19	ἡμέραις	hēmera	N-:----DPF-
01242001	Matt.24.20	προσεύχεσθε	proseuchomai	V-:2PMD-P--
01242002	Matt.24.20	δὲ	de	C-:--------
01242003	Matt.24.20	ἵνα	hina	C-:--------
01242004	Matt.24.20	μὴ	mē	D-:--------
01242005	Matt.24.20	γένηται	ginomai	V-:3AMS-S--
01242006	Matt.24.20	ἡ	ho	RA:----NSF-
01242007	Matt.24.20	φυγὴ	phygē	N-:----NSF-
01242008	Matt.24.20	ὑμῶν	sy	RP:----GP--
01242009	Matt.24.20	χειμῶνος	cheimōn	N-:----GSM-
01242010	Matt.24.20	μηδὲ	mēde	C-:--------
01242011	Matt.24.20	σαββάτῳ	sabbaton	N-:----DSN-
01242101	Matt.24.21	ἔσται	eimi	V-:3FMI-S--
01242102	Matt.24.21	γὰρ	gar	C-:--------
01242103	Matt.24.21	τότε	tote	D-:--------
01242104	Matt.24.21	θλῖψις	thlipsis	N-:----NSF-
01242105	Matt.24.21	μεγάλη	megas	A-:----NSF-
01242106	Matt.24.21	οἵα	hoios	RR:----NSF-
01242107	Matt.24.21	οὐ	ou	D-:--------
01242108	Matt.24.21	γέγονεν	ginomai	V-:3XAI-S--
01242109	Matt.24.21	ἀπ’	apo	P-:--------
01242110	Matt.24.21	ἀρχῆς	archē	N-:----GSF-
01242111	Matt.24.21	κόσμου	kosmos	N-:----GSM-
01242112	Matt.24.21	ἕως	heōs	P-:--------
01242113	Matt.24.21	τοῦ	ho	RA:----GSM-
01242114	Matt.24.21	νῦν	nyn	D-:--------
01242115	Matt.24.21	οὐδ’	oude	C-:--------
01242116	Matt.24.21	οὐ	ou	D-:--------
01242117	Matt.24.21	μὴ	mē	D-:--------
01242118	Matt.24.21	γένηται	ginomai	V-:3AMS-S--
01242201	Matt.24.22	καὶ	kai	C-:--------
01242202	Matt.24.22	εἰ	ei	C-:--------
01242203	Matt.24.22	μὴ	mē	D-:--------
01242204	Matt.24.22	ἐκολοβώθησαν	koloboō	V-:3API-P--
01242205	Matt.24.22	αἱ	ho	RA:----NPF-
01242206	Matt.24.22	ἡμέραι	hēmera	N-:----NPF-
01242207	Matt.24.22	ἐκεῖναι	ekeinos	RD:----NPF-
01242208	Matt.24.22	οὐκ	ou	D-:--------
01242209	Matt.24.22	ἂν	an	X-:--------
01242210	Matt.24.22	ἐσώθη	sōzō	V-:3API-S--
01242211	Matt.24.22	πᾶσα	pas	A-:----NSF-
01242212	Matt.24.22	σάρξ	sarx	N-:----NSF-
01242213	Matt.24.22	διὰ	dia	P-:--------
01242214	Matt.24.22	δὲ	de	C-:--------
01242215	Matt.24.22	τοὺς	ho	RA:----APM-
01242216	Matt.24.22	ἐκλεκτοὺς	eklektos	A-:----APM-
01242217	Matt.24.22	κολοβωθήσονται	koloboō	V-:3FPI-P--
01242218	Matt.24.22	αἱ	ho	RA:----NPF-
01242219	Matt.24.22	ἡμέραι	hēmera	N-:----NPF-
01242220	Matt.24.22	ἐκεῖναι	ekeinos	RD:----NPF-
01242301	Matt.24.23	τότε	tote	D-:--------
01242302	Matt.24.23	ἐάν	ean	C-:--------
01242303	Matt.24.23	τις	tis2	RI:----NSM-
01242304	Matt.24.23	ὑμῖν	sy	RP:----DP--
01242305	Matt.24.23	εἴπῃ	legō	V-:3AAS-S--
01242306	Matt.24.23	Ἰδοὺ	idou	X-:--------
01242307	Matt.24.23	ὧδε	hōde	D-:--------
01242308	Matt.24.23	ὁ	ho	RA:----NSM-
01242309	Matt.24.23	χριστός	christos	N-:----NSM-
01242310	Matt.24.23	ἤ	ē	C-:--------
01242311	Matt.24.23	Ὧδε	hōde	D-:--------
01242312	Matt.24.23	μὴ	mē	D-:--------
01242313	Matt.24.23	πιστεύσητε	pisteuō	V-:2AAS-P--
01242401	Matt.24.24	ἐγερθήσονται	egeirō	V-:3FPI-P--
01242402	Matt.24.24	γὰρ	gar	C-:--------
01242403	Matt.24.24	ψευδόχριστοι	pseudochristos	N-:----NPM-
01242404	Matt.24.24	καὶ	kai	C-:--------
01242405	Matt.24.24	ψευδοπροφῆται	pseudoprophētēs	N-:----NPM-
01242406	Matt.24.24	καὶ	kai	C-:--------
01242407	Matt.24.24	δώσουσιν	didōmi	V-:3FAI-P--
01242408	Matt.24.24	σημεῖα	sēmeion	N-:----APN-
01242409	Matt.24.24	μεγάλα	megas	A-:----APN-
01242410	Matt.24.24	καὶ	kai	C-:--------
01242411	Matt.24.24	τέρατα	teras	N-:----APN-
01242412	Matt.24.24	ὥστε	hōste	C-:--------
01242413	Matt.24.24	πλανῆσαι	planaō	V-:-AAN----
01242414	Matt.24.24	εἰ	ei	C-:--------
01242415	Matt.24.24	δυνατὸν	dynatos	A-:----NSN-
01242416	Matt.24.24	καὶ	kai	D-:--------
01242417	Matt.24.24	τοὺς	ho	RA:----APM-
01242418	Matt.24.24	ἐκλεκτούς	eklektos	A-:----APM-
01242501	Matt.24.25	ἰδοὺ	idou	X-:--------
01242502	Matt.24.25	προείρηκα	prolegō	V-:1XAI-S--
01242503	Matt.24.25	ὑμῖν	sy	RP:----DP--
01242601	Matt.24.26	ἐὰν	ean	C-:--------
01242602	Matt.24.26	οὖν	oun	C-:--------
01242603	Matt.24.26	εἴπωσιν	legō	V-:3AAS-P--
01242604	Matt.24.26	ὑμῖν	sy	RP:----DP--
01242605	Matt.24.26	Ἰδοὺ	idou	X-:--------
01242606	Matt.24.26	ἐν	en	P-:--------
01242607	Matt.24.26	τῇ	ho	RA:----DSF-
01242608	Matt.24.26	ἐρήμῳ	erēmos	A-:----DSF-
01242609	Matt.24.26	ἐστίν	eimi	V-:3PAI-S--
01242610	Matt.24.26	μὴ	mē	D-:--------
01242611	Matt.24.26	ἐξέλθητε	exerchomai	V-:2AAS-P--
01242612	Matt.24.26	Ἰδοὺ	idou	X-:--------
01242613	Matt.24.26	ἐν	en	P-:--------
01242614	Matt.24.26	τοῖς	ho	RA:----DPN-
01242615	Matt.24.26	ταμείοις	tameion	N-:----DPN-
01242616	Matt.24.26	μὴ	mē	D-:--------
01242617	Matt.24.26	πιστεύσητε	pisteuō	V-:2AAS-P--
01242701	Matt.24.27	ὥσπερ	hōsper	C-:--------
01242702	Matt.24.27	γὰρ	gar	C-:--------
01242703	Matt.24.27	ἡ	ho	RA:----NSF-
01242704	Matt.24.27	ἀστραπὴ	astrapē	N-:----NSF-
01242705	Matt.24.27	ἐξέρχεται	exerchomai	V-:3PMI-S--
01242706	Matt.24.27	ἀπὸ	apo	P-:--------
01242707	Matt.24.27	ἀνατολῶν	anatolē	N-:----GPF-
01242708	Matt.24.27	καὶ	kai	C-:--------
01242709	Matt.24.27	φαίνεται	phainō	V-:3PMI-S--
01242710	Matt.24.27	ἕως	heōs	P-:--------
01242711	Matt.24.27	δυσμῶν	dysmē	N-:----GPF-
01242712	Matt.24.27	οὕτως	houtō(s)	D-:--------
01242713	Matt.24.27	ἔσται	eimi	V-:3FMI-S--
01242714	Matt.24.27	ἡ	ho	RA:----NSF-
01242715	Matt.24.27	παρουσία	parousia	N-:----NSF-
01242716	Matt.24.27	τοῦ	ho	RA:----GSM-
01242717	Matt.24.27	υἱοῦ	huios	N-:----GSM-
01242718	Matt.24.27	τοῦ	ho	RA:----GSM-
01242719	Matt.24.27	ἀνθρώπου	anthrōpos	N-:----GSM-
01242801	Matt.24.28	ὅπου	hopou	C-:--------
01242802	Matt.24.28	ἐὰν	ean	X-:--------
01242803	Matt.24.28	ᾖ	eimi	V-:3PAS-S--
01242804	Matt.24.28	τὸ	ho	RA:----NSN-
01242805	Matt.24.28	πτῶμα	ptōma	N-:----NSN-
01242806	Matt.24.28	ἐκεῖ	ekei	D-:--------
01242807	Matt.24.28	συναχθήσονται	synagō	V-:3FPI-P--
01242808	Matt.24.28	οἱ	ho	RA:----NPM-
01242809	Matt.24.28	ἀετοί	aetos	N-:----NPM-
01242901	Matt.24.29	Εὐθέως	eutheōs	D-:--------
01242902	Matt.24.29	δὲ	de	C-:--------
01242903	Matt.24.29	μετὰ	meta	P-:--------
01242904	Matt.24.29	τὴν	ho	RA:----ASF-
01242905	Matt.24.29	θλῖψιν	thlipsis	N-:----ASF-
01242906	Matt.24.29	τῶν	ho	RA:----GPF-
01242907	Matt.24.29	ἡμερῶν	hēmera	N-:----GPF-
01242908	Matt.24.29	ἐκείνων	ekeinos	RD:----GPF-
01242909	Matt.24.29	ὁ	ho	RA:----NSM-
01242910	Matt.24.29	ἥλιος	hēlios	N-:----NSM-
01242911	Matt.24.29	σκοτισθήσεται	skotizomai	V-:3FPI-S--
01242912	Matt.24.29	καὶ	kai	C-:--------
01242913	Matt.24.29	ἡ	ho	RA:----NSF-
01242914	Matt.24.29	σελήνη	selēnē	N-:----NSF-
01242915	Matt.24.29	οὐ	ou	D-:--------
01242916	Matt.24.29	δώσει	didōmi	V-:3FAI-S--
01242917	Matt.24.29	τὸ	ho	RA:----ASN-
01242918	Matt.24.29	φέγγος	phengos	N-:----ASN-
01242919	Matt.24.29	αὐτῆς	autos	RP:----GSF-
01242920	Matt.24.29	καὶ	kai	C-:--------
01242921	Matt.24.29	οἱ	ho	RA:----NPM-
01242922	Matt.24.29	ἀστέρες	astēr	N-:----NPM-
01242923	Matt.24.29	πεσοῦνται	piptō	V-:3FMI-P--
01242924	Matt.24.29	ἀπὸ	apo	P-:--------
01242925	Matt.24.29	τοῦ	ho	RA:----GSM-
01242926	Matt.24.29	οὐρανοῦ	ouranos	N-:----GSM-
01242927	Matt.24.29	καὶ	kai	C-:--------
01242928	Matt.24.29	αἱ	ho	RA:----NPF-
01242929	Matt.24.29	δυνάμεις	dynamis	N-:----NPF-
01242930	Matt.24.29	τῶν	ho	RA:----GPM-
01242931	Matt.24.29	οὐρανῶν	ouranos	N-:----GPM-
01242932	Matt.24.29	σαλευθήσονται	saleuō	V-:3FPI-P--
01243001	Matt.24.30	καὶ	kai	C-:--------
01243002	Matt.24.30	τότε	tote	D-:--------
01243003	Matt.24.30	φανήσεται	phainō	V-:3FPI-S--
01243004	Matt.24.30	τὸ	ho	RA:----NSN-
01243005	Matt.24.30	σημεῖον	sēmeion	N-:----NSN-
01243006	Matt.24.30	τοῦ	ho	RA:----GSM-
01243007	Matt.24.30	υἱοῦ	huios	N-:----GSM-
01243008	Matt.24.30	τοῦ	ho	RA:----GSM-
01243009	Matt.24.30	ἀνθρώπου	anthrōpos	N-:----GSM-
01243010	Matt.24.30	ἐν	en	P-:--------
01243011	Matt.24.30	τῷ	ho	RA:----DSM-
01243012	Matt.24.30	οὐρανῷ	ouranos	N-:----DSM-
01243013	Matt.24.30	καὶ	kai	C-:--------
01243014	Matt.24.30	τότε	tote	D-:--------
01243015	Matt.24.30	κόψονται	koptō	V-:3FMI-P--
01243016	Matt.24.30	πᾶσαι	pas	A-:----NPF-
01243017	Matt.24.30	αἱ	ho	RA:----NPF-
01243018	Matt.24.30	φυλαὶ	phylē	N-:----NPF-
01243019	Matt.24.30	τῆς	ho	RA:----GSF-
01243020	Matt.24.30	γῆς	gē	N-:----GSF-
01243021	Matt.24.30	καὶ	kai	C-:--------
01243022	Matt.24.30	ὄψονται	horaō	V-:3FMI-P--
01243023	Matt.24.30	τὸν	ho	RA:----ASM-
01243024	Matt.24.30	υἱὸν	huios	N-:----ASM-
01243025	Matt.24.30	τοῦ	ho	RA:----GSM-
01243026	Matt.24.30	ἀνθρώπου	anthrōpos	N-:----GSM-
01243027	Matt.24.30	ἐρχόμενον	erchomai	V-:-PMPASM-
01243028	Matt.24.30	ἐπὶ	epi	P-:--------
01243029	Matt.24.30	τῶν	ho	RA:----GPF-
01243030	Matt.24.30	νεφελῶν	nephelē	N-:----GPF-
01243031	Matt.24.30	τοῦ	ho	RA:----GSM-
01243032	Matt.24.30	οὐρανοῦ	ouranos	N-:----GSM-
01243033	Matt.24.30	μετὰ	meta	P-:--------
01243034	Matt.24.30	δυνάμεως	dynamis	N-:----GSF-
01243035	Matt.24.30	καὶ	kai	C-:--------
01243036	Matt.24.30	δόξης	doxa	N-:----GSF-
01243037	Matt.24.30	πολλῆς	polys	A-:----GSF-
01243101	Matt.24.31	καὶ	kai	C-:--------
01243102	Matt.24.31	ἀποστελεῖ	apostellō	V-:3FAI-S--
01243103	Matt.24.31	τοὺς	ho	RA:----APM-
01243104	Matt.24.31	ἀγγέλους	angelos	N-:----APM-
01243105	Matt.24.31	αὐτοῦ	autos	RP:----GSM-
01243106	Matt.24.31	μετὰ	meta	P-:--------
01243107	Matt.24.31	σάλπιγγος	salpinx	N-:----GSF-
01243108	Matt.24.31	μεγάλης	megas	A-:----GSF-
01243109	Matt.24.31	καὶ	kai	C-:--------
01243110	Matt.24.31	ἐπισυνάξουσιν	episynagō	V-:3FAI-P--
01243111	Matt.24.31	τοὺς	ho	RA:----APM-
01243112	Matt.24.31	ἐκλεκτοὺς	eklektos	A-:----APM-
01243113	Matt.24.31	αὐτοῦ	autos	RP:----GSM-
01243114	Matt.24.31	ἐκ	ek	P-:--------
01243115	Matt.24.31	τῶν	ho	RA:----GPM-
01243116	Matt.24.31	τεσσάρων	tessares	A-:----GPM-
01243117	Matt.24.31	ἀνέμων	anemos	N-:----GPM-
01243118	Matt.24.31	ἀπ’	apo	P-:--------
01243119	Matt.24.31	ἄκρων	akron	N-:----GPN-
01243120	Matt.24.31	οὐρανῶν	ouranos	N-:----GPM-
01243121	Matt.24.31	ἕως	heōs	P-:--------
01243122	Matt.24.31	τῶν	ho	RA:----GPN-
01243123	Matt.24.31	ἄκρων	akron	N-:----GPN-
01243124	Matt.24.31	αὐτῶν	autos	RP:----GPM-
01243201	Matt.24.32	Ἀπὸ	apo	P-:--------
01243202	Matt.24.32	δὲ	de	C-:--------
01243203	Matt.24.32	τῆς	ho	RA:----GSF-
01243204	Matt.24.32	συκῆς	sykē	N-:----GSF-
01243205	Matt.24.32	μάθετε	manthanō	V-:2AAD-P--
01243206	Matt.24.32	τὴν	ho	RA:----ASF-
01243207	Matt.24.32	παραβολήν	parabolē	N-:----ASF-
01243208	Matt.24.32	ὅταν	hotan	C-:--------
01243209	Matt.24.32	ἤδη	ēdē	D-:--------
01243210	Matt.24.32	ὁ	ho	RA:----NSM-
01243211	Matt.24.32	κλάδος	klados	N-:----NSM-
01243212	Matt.24.32	αὐτῆς	autos	RP:----GSF-
01243213	Matt.24.32	γένηται	ginomai	V-:3AMS-S--
01243214	Matt.24.32	ἁπαλὸς	hapalos	A-:----NSM-
01243215	Matt.24.32	καὶ	kai	C-:--------
01243216	Matt.24.32	τὰ	ho	RA:----APN-
01243217	Matt.24.32	φύλλα	phyllon	N-:----APN-
01243218	Matt.24.32	ἐκφύῃ	ekphyō	V-:3PAS-S--
01243219	Matt.24.32	γινώσκετε	ginōskō	V-:2PAI-P--
01243220	Matt.24.32	ὅτι	hoti	C-:--------
01243221	Matt.24.32	ἐγγὺς	engys	D-:--------
01243222	Matt.24.32	τὸ	ho	RA:----NSN-
01243223	Matt.24.32	θέρος	theros	N-:----NSN-
01243301	Matt.24.33	οὕτως	houtō(s)	D-:--------
01243302	Matt.24.33	καὶ	kai	D-:--------
01243303	Matt.24.33	ὑμεῖς	sy	RP:----NP--
01243304	Matt.24.33	ὅταν	hotan	C-:--------
01243305	Matt.24.33	ἴδητε	horaō	V-:2AAS-P--
01243306	Matt.24.33	πάντα	pas	A-:----APN-
01243307	Matt.24.33	ταῦτα	houtos	RD:----APN-
01243308	Matt.24.33	γινώσκετε	ginōskō	V-:2PAI-P--
01243309	Matt.24.33	ὅτι	hoti	C-:--------
01243310	Matt.24.33	ἐγγύς	engys	D-:--------
01243311	Matt.24.33	ἐστιν	eimi	V-:3PAI-S--
01243312	Matt.24.33	ἐπὶ	epi	P-:--------
01243313	Matt.24.33	θύραις	thyra	N-:----DPF-
01243401	Matt.24.34	ἀμὴν	amēn	X-:--------
01243402	Matt.24.34	λέγω	legō	V-:1PAI-S--
01243403	Matt.24.34	ὑμῖν	sy	RP:----DP--
01243404	Matt.24.34	ὅτι	hoti	C-:--------
01243405	Matt.24.34	οὐ	ou	D-:--------
01243406	Matt.24.34	μὴ	mē	D-:--------
01243407	Matt.24.34	παρέλθῃ	parerchomai	V-:3AAS-S--
01243408	Matt.24.34	ἡ	ho	RA:----NSF-
01243409	Matt.24.34	γενεὰ	genea	N-:----NSF-
01243410	Matt.24.34	αὕτη	houtos	RD:----NSF-
01243411	Matt.24.34	ἕως	heōs	C-:--------
01243412	Matt.24.34	ἂν	an	X-:--------
01243413	Matt.24.34	πάντα	pas	A-:----NPN-
01243414	Matt.24.34	ταῦτα	houtos	RD:----NPN-
01243415	Matt.24.34	γένηται	ginomai	V-:3AMS-S--
01243501	Matt.24.35	ὁ	ho	RA:----NSM-
01243502	Matt.24.35	οὐρανὸς	ouranos	N-:----NSM-
01243503	Matt.24.35	καὶ	kai	C-:--------
01243504	Matt.24.35	ἡ	ho	RA:----NSF-
01243505	Matt.24.35	γῆ	gē	N-:----NSF-
01243506	Matt.24.35	παρελεύσεται	parerchomai	V-:3FMI-S--
01243507	Matt.24.35	οἱ	ho	RA:----NPM-
01243508	Matt.24.35	δὲ	de	C-:--------
01243509	Matt.24.35	λόγοι	logos	N-:----NPM-
01243510	Matt.24.35	μου	egō	RP:----GS--
01243511	Matt.24.35	οὐ	ou	D-:--------
01243512	Matt.24.35	μὴ	mē	D-:--------
01243513	Matt.24.35	παρέλθωσιν	parerchomai	V-:3AAS-P--
01243601	Matt.24.36	Περὶ	peri	P-:--------
01243602	Matt.24.36	δὲ	de	C-:--------
01243603	Matt.24.36	τῆς	ho	RA:----GSF-
01243604	Matt.24.36	ἡμέρας	hēmera	N-:----GSF-
01243605	Matt.24.36	ἐκείνης	ekeinos	RD:----GSF-
01243606	Matt.24.36	καὶ	kai	C-:--------
01243607	Matt.24.36	ὥρας	hōra	N-:----GSF-
01243608	Matt.24.36	οὐδεὶς	oudeis	A-:----NSM-
01243609	Matt.24.36	οἶδεν	oida	V-:3XAI-S--
01243610	Matt.24.36	οὐδὲ	oude	D-:--------
01243611	Matt.24.36	οἱ	ho	RA:----NPM-
01243612	Matt.24.36	ἄγγελοι	angelos	N-:----NPM-
01243613	Matt.24.36	τῶν	ho	RA:----GPM-
01243614	Matt.24.36	οὐρανῶν	ouranos	N-:----GPM-
01243615	Matt.24.36	οὐδὲ	oude	C-:--------
01243616	Matt.24.36	ὁ	ho	RA:----NSM-
01243617	Matt.24.36	υἱός	huios	N-:----NSM-
01243618	Matt.24.36	εἰ	ei	C-:--------
01243619	Matt.24.36	μὴ	mē	D-:--------
01243620	Matt.24.36	ὁ	ho	RA:----NSM-
01243621	Matt.24.36	πατὴρ	patēr	N-:----NSM-
01243622	Matt.24.36	μόνος	monos	A-:----NSM-
01243701	Matt.24.37	ὥσπερ	hōsper	C-:--------
01243702	Matt.24.37	γὰρ	gar	C-:--------
01243703	Matt.24.37	αἱ	ho	RA:----NPF-
01243704	Matt.24.37	ἡμέραι	hēmera	N-:----NPF-
01243705	Matt.24.37	τοῦ	ho	RA:----GSM-
01243706	Matt.24.37	Νῶε	nōe	N-:----GSM-
01243707	Matt.24.37	οὕτως	houtō(s)	D-:--------
01243708	Matt.24.37	ἔσται	eimi	V-:3FMI-S--
01243709	Matt.24.37	ἡ	ho	RA:----NSF-
01243710	Matt.24.37	παρουσία	parousia	N-:----NSF-
01243711	Matt.24.37	τοῦ	ho	RA:----GSM-
01243712	Matt.24.37	υἱοῦ	huios	N-:----GSM-
01243713	Matt.24.37	τοῦ	ho	RA:----GSM-
01243714	Matt.24.37	ἀνθρώπου	anthrōpos	N-:----GSM-
01243801	Matt.24.38	ὡς	hōs	C-:--------
01243802	Matt.24.38	γὰρ	gar	C-:--------
01243803	Matt.24.38	ἦσαν	eimi	V-:3IAI-P--
01243804	Matt.24.38	ἐν	en	P-:--------
01243805	Matt.24.38	ταῖς	ho	RA:----DPF-
01243806	Matt.24.38	ἡμέραις	hēmera	N-:----DPF-
01243807	Matt.24.38	ταῖς	ho	RA:----DPF-
01243808	Matt.24.38	πρὸ	pro	P-:--------
01243809	Matt.24.38	τοῦ	ho	RA:----GSM-
01243810	Matt.24.38	κατακλυσμοῦ	kataklysmos	N-:----GSM-
01243811	Matt.24.38	τρώγοντες	trōgō	V-:-PAPNPM-
01243812	Matt.24.38	καὶ	kai	C-:--------
01243813	Matt.24.38	πίνοντες	pinō	V-:-PAPNPM-
01243814	Matt.24.38	γαμοῦντες	gameō	V-:-PAPNPM-
01243815	Matt.24.38	καὶ	kai	C-:--------
01243816	Matt.24.38	γαμίζοντες	gamizō	V-:-PAPNPM-
01243817	Matt.24.38	ἄχρι	achri	P-:--------
01243818	Matt.24.38	ἧς	hos	RR:----GSF-
01243819	Matt.24.38	ἡμέρας	hēmera	N-:----GSF-
01243820	Matt.24.38	εἰσῆλθεν	eiserchomai	V-:3AAI-S--
01243821	Matt.24.38	Νῶε	nōe	N-:----NSM-
01243822	Matt.24.38	εἰς	eis	P-:--------
01243823	Matt.24.38	τὴν	ho	RA:----ASF-
01243824	Matt.24.38	κιβωτόν	kibōtos	N-:----ASF-
01243901	Matt.24.39	καὶ	kai	C-:--------
01243902	Matt.24.39	οὐκ	ou	D-:--------
01243903	Matt.24.39	ἔγνωσαν	ginōskō	V-:3AAI-P--
01243904	Matt.24.39	ἕως	heōs	C-:--------
01243905	Matt.24.39	ἦλθεν	erchomai	V-:3AAI-S--
01243906	Matt.24.39	ὁ	ho	RA:----NSM-
01243907	Matt.24.39	κατακλυσμὸς	kataklysmos	N-:----NSM-
01243908	Matt.24.39	καὶ	kai	C-:--------
01243909	Matt.24.39	ἦρεν	airō	V-:3AAI-S--
01243910	Matt.24.39	ἅπαντας	hapas	A-:----APM-
01243911	Matt.24.39	οὕτως	houtō(s)	D-:--------
01243912	Matt.24.39	ἔσται	eimi	V-:3FMI-S--
01243913	Matt.24.39	καὶ	kai	D-:--------
01243914	Matt.24.39	ἡ	ho	RA:----NSF-
01243915	Matt.24.39	παρουσία	parousia	N-:----NSF-
01243916	Matt.24.39	τοῦ	ho	RA:----GSM-
01243917	Matt.24.39	υἱοῦ	huios	N-:----GSM-
01243918	Matt.24.39	τοῦ	ho	RA:----GSM-
01243919	Matt.24.39	ἀνθρώπου	anthrōpos	N-:----GSM-
01244001	Matt.24.40	τότε	tote	D-:--------
01244002	Matt.24.40	δύο	dyo	A-:----NPM-
01244003	Matt.24.40	ἔσονται	eimi	V-:3FMI-P--
01244004	Matt.24.40	ἐν	en	P-:--------
01244005	Matt.24.40	τῷ	ho	RA:----DSM-
01244006	Matt.24.40	ἀγρῷ	agros	N-:----DSM-
01244007	Matt.24.40	εἷς	heis	A-:----NSM-
01244008	Matt.24.40	παραλαμβάνεται	paralambanō	V-:3PPI-S--
01244009	Matt.24.40	καὶ	kai	C-:--------
01244010	Matt.24.40	εἷς	heis	A-:----NSM-
01244011	Matt.24.40	ἀφίεται	aphiēmi	V-:3PPI-S--
01244101	Matt.24.41	δύο	dyo	A-:----NPF-
01244102	Matt.24.41	ἀλήθουσαι	alēthō	V-:-PAPNPF-
01244103	Matt.24.41	ἐν	en	P-:--------
01244104	Matt.24.41	τῷ	ho	RA:----DSM-
01244105	Matt.24.41	μύλῳ	mylos	N-:----DSM-
01244106	Matt.24.41	μία	heis	A-:----NSF-
01244107	Matt.24.41	παραλαμβάνεται	paralambanō	V-:3PPI-S--
01244108	Matt.24.41	καὶ	kai	C-:--------
01244109	Matt.24.41	μία	heis	A-:----NSF-
01244110	Matt.24.41	ἀφίεται	aphiēmi	V-:3PPI-S--
01244201	Matt.24.42	γρηγορεῖτε	grēgoreō	V-:2PAD-P--
01244202	Matt.24.42	οὖν	oun	C-:--------
01244203	Matt.24.42	ὅτι	hoti	C-:--------
01244204	Matt.24.42	οὐκ	ou	D-:--------
01244205	Matt.24.42	οἴδατε	oida	V-:2XAI-P--
01244206	Matt.24.42	ποίᾳ	poios	RI:----DSF-
01244207	Matt.24.42	ἡμέρᾳ	hēmera	N-:----DSF-
01244208	Matt.24.42	ὁ	ho	RA:----NSM-
01244209	Matt.24.42	κύριος	kyrios	N-:----NSM-
01244210	Matt.24.42	ὑμῶν	sy	RP:----GP--
01244211	Matt.24.42	ἔρχεται	erchomai	V-:3PMI-S--
01244301	Matt.24.43	ἐκεῖνο	ekeinos	RD:----ASN-
01244302	Matt.24.43	δὲ	de	C-:--------
01244303	Matt.24.43	γινώσκετε	ginōskō	V-:2PAD-P--
01244304	Matt.24.43	ὅτι	hoti	D-:--------
01244305	Matt.24.43	εἰ	ei	C-:--------
01244306	Matt.24.43	ᾔδει	oida	V-:3YAI-S--
01244307	Matt.24.43	ὁ	ho	RA:----NSM-
01244308	Matt.24.43	οἰκοδεσπότης	oikodespotēs	N-:----NSM-
01244309	Matt.24.43	ποίᾳ	poios	RI:----DSF-
01244310	Matt.24.43	φυλακῇ	phylakē	N-:----DSF-
01244311	Matt.24.43	ὁ	ho	RA:----NSM-
01244312	Matt.24.43	κλέπτης	kleptēs	N-:----NSM-
01244313	Matt.24.43	ἔρχεται	erchomai	V-:3PMI-S--
01244314	Matt.24.43	ἐγρηγόρησεν	grēgoreō	V-:3AAI-S--
01244315	Matt.24.43	ἂν	an	X-:--------
01244316	Matt.24.43	καὶ	kai	C-:--------
01244317	Matt.24.43	οὐκ	ou	D-:--------
01244318	Matt.24.43	ἂν	an	X-:--------
01244319	Matt.24.43	εἴασεν	eaō	V-:3AAI-S--
01244320	Matt.24.43	διορυχθῆναι	dioryssō	V-:-APN----
01244321	Matt.24.43	τὴν	ho	RA:----ASF-
01244322	Matt.24.43	οἰκίαν	oikia	N-:----ASF-
01244323	Matt.24.43	αὐτοῦ	autos	RP:----GSM-
01244401	Matt.24.44	διὰ	dia	P-:--------
01244402	Matt.24.44	τοῦτο	houtos	RD:----ASN-
01244403	Matt.24.44	καὶ	kai	D-:--------
01244404	Matt.24.44	ὑμεῖς	sy	RP:----NP--
01244405	Matt.24.44	γίνεσθε	ginomai	V-:2PMD-P--
01244406	Matt.24.44	ἕτοιμοι	hetoimos	A-:----NPM-
01244407	Matt.24.44	ὅτι	hoti	C-:--------
01244408	Matt.24.44	ᾗ	hos	RR:----DSF-
01244409	Matt.24.44	οὐ	ou	D-:--------
01244410	Matt.24.44	δοκεῖτε	dokeō	V-:2PAI-P--
01244411	Matt.24.44	ὥρᾳ	hōra	N-:----DSF-
01244412	Matt.24.44	ὁ	ho	RA:----NSM-
01244413	Matt.24.44	υἱὸς	huios	N-:----NSM-
01244414	Matt.24.44	τοῦ	ho	RA:----GSM-
01244415	Matt.24.44	ἀνθρώπου	anthrōpos	N-:----GSM-
01244416	Matt.24.44	ἔρχεται	erchomai	V-:3PMI-S--
01244501	Matt.24.45	Τίς	tis	RI:----NSM-
01244502	Matt.24.45	ἄρα	ara	C-:--------
01244503	Matt.24.45	ἐστὶν	eimi	V-:3PAI-S--
01244504	Matt.24.45	ὁ	ho	RA:----NSM-
01244505	Matt.24.45	πιστὸς	pistos	A-:----NSM-
01244506	Matt.24.45	δοῦλος	doulos	N-:----NSM-
01244507	Matt.24.45	καὶ	kai	C-:--------
01244508	Matt.24.45	φρόνιμος	phronimos	A-:----NSM-
01244509	Matt.24.45	ὃν	hos	RR:----ASM-
01244510	Matt.24.45	κατέστησεν	kathistēmi	V-:3AAI-S--
01244511	Matt.24.45	ὁ	ho	RA:----NSM-
01244512	Matt.24.45	κύριος	kyrios	N-:----NSM-
01244513	Matt.24.45	ἐπὶ	epi	P-:--------
01244514	Matt.24.45	τῆς	ho	RA:----GSF-
01244515	Matt.24.45	οἰκετείας	oiketeia	N-:----GSF-
01244516	Matt.24.45	αὐτοῦ	autos	RP:----GSM-
01244517	Matt.24.45	τοῦ	ho	RA:----GSN-
01244518	Matt.24.45	δοῦναι	didōmi	V-:-AAN----
01244519	Matt.24.45	αὐτοῖς	autos	RP:----DPM-
01244520	Matt.24.45	τὴν	ho	RA:----ASF-
01244521	Matt.24.45	τροφὴν	trophē	N-:----ASF-
01244522	Matt.24.45	ἐν	en	P-:--------
01244523	Matt.24.45	καιρῷ	kairos	N-:----DSM-
01244601	Matt.24.46	μακάριος	makarios	A-:----NSM-
01244602	Matt.24.46	ὁ	ho	RA:----NSM-
01244603	Matt.24.46	δοῦλος	doulos	N-:----NSM-
01244604	Matt.24.46	ἐκεῖνος	ekeinos	RD:----NSM-
01244605	Matt.24.46	ὃν	hos	RR:----ASM-
01244606	Matt.24.46	ἐλθὼν	erchomai	V-:-AAPNSM-
01244607	Matt.24.46	ὁ	ho	RA:----NSM-
01244608	Matt.24.46	κύριος	kyrios	N-:----NSM-
01244609	Matt.24.46	αὐτοῦ	autos	RP:----GSM-
01244610	Matt.24.46	εὑρήσει	heuriskō	V-:3FAI-S--
01244611	Matt.24.46	οὕτως	houtō(s)	D-:--------
01244612	Matt.24.46	ποιοῦντα	poieō	V-:-PAPASM-
01244701	Matt.24.47	ἀμὴν	amēn	X-:--------
01244702	Matt.24.47	λέγω	legō	V-:1PAI-S--
01244703	Matt.24.47	ὑμῖν	sy	RP:----DP--
01244704	Matt.24.47	ὅτι	hoti	C-:--------
01244705	Matt.24.47	ἐπὶ	epi	P-:--------
01244706	Matt.24.47	πᾶσιν	pas	A-:----DPN-
01244707	Matt.24.47	τοῖς	ho	RA:----DPN-
01244708	Matt.24.47	ὑπάρχουσιν	hyparchō	V-:-PAPDPN-
01244709	Matt.24.47	αὐτοῦ	autos	RP:----GSM-
01244710	Matt.24.47	καταστήσει	kathistēmi	V-:3FAI-S--
01244711	Matt.24.47	αὐτόν	autos	RP:----ASM-
01244801	Matt.24.48	ἐὰν	ean	C-:--------
01244802	Matt.24.48	δὲ	de	C-:--------
01244803	Matt.24.48	εἴπῃ	legō	V-:3AAS-S--
01244804	Matt.24.48	ὁ	ho	RA:----NSM-
01244805	Matt.24.48	κακὸς	kakos	A-:----NSM-
01244806	Matt.24.48	δοῦλος	doulos	N-:----NSM-
01244807	Matt.24.48	ἐκεῖνος	ekeinos	RD:----NSM-
01244808	Matt.24.48	ἐν	en	P-:--------
01244809	Matt.24.48	τῇ	ho	RA:----DSF-
01244810	Matt.24.48	καρδίᾳ	kardia	N-:----DSF-
01244811	Matt.24.48	αὐτοῦ	autos	RP:----GSM-
01244812	Matt.24.48	Χρονίζει	chronizō	V-:3PAI-S--
01244813	Matt.24.48	μου	egō	RP:----GS--
01244814	Matt.24.48	ὁ	ho	RA:----NSM-
01244815	Matt.24.48	κύριος	kyrios	N-:----NSM-
01244901	Matt.24.49	καὶ	kai	C-:--------
01244902	Matt.24.49	ἄρξηται	archō	V-:3AMS-S--
01244903	Matt.24.49	τύπτειν	typtō	V-:-PAN----
01244904	Matt.24.49	τοὺς	ho	RA:----APM-
01244905	Matt.24.49	συνδούλους	syndoulos	N-:----APM-
01244906	Matt.24.49	αὐτοῦ	autos	RP:----GSM-
01244907	Matt.24.49	ἐσθίῃ	esthiō	V-:3PAS-S--
01244908	Matt.24.49	δὲ	de	C-:--------
01244909	Matt.24.49	καὶ	kai	C-:--------
01244910	Matt.24.49	πίνῃ	pinō	V-:3PAS-S--
01244911	Matt.24.49	μετὰ	meta	P-:--------
01244912	Matt.24.49	τῶν	ho	RA:----GPM-
01244913	Matt.24.49	μεθυόντων	methyō	V-:-PAPGPM-
01245001	Matt.24.50	ἥξει	hēkō	V-:3FAI-S--
01245002	Matt.24.50	ὁ	ho	RA:----NSM-
01245003	Matt.24.50	κύριος	kyrios	N-:----NSM-
01245004	Matt.24.50	τοῦ	ho	RA:----GSM-
01245005	Matt.24.50	δούλου	doulos	N-:----GSM-
01245006	Matt.24.50	ἐκείνου	ekeinos	RD:----GSM-
01245007	Matt.24.50	ἐν	en	P-:--------
01245008	Matt.24.50	ἡμέρᾳ	hēmera	N-:----DSF-
01245009	Matt.24.50	ᾗ	hos	RR:----DSF-
01245010	Matt.24.50	οὐ	ou	D-:--------
01245011	Matt.24.50	προσδοκᾷ	prosdokaō	V-:3PAI-S--
01245012	Matt.24.50	καὶ	kai	C-:--------
01245013	Matt.24.50	ἐν	en	P-:--------
01245014	Matt.24.50	ὥρᾳ	hōra	N-:----DSF-
01245015	Matt.24.50	ᾗ	hos	RR:----DSF-
01245016	Matt.24.50	οὐ	ou	D-:--------
01245017	Matt.24.50	γινώσκει	ginōskō	V-:3PAI-S--
01245101	Matt.24.51	καὶ	kai	C-:--------
01245102	Matt.24.51	διχοτομήσει	dichotomeō	V-:3FAI-S--
01245103	Matt.24.51	αὐτὸν	autos	RP:----ASM-
01245104	Matt.24.51	καὶ	kai	C-:--------
01245105	Matt.24.51	τὸ	ho	RA:----ASN-
01245106	Matt.24.51	μέρος	meros	N-:----ASN-
01245107	Matt.24.51	αὐτοῦ	autos	RP:----GSM-
01245108	Matt.24.51	μετὰ	meta	P-:--------
01245109	Matt.24.51	τῶν	ho	RA:----GPM-
01245110	Matt.24.51	ὑποκριτῶν	hypokritēs	N-:----GPM-
01245111	Matt.24.51	θήσει	tithēmi	V-:3FAI-S--
01245112	Matt.24.51	ἐκεῖ	ekei	D-:--------
01245113	Matt.24.51	ἔσται	eimi	V-:3FMI-S--
01245114	Matt.24.51	ὁ	ho	RA:----NSM-
01245115	Matt.24.51	κλαυθμὸς	klauthmos	N-:----NSM-
01245116	Matt.24.51	καὶ	kai	C-:--------
01245117	Matt.24.51	ὁ	ho	RA:----NSM-
01245118	Matt.24.51	βρυγμὸς	brygmos	N-:----NSM-
01245119	Matt.24.51	τῶν	ho	RA:----GPM-
01245120	Matt.24.51	ὀδόντων	odous	N-:----GPM-
01250101	Matt.25.1	Τότε	tote	D-:--------
01250102	Matt.25.1	ὁμοιωθήσεται	homoioō	V-:3FPI-S--
01250103	Matt.25.1	ἡ	ho	RA:----NSF-
01250104	Matt.25.1	βασιλεία	basileia	N-:----NSF-
01250105	Matt.25.1	τῶν	ho	RA:----GPM-
01250106	Matt.25.1	οὐρανῶν	ouranos	N-:----GPM-
01250107	Matt.25.1	δέκα	deka	A-:----DPF-
01250108	Matt.25.1	παρθένοις	parthenos	N-:----DPF-
01250109	Matt.25.1	αἵτινες	hostis	RR:----NPF-
01250110	Matt.25.1	λαβοῦσαι	lambanō	V-:-AAPNPF-
01250111	Matt.25.1	τὰς	ho	RA:----APF-
01250112	Matt.25.1	λαμπάδας	lampas	N-:----APF-
01250113	Matt.25.1	ἑαυτῶν	heautou	RP:----GPF-
01250114	Matt.25.1	ἐξῆλθον	exerchomai	V-:3AAI-P--
01250115	Matt.25.1	εἰς	eis	P-:--------
01250116	Matt.25.1	ὑπάντησιν	hypantēsis	N-:----ASF-
01250117	Matt.25.1	τοῦ	ho	RA:----GSM-
01250118	Matt.25.1	νυμφίου	nymphios	N-:----GSM-
01250201	Matt.25.2	πέντε	pente	A-:----NPF-
01250202	Matt.25.2	δὲ	de	C-:--------
01250203	Matt.25.2	ἐξ	ek	P-:--------
01250204	Matt.25.2	αὐτῶν	autos	RP:----GPF-
01250205	Matt.25.2	ἦσαν	eimi	V-:3IAI-P--
01250206	Matt.25.2	μωραὶ	mōros	A-:----NPF-
01250207	Matt.25.2	καὶ	kai	C-:--------
01250208	Matt.25.2	πέντε	pente	A-:----NPF-
01250209	Matt.25.2	φρόνιμοι	phronimos	A-:----NPF-
01250301	Matt.25.3	αἱ	ho	RA:----NPF-
01250302	Matt.25.3	γὰρ	gar	C-:--------
01250303	Matt.25.3	μωραὶ	mōros	A-:----NPF-
01250304	Matt.25.3	λαβοῦσαι	lambanō	V-:-AAPNPF-
01250305	Matt.25.3	τὰς	ho	RA:----APF-
01250306	Matt.25.3	λαμπάδας	lampas	N-:----APF-
01250307	Matt.25.3	αὐτῶν	autos	RP:----GPF-
01250308	Matt.25.3	οὐκ	ou	D-:--------
01250309	Matt.25.3	ἔλαβον	lambanō	V-:3AAI-P--
01250310	Matt.25.3	μεθ’	meta	P-:--------
01250311	Matt.25.3	ἑαυτῶν	heautou	RP:----GPF-
01250312	Matt.25.3	ἔλαιον	elaion	N-:----ASN-
01250401	Matt.25.4	αἱ	ho	RA:----NPF-
01250402	Matt.25.4	δὲ	de	C-:--------
01250403	Matt.25.4	φρόνιμοι	phronimos	A-:----NPF-
01250404	Matt.25.4	ἔλαβον	lambanō	V-:3AAI-P--
01250405	Matt.25.4	ἔλαιον	elaion	N-:----ASN-
01250406	Matt.25.4	ἐν	en	P-:--------
01250407	Matt.25.4	τοῖς	ho	RA:----DPN-
01250408	Matt.25.4	ἀγγείοις	angeion	N-:----DPN-
01250409	Matt.25.4	μετὰ	meta	P-:--------
01250410	Matt.25.4	τῶν	ho	RA:----GPF-
01250411	Matt.25.4	λαμπάδων	lampas	N-:----GPF-
01250412	Matt.25.4	ἑαυτῶν	heautou	RP:----GPF-
01250501	Matt.25.5	χρονίζοντος	chronizō	V-:-PAPGSM-
01250502	Matt.25.5	δὲ	de	C-:--------
01250503	Matt.25.5	τοῦ	ho	RA:----GSM-
01250504	Matt.25.5	νυμφίου	nymphios	N-:----GSM-
01250505	Matt.25.5	ἐνύσταξαν	nystazō	V-:3AAI-P--
01250506	Matt.25.5	πᾶσαι	pas	A-:----NPF-
01250507	Matt.25.5	καὶ	kai	C-:--------
01250508	Matt.25.5	ἐκάθευδον	katheudō	V-:3IAI-P--
01250601	Matt.25.6	μέσης	mesos	A-:----GSF-
01250602	Matt.25.6	δὲ	de	C-:--------
01250603	Matt.25.6	νυκτὸς	nyx	N-:----GSF-
01250604	Matt.25.6	κραυγὴ	kraugē	N-:----NSF-
01250605	Matt.25.6	γέγονεν	ginomai	V-:3XAI-S--
01250606	Matt.25.6	Ἰδοὺ	idou	X-:--------
01250607	Matt.25.6	ὁ	ho	RA:----NSM-
01250608	Matt.25.6	νυμφίος	nymphios	N-:----NSM-
01250609	Matt.25.6	ἐξέρχεσθε	exerchomai	V-:2PMD-P--
01250610	Matt.25.6	εἰς	eis	P-:--------
01250611	Matt.25.6	ἀπάντησιν	apantēsis	N-:----ASF-
01250612	Matt.25.6	αὐτοῦ	autos	RP:----GSM-
01250701	Matt.25.7	τότε	tote	D-:--------
01250702	Matt.25.7	ἠγέρθησαν	egeirō	V-:3API-P--
01250703	Matt.25.7	πᾶσαι	pas	A-:----NPF-
01250704	Matt.25.7	αἱ	ho	RA:----NPF-
01250705	Matt.25.7	παρθένοι	parthenos	N-:----NPF-
01250706	Matt.25.7	ἐκεῖναι	ekeinos	RD:----NPF-
01250707	Matt.25.7	καὶ	kai	C-:--------
01250708	Matt.25.7	ἐκόσμησαν	kosmeō	V-:3AAI-P--
01250709	Matt.25.7	τὰς	ho	RA:----APF-
01250710	Matt.25.7	λαμπάδας	lampas	N-:----APF-
01250711	Matt.25.7	ἑαυτῶν	heautou	RP:----GPF-
01250801	Matt.25.8	αἱ	ho	RA:----NPF-
01250802	Matt.25.8	δὲ	de	C-:--------
01250803	Matt.25.8	μωραὶ	mōros	A-:----NPF-
01250804	Matt.25.8	ταῖς	ho	RA:----DPF-
01250805	Matt.25.8	φρονίμοις	phronimos	A-:----DPF-
01250806	Matt.25.8	εἶπαν	legō	V-:3AAI-P--
01250807	Matt.25.8	Δότε	didōmi	V-:2AAD-P--
01250808	Matt.25.8	ἡμῖν	egō	RP:----DP--
01250809	Matt.25.8	ἐκ	ek	P-:--------
01250810	Matt.25.8	τοῦ	ho	RA:----GSN-
01250811	Matt.25.8	ἐλαίου	elaion	N-:----GSN-
01250812	Matt.25.8	ὑμῶν	sy	RP:----GP--
01250813	Matt.25.8	ὅτι	hoti	C-:--------
01250814	Matt.25.8	αἱ	ho	RA:----NPF-
01250815	Matt.25.8	λαμπάδες	lampas	N-:----NPF-
01250816	Matt.25.8	ἡμῶν	egō	RP:----GP--
01250817	Matt.25.8	σβέννυνται	sbennymi	V-:3PPI-P--
01250901	Matt.25.9	ἀπεκρίθησαν	apokrinomai	V-:3API-P--
01250902	Matt.25.9	δὲ	de	C-:--------
01250903	Matt.25.9	αἱ	ho	RA:----NPF-
01250904	Matt.25.9	φρόνιμοι	phronimos	A-:----NPF-
01250905	Matt.25.9	λέγουσαι	legō	V-:-PAPNPF-
01250906	Matt.25.9	Μήποτε	mēpote	C-:--------
01250907	Matt.25.9	οὐ	ou	D-:--------
01250908	Matt.25.9	μὴ	mē	D-:--------
01250909	Matt.25.9	ἀρκέσῃ	arkeō	V-:3AAS-S--
01250910	Matt.25.9	ἡμῖν	egō	RP:----DP--
01250911	Matt.25.9	καὶ	kai	C-:--------
01250912	Matt.25.9	ὑμῖν	sy	RP:----DP--
01250913	Matt.25.9	πορεύεσθε	poreuomai	V-:2PMD-P--
01250914	Matt.25.9	μᾶλλον	mallon	D-:--------
01250915	Matt.25.9	πρὸς	pros	P-:--------
01250916	Matt.25.9	τοὺς	ho	RA:----APM-
01250917	Matt.25.9	πωλοῦντας	pōleō	V-:-PAPAPM-
01250918	Matt.25.9	καὶ	kai	C-:--------
01250919	Matt.25.9	ἀγοράσατε	agorazō	V-:2AAD-P--
01250920	Matt.25.9	ἑαυταῖς	heautou	RP:----DPF-
01251001	Matt.25.10	ἀπερχομένων	aperchomai	V-:-PMPGPF-
01251002	Matt.25.10	δὲ	de	C-:--------
01251003	Matt.25.10	αὐτῶν	autos	RP:----GPF-
01251004	Matt.25.10	ἀγοράσαι	agorazō	V-:-AAN----
01251005	Matt.25.10	ἦλθεν	erchomai	V-:3AAI-S--
01251006	Matt.25.10	ὁ	ho	RA:----NSM-
01251007	Matt.25.10	νυμφίος	nymphios	N-:----NSM-
01251008	Matt.25.10	καὶ	kai	C-:--------
01251009	Matt.25.10	αἱ	ho	RA:----NPF-
01251010	Matt.25.10	ἕτοιμοι	hetoimos	A-:----NPF-
01251011	Matt.25.10	εἰσῆλθον	eiserchomai	V-:3AAI-P--
01251012	Matt.25.10	μετ’	meta	P-:--------
01251013	Matt.25.10	αὐτοῦ	autos	RP:----GSM-
01251014	Matt.25.10	εἰς	eis	P-:--------
01251015	Matt.25.10	τοὺς	ho	RA:----APM-
01251016	Matt.25.10	γάμους	gamos	N-:----APM-
01251017	Matt.25.10	καὶ	kai	C-:--------
01251018	Matt.25.10	ἐκλείσθη	kleiō	V-:3API-S--
01251019	Matt.25.10	ἡ	ho	RA:----NSF-
01251020	Matt.25.10	θύρα	thyra	N-:----NSF-
01251101	Matt.25.11	ὕστερον	hysteros	A-:----ASNC
01251102	Matt.25.11	δὲ	de	C-:--------
01251103	Matt.25.11	ἔρχονται	erchomai	V-:3PMI-P--
01251104	Matt.25.11	καὶ	kai	D-:--------
01251105	Matt.25.11	αἱ	ho	RA:----NPF-
01251106	Matt.25.11	λοιπαὶ	loipos	A-:----NPF-
01251107	Matt.25.11	παρθένοι	parthenos	N-:----NPF-
01251108	Matt.25.11	λέγουσαι	legō	V-:-PAPNPF-
01251109	Matt.25.11	Κύριε	kyrios	N-:----VSM-
01251110	Matt.25.11	κύριε	kyrios	N-:----VSM-
01251111	Matt.25.11	ἄνοιξον	anoigō	V-:2AAD-S--
01251112	Matt.25.11	ἡμῖν	egō	RP:----DP--
01251201	Matt.25.12	ὁ	ho	RA:----NSM-
01251202	Matt.25.12	δὲ	de	C-:--------
01251203	Matt.25.12	ἀποκριθεὶς	apokrinomai	V-:-APPNSM-
01251204	Matt.25.12	εἶπεν	legō	V-:3AAI-S--
01251205	Matt.25.12	Ἀμὴν	amēn	X-:--------
01251206	Matt.25.12	λέγω	legō	V-:1PAI-S--
01251207	Matt.25.12	ὑμῖν	sy	RP:----DP--
01251208	Matt.25.12	οὐκ	ou	D-:--------
01251209	Matt.25.12	οἶδα	oida	V-:1XAI-S--
01251210	Matt.25.12	ὑμᾶς	sy	RP:----AP--
01251301	Matt.25.13	γρηγορεῖτε	grēgoreō	V-:2PAD-P--
01251302	Matt.25.13	οὖν	oun	C-:--------
01251303	Matt.25.13	ὅτι	hoti	C-:--------
01251304	Matt.25.13	οὐκ	ou	D-:--------
01251305	Matt.25.13	οἴδατε	oida	V-:2XAI-P--
01251306	Matt.25.13	τὴν	ho	RA:----ASF-
01251307	Matt.25.13	ἡμέραν	hēmera	N-:----ASF-
01251308	Matt.25.13	οὐδὲ	oude	C-:--------
01251309	Matt.25.13	τὴν	ho	RA:----ASF-
01251310	Matt.25.13	ὥραν	hōra	N-:----ASF-
01251401	Matt.25.14	Ὥσπερ	hōsper	C-:--------
01251402	Matt.25.14	γὰρ	gar	C-:--------
01251403	Matt.25.14	ἄνθρωπος	anthrōpos	N-:----NSM-
01251404	Matt.25.14	ἀποδημῶν	apodēmeō	V-:-PAPNSM-
01251405	Matt.25.14	ἐκάλεσεν	kaleō	V-:3AAI-S--
01251406	Matt.25.14	τοὺς	ho	RA:----APM-
01251407	Matt.25.14	ἰδίους	idios	A-:----APM-
01251408	Matt.25.14	δούλους	doulos	N-:----APM-
01251409	Matt.25.14	καὶ	kai	C-:--------
01251410	Matt.25.14	παρέδωκεν	paradidōmi	V-:3AAI-S--
01251411	Matt.25.14	αὐτοῖς	autos	RP:----DPM-
01251412	Matt.25.14	τὰ	ho	RA:----APN-
01251413	Matt.25.14	ὑπάρχοντα	hyparchō	V-:-PAPAPN-
01251414	Matt.25.14	αὐτοῦ	autos	RP:----GSM-
01251501	Matt.25.15	καὶ	kai	C-:--------
01251502	Matt.25.15	ᾧ	hos	RR:----DSM-
01251503	Matt.25.15	μὲν	men	C-:--------
01251504	Matt.25.15	ἔδωκεν	didōmi	V-:3AAI-S--
01251505	Matt.25.15	πέντε	pente	A-:----APN-
01251506	Matt.25.15	τάλαντα	talanton	N-:----APN-
01251507	Matt.25.15	ᾧ	hos	RR:----DSM-
01251508	Matt.25.15	δὲ	de	C-:--------
01251509	Matt.25.15	δύο	dyo	A-:----APN-
01251510	Matt.25.15	ᾧ	hos	RR:----DSM-
01251511	Matt.25.15	δὲ	de	C-:--------
01251512	Matt.25.15	ἕν	heis	A-:----ASN-
01251513	Matt.25.15	ἑκάστῳ	hekastos	A-:----DSM-
01251514	Matt.25.15	κατὰ	kata	P-:--------
01251515	Matt.25.15	τὴν	ho	RA:----ASF-
01251516	Matt.25.15	ἰδίαν	idios	A-:----ASF-
01251517	Matt.25.15	δύναμιν	dynamis	N-:----ASF-
01251518	Matt.25.15	καὶ	kai	C-:--------
01251519	Matt.25.15	ἀπεδήμησεν	apodēmeō	V-:3AAI-S--
01251520	Matt.25.15	εὐθέως	eutheōs	D-:--------
01251601	Matt.25.16	πορευθεὶς	poreuomai	V-:-APPNSM-
01251602	Matt.25.16	ὁ	ho	RA:----NSM-
01251603	Matt.25.16	τὰ	ho	RA:----APN-
01251604	Matt.25.16	πέντε	pente	A-:----APN-
01251605	Matt.25.16	τάλαντα	talanton	N-:----APN-
01251606	Matt.25.16	λαβὼν	lambanō	V-:-AAPNSM-
01251607	Matt.25.16	ἠργάσατο	ergazomai	V-:3AMI-S--
01251608	Matt.25.16	ἐν	en	P-:--------
01251609	Matt.25.16	αὐτοῖς	autos	RP:----DPN-
01251610	Matt.25.16	καὶ	kai	C-:--------
01251611	Matt.25.16	ἐκέρδησεν	kerdainō	V-:3AAI-S--
01251612	Matt.25.16	ἄλλα	allos	A-:----APN-
01251613	Matt.25.16	πέντε	pente	A-:----APN-
01251701	Matt.25.17	ὡσαύτως	hōsautōs	D-:--------
01251702	Matt.25.17	ὁ	ho	RA:----NSM-
01251703	Matt.25.17	τὰ	ho	RA:----APN-
01251704	Matt.25.17	δύο	dyo	A-:----APN-
01251705	Matt.25.17	ἐκέρδησεν	kerdainō	V-:3AAI-S--
01251706	Matt.25.17	ἄλλα	allos	A-:----APN-
01251707	Matt.25.17	δύο	dyo	A-:----APN-
01251801	Matt.25.18	ὁ	ho	RA:----NSM-
01251802	Matt.25.18	δὲ	de	C-:--------
01251803	Matt.25.18	τὸ	ho	RA:----ASN-
01251804	Matt.25.18	ἓν	heis	A-:----ASN-
01251805	Matt.25.18	λαβὼν	lambanō	V-:-AAPNSM-
01251806	Matt.25.18	ἀπελθὼν	aperchomai	V-:-AAPNSM-
01251807	Matt.25.18	ὤρυξεν	oryssō	V-:3AAI-S--
01251808	Matt.25.18	γῆν	gē	N-:----ASF-
01251809	Matt.25.18	καὶ	kai	C-:--------
01251810	Matt.25.18	ἔκρυψεν	kryptō	V-:3AAI-S--
01251811	Matt.25.18	τὸ	ho	RA:----ASN-
01251812	Matt.25.18	ἀργύριον	argyrion	N-:----ASN-
01251813	Matt.25.18	τοῦ	ho	RA:----GSM-
01251814	Matt.25.18	κυρίου	kyrios	N-:----GSM-
01251815	Matt.25.18	αὐτοῦ	autos	RP:----GSM-
01251901	Matt.25.19	μετὰ	meta	P-:--------
01251902	Matt.25.19	δὲ	de	C-:--------
01251903	Matt.25.19	πολὺν	polys	A-:----ASM-
01251904	Matt.25.19	χρόνον	chronos	N-:----ASM-
01251905	Matt.25.19	ἔρχεται	erchomai	V-:3PMI-S--
01251906	Matt.25.19	ὁ	ho	RA:----NSM-
01251907	Matt.25.19	κύριος	kyrios	N-:----NSM-
01251908	Matt.25.19	τῶν	ho	RA:----GPM-
01251909	Matt.25.19	δούλων	doulos	N-:----GPM-
01251910	Matt.25.19	ἐκείνων	ekeinos	RD:----GPM-
01251911	Matt.25.19	καὶ	kai	C-:--------
01251912	Matt.25.19	συναίρει	synairō	V-:3PAI-S--
01251913	Matt.25.19	λόγον	logos	N-:----ASM-
01251914	Matt.25.19	μετ’	meta	P-:--------
01251915	Matt.25.19	αὐτῶν	autos	RP:----GPM-
01252001	Matt.25.20	καὶ	kai	C-:--------
01252002	Matt.25.20	προσελθὼν	proserchomai	V-:-AAPNSM-
01252003	Matt.25.20	ὁ	ho	RA:----NSM-
01252004	Matt.25.20	τὰ	ho	RA:----APN-
01252005	Matt.25.20	πέντε	pente	A-:----APN-
01252006	Matt.25.20	τάλαντα	talanton	N-:----APN-
01252007	Matt.25.20	λαβὼν	lambanō	V-:-AAPNSM-
01252008	Matt.25.20	προσήνεγκεν	prospherō	V-:3AAI-S--
01252009	Matt.25.20	ἄλλα	allos	A-:----APN-
01252010	Matt.25.20	πέντε	pente	A-:----APN-
01252011	Matt.25.20	τάλαντα	talanton	N-:----APN-
01252012	Matt.25.20	λέγων	legō	V-:-PAPNSM-
01252013	Matt.25.20	Κύριε	kyrios	N-:----VSM-
01252014	Matt.25.20	πέντε	pente	A-:----APN-
01252015	Matt.25.20	τάλαντά	talanton	N-:----APN-
01252016	Matt.25.20	μοι	egō	RP:----DS--
01252017	Matt.25.20	παρέδωκας	paradidōmi	V-:2AAI-S--
01252018	Matt.25.20	ἴδε	ide	X-:--------
01252019	Matt.25.20	ἄλλα	allos	A-:----APN-
01252020	Matt.25.20	πέντε	pente	A-:----APN-
01252021	Matt.25.20	τάλαντα	talanton	N-:----APN-
01252022	Matt.25.20	ἐκέρδησα	kerdainō	V-:1AAI-S--
01252101	Matt.25.21	ἔφη	phēmi	V-:3IAI-S--
01252102	Matt.25.21	αὐτῷ	autos	RP:----DSM-
01252103	Matt.25.21	ὁ	ho	RA:----NSM-
01252104	Matt.25.21	κύριος	kyrios	N-:----NSM-
01252105	Matt.25.21	αὐτοῦ	autos	RP:----GSM-
01252106	Matt.25.21	Εὖ	eu	D-:--------
01252107	Matt.25.21	δοῦλε	doulos	N-:----VSM-
01252108	Matt.25.21	ἀγαθὲ	agathos	A-:----VSM-
01252109	Matt.25.21	καὶ	kai	C-:--------
01252110	Matt.25.21	πιστέ	pistos	A-:----VSM-
01252111	Matt.25.21	ἐπὶ	epi	P-:--------
01252112	Matt.25.21	ὀλίγα	oligos	A-:----APN-
01252113	Matt.25.21	ἦς	eimi	V-:2IAI-S--
01252114	Matt.25.21	πιστός	pistos	A-:----NSM-
01252115	Matt.25.21	ἐπὶ	epi	P-:--------
01252116	Matt.25.21	πολλῶν	polys	A-:----GPN-
01252117	Matt.25.21	σε	sy	RP:----AS--
01252118	Matt.25.21	καταστήσω	kathistēmi	V-:1FAI-S--
01252119	Matt.25.21	εἴσελθε	eiserchomai	V-:2AAD-S--
01252120	Matt.25.21	εἰς	eis	P-:--------
01252121	Matt.25.21	τὴν	ho	RA:----ASF-
01252122	Matt.25.21	χαρὰν	chara	N-:----ASF-
01252123	Matt.25.21	τοῦ	ho	RA:----GSM-
01252124	Matt.25.21	κυρίου	kyrios	N-:----GSM-
01252125	Matt.25.21	σου	sy	RP:----GS--
01252201	Matt.25.22	προσελθὼν	proserchomai	V-:-AAPNSM-
01252202	Matt.25.22	δὲ	de	C-:--------
01252203	Matt.25.22	καὶ	kai	D-:--------
01252204	Matt.25.22	ὁ	ho	RA:----NSM-
01252205	Matt.25.22	τὰ	ho	RA:----APN-
01252206	Matt.25.22	δύο	dyo	A-:----APN-
01252207	Matt.25.22	τάλαντα	talanton	N-:----APN-
01252208	Matt.25.22	εἶπεν	legō	V-:3AAI-S--
01252209	Matt.25.22	Κύριε	kyrios	N-:----VSM-
01252210	Matt.25.22	δύο	dyo	A-:----APN-
01252211	Matt.25.22	τάλαντά	talanton	N-:----APN-
01252212	Matt.25.22	μοι	egō	RP:----DS--
01252213	Matt.25.22	παρέδωκας	paradidōmi	V-:2AAI-S--
01252214	Matt.25.22	ἴδε	ide	X-:--------
01252215	Matt.25.22	ἄλλα	allos	A-:----APN-
01252216	Matt.25.22	δύο	dyo	A-:----APN-
01252217	Matt.25.22	τάλαντα	talanton	N-:----APN-
01252218	Matt.25.22	ἐκέρδησα	kerdainō	V-:1AAI-S--
01252301	Matt.25.23	ἔφη	phēmi	V-:3IAI-S--
01252302	Matt.25.23	αὐτῷ	autos	RP:----DSM-
01252303	Matt.25.23	ὁ	ho	RA:----NSM-
01252304	Matt.25.23	κύριος	kyrios	N-:----NSM-
01252305	Matt.25.23	αὐτοῦ	autos	RP:----GSM-
01252306	Matt.25.23	Εὖ	eu	D-:--------
01252307	Matt.25.23	δοῦλε	doulos	N-:----VSM-
01252308	Matt.25.23	ἀγαθὲ	agathos	A-:----VSM-
01252309	Matt.25.23	καὶ	kai	C-:--------
01252310	Matt.25.23	πιστέ	pistos	A-:----VSM-
01252311	Matt.25.23	ἐπὶ	epi	P-:--------
01252312	Matt.25.23	ὀλίγα	oligos	A-:----APN-
01252313	Matt.25.23	ἦς	eimi	V-:2IAI-S--
01252314	Matt.25.23	πιστός	pistos	A-:----NSM-
01252315	Matt.25.23	ἐπὶ	epi	P-:--------
01252316	Matt.25.23	πολλῶν	polys	A-:----GPN-
01252317	Matt.25.23	σε	sy	RP:----AS--
01252318	Matt.25.23	καταστήσω	kathistēmi	V-:1FAI-S--
01252319	Matt.25.23	εἴσελθε	eiserchomai	V-:2AAD-S--
01252320	Matt.25.23	εἰς	eis	P-:--------
01252321	Matt.25.23	τὴν	ho	RA:----ASF-
01252322	Matt.25.23	χαρὰν	chara	N-:----ASF-
01252323	Matt.25.23	τοῦ	ho	RA:----GSM-
01252324	Matt.25.23	κυρίου	kyrios	N-:----GSM-
01252325	Matt.25.23	σου	sy	RP:----GS--
01252401	Matt.25.24	προσελθὼν	proserchomai	V-:-AAPNSM-
01252402	Matt.25.24	δὲ	de	C-:--------
01252403	Matt.25.24	καὶ	kai	D-:--------
01252404	Matt.25.24	ὁ	ho	RA:----NSM-
01252405	Matt.25.24	τὸ	ho	RA:----ASN-
01252406	Matt.25.24	ἓν	heis	A-:----ASN-
01252407	Matt.25.24	τάλαντον	talanton	N-:----ASN-
01252408	Matt.25.24	εἰληφὼς	lambanō	V-:-XAPNSM-
01252409	Matt.25.24	εἶπεν	legō	V-:3AAI-S--
01252410	Matt.25.24	Κύριε	kyrios	N-:----VSM-
01252411	Matt.25.24	ἔγνων	ginōskō	V-:1AAI-S--
01252412	Matt.25.24	σε	sy	RP:----AS--
01252413	Matt.25.24	ὅτι	hoti	C-:--------
01252414	Matt.25.24	σκληρὸς	sklēros	A-:----NSM-
01252415	Matt.25.24	εἶ	eimi	V-:2PAI-S--
01252416	Matt.25.24	ἄνθρωπος	anthrōpos	N-:----NSM-
01252417	Matt.25.24	θερίζων	therizō	V-:-PAPNSM-
01252418	Matt.25.24	ὅπου	hopou	C-:--------
01252419	Matt.25.24	οὐκ	ou	D-:--------
01252420	Matt.25.24	ἔσπειρας	speirō	V-:2AAI-S--
01252421	Matt.25.24	καὶ	kai	C-:--------
01252422	Matt.25.24	συνάγων	synagō	V-:-PAPNSM-
01252423	Matt.25.24	ὅθεν	hothen	C-:--------
01252424	Matt.25.24	οὐ	ou	D-:--------
01252425	Matt.25.24	διεσκόρπισας	diaskorpizō	V-:2AAI-S--
01252501	Matt.25.25	καὶ	kai	C-:--------
01252502	Matt.25.25	φοβηθεὶς	phobeomai	V-:-APPNSM-
01252503	Matt.25.25	ἀπελθὼν	aperchomai	V-:-AAPNSM-
01252504	Matt.25.25	ἔκρυψα	kryptō	V-:1AAI-S--
01252505	Matt.25.25	τὸ	ho	RA:----ASN-
01252506	Matt.25.25	τάλαντόν	talanton	N-:----ASN-
01252507	Matt.25.25	σου	sy	RP:----GS--
01252508	Matt.25.25	ἐν	en	P-:--------
01252509	Matt.25.25	τῇ	ho	RA:----DSF-
01252510	Matt.25.25	γῇ	gē	N-:----DSF-
01252511	Matt.25.25	ἴδε	ide	X-:--------
01252512	Matt.25.25	ἔχεις	echō	V-:2PAI-S--
01252513	Matt.25.25	τὸ	ho	RA:----ASN-
01252514	Matt.25.25	σόν	sos	A-:----ASN-
01252601	Matt.25.26	ἀποκριθεὶς	apokrinomai	V-:-APPNSM-
01252602	Matt.25.26	δὲ	de	C-:--------
01252603	Matt.25.26	ὁ	ho	RA:----NSM-
01252604	Matt.25.26	κύριος	kyrios	N-:----NSM-
01252605	Matt.25.26	αὐτοῦ	autos	RP:----GSM-
01252606	Matt.25.26	εἶπεν	legō	V-:3AAI-S--
01252607	Matt.25.26	αὐτῷ	autos	RP:----DSM-
01252608	Matt.25.26	Πονηρὲ	ponēros	A-:----VSM-
01252609	Matt.25.26	δοῦλε	doulos	N-:----VSM-
01252610	Matt.25.26	καὶ	kai	C-:--------
01252611	Matt.25.26	ὀκνηρέ	oknēros	A-:----VSM-
01252612	Matt.25.26	ᾔδεις	oida	V-:2YAI-S--
01252613	Matt.25.26	ὅτι	hoti	C-:--------
01252614	Matt.25.26	θερίζω	therizō	V-:1PAI-S--
01252615	Matt.25.26	ὅπου	hopou	C-:--------
01252616	Matt.25.26	οὐκ	ou	D-:--------
01252617	Matt.25.26	ἔσπειρα	speirō	V-:1AAI-S--
01252618	Matt.25.26	καὶ	kai	C-:--------
01252619	Matt.25.26	συνάγω	synagō	V-:1PAI-S--
01252620	Matt.25.26	ὅθεν	hothen	C-:--------
01252621	Matt.25.26	οὐ	ou	D-:--------
01252622	Matt.25.26	διεσκόρπισα	diaskorpizō	V-:1AAI-S--
01252701	Matt.25.27	ἔδει	deō	V-:3IAI-S--
01252702	Matt.25.27	σε	sy	RP:----AS--
01252703	Matt.25.27	οὖν	oun	C-:--------
01252704	Matt.25.27	βαλεῖν	ballō	V-:-AAN----
01252705	Matt.25.27	τὰ	ho	RA:----APN-
01252706	Matt.25.27	ἀργύριά	argyrion	N-:----APN-
01252707	Matt.25.27	μου	egō	RP:----GS--
01252708	Matt.25.27	τοῖς	ho	RA:----DPM-
01252709	Matt.25.27	τραπεζίταις	trapezitēs	N-:----DPM-
01252710	Matt.25.27	καὶ	kai	C-:--------
01252711	Matt.25.27	ἐλθὼν	erchomai	V-:-AAPNSM-
01252712	Matt.25.27	ἐγὼ	egō	RP:----NS--
01252713	Matt.25.27	ἐκομισάμην	komizō	V-:1AMI-S--
01252714	Matt.25.27	ἂν	an	X-:--------
01252715	Matt.25.27	τὸ	ho	RA:----ASN-
01252716	Matt.25.27	ἐμὸν	emos	A-:----ASN-
01252717	Matt.25.27	σὺν	syn	P-:--------
01252718	Matt.25.27	τόκῳ	tokos	N-:----DSM-
01252801	Matt.25.28	ἄρατε	airō	V-:2AAD-P--
01252802	Matt.25.28	οὖν	oun	C-:--------
01252803	Matt.25.28	ἀπ’	apo	P-:--------
01252804	Matt.25.28	αὐτοῦ	autos	RP:----GSM-
01252805	Matt.25.28	τὸ	ho	RA:----ASN-
01252806	Matt.25.28	τάλαντον	talanton	N-:----ASN-
01252807	Matt.25.28	καὶ	kai	C-:--------
01252808	Matt.25.28	δότε	didōmi	V-:2AAD-P--
01252809	Matt.25.28	τῷ	ho	RA:----DSM-
01252810	Matt.25.28	ἔχοντι	echō	V-:-PAPDSM-
01252811	Matt.25.28	τὰ	ho	RA:----APN-
01252812	Matt.25.28	δέκα	deka	A-:----APN-
01252813	Matt.25.28	τάλαντα	talanton	N-:----APN-
01252901	Matt.25.29	τῷ	ho	RA:----DSM-
01252902	Matt.25.29	γὰρ	gar	C-:--------
01252903	Matt.25.29	ἔχοντι	echō	V-:-PAPDSM-
01252904	Matt.25.29	παντὶ	pas	A-:----DSM-
01252905	Matt.25.29	δοθήσεται	didōmi	V-:3FPI-S--
01252906	Matt.25.29	καὶ	kai	C-:--------
01252907	Matt.25.29	περισσευθήσεται	perisseuō	V-:3FPI-S--
01252908	Matt.25.29	τοῦ	ho	RA:----GSM-
01252909	Matt.25.29	δὲ	de	C-:--------
01252910	Matt.25.29	μὴ	mē	D-:--------
01252911	Matt.25.29	ἔχοντος	echō	V-:-PAPGSM-
01252912	Matt.25.29	καὶ	kai	D-:--------
01252913	Matt.25.29	ὃ	hos	RR:----ASN-
01252914	Matt.25.29	ἔχει	echō	V-:3PAI-S--
01252915	Matt.25.29	ἀρθήσεται	airō	V-:3FPI-S--
01252916	Matt.25.29	ἀπ’	apo	P-:--------
01252917	Matt.25.29	αὐτοῦ	autos	RP:----GSM-
01253001	Matt.25.30	καὶ	kai	C-:--------
01253002	Matt.25.30	τὸν	ho	RA:----ASM-
01253003	Matt.25.30	ἀχρεῖον	achreios	A-:----ASM-
01253004	Matt.25.30	δοῦλον	doulos	N-:----ASM-
01253005	Matt.25.30	ἐκβάλετε	ekballō	V-:2AAD-P--
01253006	Matt.25.30	εἰς	eis	P-:--------
01253007	Matt.25.30	τὸ	ho	RA:----ASN-
01253008	Matt.25.30	σκότος	skotos	N-:----ASN-
01253009	Matt.25.30	τὸ	ho	RA:----ASN-
01253010	Matt.25.30	ἐξώτερον	exōteros	A-:----ASNC
01253011	Matt.25.30	ἐκεῖ	ekei	D-:--------
01253012	Matt.25.30	ἔσται	eimi	V-:3FMI-S--
01253013	Matt.25.30	ὁ	ho	RA:----NSM-
01253014	Matt.25.30	κλαυθμὸς	klauthmos	N-:----NSM-
01253015	Matt.25.30	καὶ	kai	C-:--------
01253016	Matt.25.30	ὁ	ho	RA:----NSM-
01253017	Matt.25.30	βρυγμὸς	brygmos	N-:----NSM-
01253018	Matt.25.30	τῶν	ho	RA:----GPM-
01253019	Matt.25.30	ὀδόντων	odous	N-:----GPM-
01253101	Matt.25.31	Ὅταν	hotan	C-:--------
01253102	Matt.25.31	δὲ	de	C-:--------
01253103	Matt.25.31	ἔλθῃ	erchomai	V-:3AAS-S--
01253104	Matt.25.31	ὁ	ho	RA:----NSM-
01253105	Matt.25.31	υἱὸς	huios	N-:----NSM-
01253106	Matt.25.31	τοῦ	ho	RA:----GSM-
01253107	Matt.25.31	ἀνθρώπου	anthrōpos	N-:----GSM-
01253108	Matt.25.31	ἐν	en	P-:--------
01253109	Matt.25.31	τῇ	ho	RA:----DSF-
01253110	Matt.25.31	δόξῃ	doxa	N-:----DSF-
01253111	Matt.25.31	αὐτοῦ	autos	RP:----GSM-
01253112	Matt.25.31	καὶ	kai	C-:--------
01253113	Matt.25.31	πάντες	pas	A-:----NPM-
01253114	Matt.25.31	οἱ	ho	RA:----NPM-
01253115	Matt.25.31	ἄγγελοι	angelos	N-:----NPM-
01253116	Matt.25.31	μετ’	meta	P-:--------
01253117	Matt.25.31	αὐτοῦ	autos	RP:----GSM-
01253118	Matt.25.31	τότε	tote	D-:--------
01253119	Matt.25.31	καθίσει	kathizō	V-:3FAI-S--
01253120	Matt.25.31	ἐπὶ	epi	P-:--------
01253121	Matt.25.31	θρόνου	thronos	N-:----GSM-
01253122	Matt.25.31	δόξης	doxa	N-:----GSF-
01253123	Matt.25.31	αὐτοῦ	autos	RP:----GSM-
01253201	Matt.25.32	καὶ	kai	C-:--------
01253202	Matt.25.32	συναχθήσονται	synagō	V-:3FPI-P--
01253203	Matt.25.32	ἔμπροσθεν	emprosthen	P-:--------
01253204	Matt.25.32	αὐτοῦ	autos	RP:----GSM-
01253205	Matt.25.32	πάντα	pas	A-:----NPN-
01253206	Matt.25.32	τὰ	ho	RA:----NPN-
01253207	Matt.25.32	ἔθνη	ethnos	N-:----NPN-
01253208	Matt.25.32	καὶ	kai	C-:--------
01253209	Matt.25.32	ἀφορίσει	aphorizō	V-:3FAI-S--
01253210	Matt.25.32	αὐτοὺς	autos	RP:----APM-
01253211	Matt.25.32	ἀπ’	apo	P-:--------
01253212	Matt.25.32	ἀλλήλων	allēlōn	RP:----GPM-
01253213	Matt.25.32	ὥσπερ	hōsper	C-:--------
01253214	Matt.25.32	ὁ	ho	RA:----NSM-
01253215	Matt.25.32	ποιμὴν	poimēn	N-:----NSM-
01253216	Matt.25.32	ἀφορίζει	aphorizō	V-:3PAI-S--
01253217	Matt.25.32	τὰ	ho	RA:----APN-
01253218	Matt.25.32	πρόβατα	probaton	N-:----APN-
01253219	Matt.25.32	ἀπὸ	apo	P-:--------
01253220	Matt.25.32	τῶν	ho	RA:----GPM-
01253221	Matt.25.32	ἐρίφων	eriphos	N-:----GPM-
01253301	Matt.25.33	καὶ	kai	C-:--------
01253302	Matt.25.33	στήσει	histēmi	V-:3FAI-S--
01253303	Matt.25.33	τὰ	ho	RA:----APN-
01253304	Matt.25.33	μὲν	men	C-:--------
01253305	Matt.25.33	πρόβατα	probaton	N-:----APN-
01253306	Matt.25.33	ἐκ	ek	P-:--------
01253307	Matt.25.33	δεξιῶν	dexios	A-:----GPN-
01253308	Matt.25.33	αὐτοῦ	autos	RP:----GSM-
01253309	Matt.25.33	τὰ	ho	RA:----APN-
01253310	Matt.25.33	δὲ	de	C-:--------
01253311	Matt.25.33	ἐρίφια	eriphion	N-:----APN-
01253312	Matt.25.33	ἐξ	ek	P-:--------
01253313	Matt.25.33	εὐωνύμων	euōnymos	A-:----GPN-
01253401	Matt.25.34	τότε	tote	D-:--------
01253402	Matt.25.34	ἐρεῖ	legō	V-:3FAI-S--
01253403	Matt.25.34	ὁ	ho	RA:----NSM-
01253404	Matt.25.34	βασιλεὺς	basileus	N-:----NSM-
01253405	Matt.25.34	τοῖς	ho	RA:----DPM-
01253406	Matt.25.34	ἐκ	ek	P-:--------
01253407	Matt.25.34	δεξιῶν	dexios	A-:----GPN-
01253408	Matt.25.34	αὐτοῦ	autos	RP:----GSM-
01253409	Matt.25.34	Δεῦτε	deute	D-:--------
01253410	Matt.25.34	οἱ	ho	RA:----NPM-
01253411	Matt.25.34	εὐλογημένοι	eulogeō	V-:-XPPNPM-
01253412	Matt.25.34	τοῦ	ho	RA:----GSM-
01253413	Matt.25.34	πατρός	patēr	N-:----GSM-
01253414	Matt.25.34	μου	egō	RP:----GS--
01253415	Matt.25.34	κληρονομήσατε	klēronomeō	V-:2AAD-P--
01253416	Matt.25.34	τὴν	ho	RA:----ASF-
01253417	Matt.25.34	ἡτοιμασμένην	hetoimazō	V-:-XPPASF-
01253418	Matt.25.34	ὑμῖν	sy	RP:----DP--
01253419	Matt.25.34	βασιλείαν	basileia	N-:----ASF-
01253420	Matt.25.34	ἀπὸ	apo	P-:--------
01253421	Matt.25.34	καταβολῆς	katabolē	N-:----GSF-
01253422	Matt.25.34	κόσμου	kosmos	N-:----GSM-
01253501	Matt.25.35	ἐπείνασα	peinaō	V-:1AAI-S--
01253502	Matt.25.35	γὰρ	gar	C-:--------
01253503	Matt.25.35	καὶ	kai	C-:--------
01253504	Matt.25.35	ἐδώκατέ	didōmi	V-:2AAI-P--
01253505	Matt.25.35	μοι	egō	RP:----DS--
01253506	Matt.25.35	φαγεῖν	esthiō	V-:-AAN----
01253507	Matt.25.35	ἐδίψησα	dipsaō	V-:1AAI-S--
01253508	Matt.25.35	καὶ	kai	C-:--------
01253509	Matt.25.35	ἐποτίσατέ	potizō	V-:2AAI-P--
01253510	Matt.25.35	με	egō	RP:----AS--
01253511	Matt.25.35	ξένος	xenos	A-:----NSM-
01253512	Matt.25.35	ἤμην	eimi	V-:1IMI-S--
01253513	Matt.25.35	καὶ	kai	C-:--------
01253514	Matt.25.35	συνηγάγετέ	synagō	V-:2AAI-P--
01253515	Matt.25.35	με	egō	RP:----AS--
01253601	Matt.25.36	γυμνὸς	gymnos	A-:----NSM-
01253602	Matt.25.36	καὶ	kai	C-:--------
01253603	Matt.25.36	περιεβάλετέ	periballō	V-:2AAI-P--
01253604	Matt.25.36	με	egō	RP:----AS--
01253605	Matt.25.36	ἠσθένησα	astheneō	V-:1AAI-S--
01253606	Matt.25.36	καὶ	kai	C-:--------
01253607	Matt.25.36	ἐπεσκέψασθέ	episkeptomai	V-:2AMI-P--
01253608	Matt.25.36	με	egō	RP:----AS--
01253609	Matt.25.36	ἐν	en	P-:--------
01253610	Matt.25.36	φυλακῇ	phylakē	N-:----DSF-
01253611	Matt.25.36	ἤμην	eimi	V-:1IMI-S--
01253612	Matt.25.36	καὶ	kai	C-:--------
01253613	Matt.25.36	ἤλθατε	erchomai	V-:2AAI-P--
01253614	Matt.25.36	πρός	pros	P-:--------
01253615	Matt.25.36	με	egō	RP:----AS--
01253701	Matt.25.37	τότε	tote	D-:--------
01253702	Matt.25.37	ἀποκριθήσονται	apokrinomai	V-:3FPI-P--
01253703	Matt.25.37	αὐτῷ	autos	RP:----DSM-
01253704	Matt.25.37	οἱ	ho	RA:----NPM-
01253705	Matt.25.37	δίκαιοι	dikaios	A-:----NPM-
01253706	Matt.25.37	λέγοντες	legō	V-:-PAPNPM-
01253707	Matt.25.37	Κύριε	kyrios	N-:----VSM-
01253708	Matt.25.37	πότε	pote	D-:--------
01253709	Matt.25.37	σε	sy	RP:----AS--
01253710	Matt.25.37	εἴδομεν	horaō	V-:1AAI-P--
01253711	Matt.25.37	πεινῶντα	peinaō	V-:-PAPASM-
01253712	Matt.25.37	καὶ	kai	C-:--------
01253713	Matt.25.37	ἐθρέψαμεν	trephō	V-:1AAI-P--
01253714	Matt.25.37	ἢ	ē	C-:--------
01253715	Matt.25.37	διψῶντα	dipsaō	V-:-PAPASM-
01253716	Matt.25.37	καὶ	kai	C-:--------
01253717	Matt.25.37	ἐποτίσαμεν	potizō	V-:1AAI-P--
01253801	Matt.25.38	πότε	pote	D-:--------
01253802	Matt.25.38	δέ	de	C-:--------
01253803	Matt.25.38	σε	sy	RP:----AS--
01253804	Matt.25.38	εἴδομεν	horaō	V-:1AAI-P--
01253805	Matt.25.38	ξένον	xenos	A-:----ASM-
01253806	Matt.25.38	καὶ	kai	C-:--------
01253807	Matt.25.38	συνηγάγομεν	synagō	V-:1AAI-P--
01253808	Matt.25.38	ἢ	ē	C-:--------
01253809	Matt.25.38	γυμνὸν	gymnos	A-:----ASM-
01253810	Matt.25.38	καὶ	kai	C-:--------
01253811	Matt.25.38	περιεβάλομεν	periballō	V-:1AAI-P--
01253901	Matt.25.39	πότε	pote	D-:--------
01253902	Matt.25.39	δέ	de	C-:--------
01253903	Matt.25.39	σε	sy	RP:----AS--
01253904	Matt.25.39	εἴδομεν	horaō	V-:1AAI-P--
01253905	Matt.25.39	ἀσθενοῦντα	astheneō	V-:-PAPASM-
01253906	Matt.25.39	ἢ	ē	C-:--------
01253907	Matt.25.39	ἐν	en	P-:--------
01253908	Matt.25.39	φυλακῇ	phylakē	N-:----DSF-
01253909	Matt.25.39	καὶ	kai	C-:--------
01253910	Matt.25.39	ἤλθομεν	erchomai	V-:1AAI-P--
01253911	Matt.25.39	πρός	pros	P-:--------
01253912	Matt.25.39	σε	sy	RP:----AS--
01254001	Matt.25.40	καὶ	kai	C-:--------
01254002	Matt.25.40	ἀποκριθεὶς	apokrinomai	V-:-APPNSM-
01254003	Matt.25.40	ὁ	ho	RA:----NSM-
01254004	Matt.25.40	βασιλεὺς	basileus	N-:----NSM-
01254005	Matt.25.40	ἐρεῖ	legō	V-:3FAI-S--
01254006	Matt.25.40	αὐτοῖς	autos	RP:----DPM-
01254007	Matt.25.40	Ἀμὴν	amēn	X-:--------
01254008	Matt.25.40	λέγω	legō	V-:1PAI-S--
01254009	Matt.25.40	ὑμῖν	sy	RP:----DP--
01254010	Matt.25.40	ἐφ’	epi	P-:--------
01254011	Matt.25.40	ὅσον	hosos	RR:----ASN-
01254012	Matt.25.40	ἐποιήσατε	poieō	V-:2AAI-P--
01254013	Matt.25.40	ἑνὶ	heis	A-:----DSM-
01254014	Matt.25.40	τούτων	houtos	RD:----GPM-
01254015	Matt.25.40	τῶν	ho	RA:----GPM-
01254016	Matt.25.40	ἀδελφῶν	adelphos	N-:----GPM-
01254017	Matt.25.40	μου	egō	RP:----GS--
01254018	Matt.25.40	τῶν	ho	RA:----GPM-
01254019	Matt.25.40	ἐλαχίστων	elachistos	A-:----GPMS
01254020	Matt.25.40	ἐμοὶ	egō	RP:----DS--
01254021	Matt.25.40	ἐποιήσατε	poieō	V-:2AAI-P--
01254101	Matt.25.41	τότε	tote	D-:--------
01254102	Matt.25.41	ἐρεῖ	legō	V-:3FAI-S--
01254103	Matt.25.41	καὶ	kai	D-:--------
01254104	Matt.25.41	τοῖς	ho	RA:----DPM-
01254105	Matt.25.41	ἐξ	ek	P-:--------
01254106	Matt.25.41	εὐωνύμων	euōnymos	A-:----GPN-
01254107	Matt.25.41	Πορεύεσθε	poreuomai	V-:2PMD-P--
01254108	Matt.25.41	ἀπ’	apo	P-:--------
01254109	Matt.25.41	ἐμοῦ	egō	RP:----GS--
01254110	Matt.25.41	οἱ	ho	RA:----NPM-
01254111	Matt.25.41	κατηραμένοι	kataraomai	V-:-XPPNPM-
01254112	Matt.25.41	εἰς	eis	P-:--------
01254113	Matt.25.41	τὸ	ho	RA:----ASN-
01254114	Matt.25.41	πῦρ	pyr	N-:----ASN-
01254115	Matt.25.41	τὸ	ho	RA:----ASN-
01254116	Matt.25.41	αἰώνιον	aiōnios	A-:----ASN-
01254117	Matt.25.41	τὸ	ho	RA:----ASN-
01254118	Matt.25.41	ἡτοιμασμένον	hetoimazō	V-:-XPPASN-
01254119	Matt.25.41	τῷ	ho	RA:----DSM-
01254120	Matt.25.41	διαβόλῳ	diabolos	A-:----DSM-
01254121	Matt.25.41	καὶ	kai	C-:--------
01254122	Matt.25.41	τοῖς	ho	RA:----DPM-
01254123	Matt.25.41	ἀγγέλοις	angelos	N-:----DPM-
01254124	Matt.25.41	αὐτοῦ	autos	RP:----GSM-
01254201	Matt.25.42	ἐπείνασα	peinaō	V-:1AAI-S--
01254202	Matt.25.42	γὰρ	gar	C-:--------
01254203	Matt.25.42	καὶ	kai	C-:--------
01254204	Matt.25.42	οὐκ	ou	D-:--------
01254205	Matt.25.42	ἐδώκατέ	didōmi	V-:2AAI-P--
01254206	Matt.25.42	μοι	egō	RP:----DS--
01254207	Matt.25.42	φαγεῖν	esthiō	V-:-AAN----
01254208	Matt.25.42	ἐδίψησα	dipsaō	V-:1AAI-S--
01254209	Matt.25.42	καὶ	kai	C-:--------
01254210	Matt.25.42	οὐκ	ou	D-:--------
01254211	Matt.25.42	ἐποτίσατέ	potizō	V-:2AAI-P--
01254212	Matt.25.42	με	egō	RP:----AS--
01254301	Matt.25.43	ξένος	xenos	A-:----NSM-
01254302	Matt.25.43	ἤμην	eimi	V-:1IMI-S--
01254303	Matt.25.43	καὶ	kai	C-:--------
01254304	Matt.25.43	οὐ	ou	D-:--------
01254305	Matt.25.43	συνηγάγετέ	synagō	V-:2AAI-P--
01254306	Matt.25.43	με	egō	RP:----AS--
01254307	Matt.25.43	γυμνὸς	gymnos	A-:----NSM-
01254308	Matt.25.43	καὶ	kai	C-:--------
01254309	Matt.25.43	οὐ	ou	D-:--------
01254310	Matt.25.43	περιεβάλετέ	periballō	V-:2AAI-P--
01254311	Matt.25.43	με	egō	RP:----AS--
01254312	Matt.25.43	ἀσθενὴς	asthenēs	A-:----NSM-
01254313	Matt.25.43	καὶ	kai	C-:--------
01254314	Matt.25.43	ἐν	en	P-:--------
01254315	Matt.25.43	φυλακῇ	phylakē	N-:----DSF-
01254316	Matt.25.43	καὶ	kai	C-:--------
01254317	Matt.25.43	οὐκ	ou	D-:--------
01254318	Matt.25.43	ἐπεσκέψασθέ	episkeptomai	V-:2AMI-P--
01254319	Matt.25.43	με	egō	RP:----AS--
01254401	Matt.25.44	τότε	tote	D-:--------
01254402	Matt.25.44	ἀποκριθήσονται	apokrinomai	V-:3FPI-P--
01254403	Matt.25.44	καὶ	kai	D-:--------
01254404	Matt.25.44	αὐτοὶ	autos	RP:----NPM-
01254405	Matt.25.44	λέγοντες	legō	V-:-PAPNPM-
01254406	Matt.25.44	Κύριε	kyrios	N-:----VSM-
01254407	Matt.25.44	πότε	pote	D-:--------
01254408	Matt.25.44	σε	sy	RP:----AS--
01254409	Matt.25.44	εἴδομεν	horaō	V-:1AAI-P--
01254410	Matt.25.44	πεινῶντα	peinaō	V-:-PAPASM-
01254411	Matt.25.44	ἢ	ē	C-:--------
01254412	Matt.25.44	διψῶντα	dipsaō	V-:-PAPASM-
01254413	Matt.25.44	ἢ	ē	C-:--------
01254414	Matt.25.44	ξένον	xenos	A-:----ASM-
01254415	Matt.25.44	ἢ	ē	C-:--------
01254416	Matt.25.44	γυμνὸν	gymnos	A-:----ASM-
01254417	Matt.25.44	ἢ	ē	C-:--------
01254418	Matt.25.44	ἀσθενῆ	asthenēs	A-:----ASM-
01254419	Matt.25.44	ἢ	ē	C-:--------
01254420	Matt.25.44	ἐν	en	P-:--------
01254421	Matt.25.44	φυλακῇ	phylakē	N-:----DSF-
01254422	Matt.25.44	καὶ	kai	C-:--------
01254423	Matt.25.44	οὐ	ou	D-:--------
01254424	Matt.25.44	διηκονήσαμέν	diakoneō	V-:1AAI-P--
01254425	Matt.25.44	σοι	sy	RP:----DS--
01254501	Matt.25.45	τότε	tote	D-:--------
01254502	Matt.25.45	ἀποκριθήσεται	apokrinomai	V-:3FPI-S--
01254503	Matt.25.45	αὐτοῖς	autos	RP:----DPM-
01254504	Matt.25.45	λέγων	legō	V-:-PAPNSM-
01254505	Matt.25.45	Ἀμὴν	amēn	X-:--------
01254506	Matt.25.45	λέγω	legō	V-:1PAI-S--
01254507	Matt.25.45	ὑμῖν	sy	RP:----DP--
01254508	Matt.25.45	ἐφ’	epi	P-:--------
01254509	Matt.25.45	ὅσον	hosos	RR:----ASN-
01254510	Matt.25.45	οὐκ	ou	D-:--------
01254511	Matt.25.45	ἐποιήσατε	poieō	V-:2AAI-P--
01254512	Matt.25.45	ἑνὶ	heis	A-:----DSM-
01254513	Matt.25.45	τούτων	houtos	RD:----GPM-
01254514	Matt.25.45	τῶν	ho	RA:----GPM-
01254515	Matt.25.45	ἐλαχίστων	elachistos	A-:----GPMS
01254516	Matt.25.45	οὐδὲ	oude	D-:--------
01254517	Matt.25.45	ἐμοὶ	egō	RP:----DS--
01254518	Matt.25.45	ἐποιήσατε	poieō	V-:2AAI-P--
01254601	Matt.25.46	καὶ	kai	C-:--------
01254602	Matt.25.46	ἀπελεύσονται	aperchomai	V-:3FMI-P--
01254603	Matt.25.46	οὗτοι	houtos	RD:----NPM-
01254604	Matt.25.46	εἰς	eis	P-:--------
01254605	Matt.25.46	κόλασιν	kolasis	N-:----ASF-
01254606	Matt.25.46	αἰώνιον	aiōnios	A-:----ASF-
01254607	Matt.25.46	οἱ	ho	RA:----NPM-
01254608	Matt.25.46	δὲ	de	C-:--------
01254609	Matt.25.46	δίκαιοι	dikaios	A-:----NPM-
01254610	Matt.25.46	εἰς	eis	P-:--------
01254611	Matt.25.46	ζωὴν	zōē	N-:----ASF-
01254612	Matt.25.46	αἰώνιον	aiōnios	A-:----ASF-
01260101	Matt.26.1	Καὶ	kai	C-:--------
01260102	Matt.26.1	ἐγένετο	ginomai	V-:3AMI-S--
01260103	Matt.26.1	ὅτε	hote	C-:--------
01260104	Matt.26.1	ἐτέλεσεν	teleō	V-:3AAI-S--
01260105	Matt.26.1	ὁ	ho	RA:----NSM-
01260106	Matt.26.1	Ἰησοῦς	iēsous	N-:----NSM-
01260107	Matt.26.1	πάντας	pas	A-:----APM-
01260108	Matt.26.1	τοὺς	ho	RA:----APM-
01260109	Matt.26.1	λόγους	logos	N-:----APM-
01260110	Matt.26.1	τούτους	houtos	RD:----APM-
01260111	Matt.26.1	εἶπεν	legō	V-:3AAI-S--
01260112	Matt.26.1	τοῖς	ho	RA:----DPM-
01260113	Matt.26.1	μαθηταῖς	mathētēs	N-:----DPM-
01260114	Matt.26.1	αὐτοῦ	autos	RP:----GSM-
01260201	Matt.26.2	Οἴδατε	oida	V-:2XAI-P--
01260202	Matt.26.2	ὅτι	hoti	C-:--------
01260203	Matt.26.2	μετὰ	meta	P-:--------
01260204	Matt.26.2	δύο	dyo	A-:----APF-
01260205	Matt.26.2	ἡμέρας	hēmera	N-:----APF-
01260206	Matt.26.2	τὸ	ho	RA:----NSN-
01260207	Matt.26.2	πάσχα	pascha	N-:----NSN-
01260208	Matt.26.2	γίνεται	ginomai	V-:3PMI-S--
01260209	Matt.26.2	καὶ	kai	C-:--------
01260210	Matt.26.2	ὁ	ho	RA:----NSM-
01260211	Matt.26.2	υἱὸς	huios	N-:----NSM-
01260212	Matt.26.2	τοῦ	ho	RA:----GSM-
01260213	Matt.26.2	ἀνθρώπου	anthrōpos	N-:----GSM-
01260214	Matt.26.2	παραδίδοται	paradidōmi	V-:3PPI-S--
01260215	Matt.26.2	εἰς	eis	P-:--------
01260216	Matt.26.2	τὸ	ho	RA:----ASN-
01260217	Matt.26.2	σταυρωθῆναι	stauroō	V-:-APN----
01260301	Matt.26.3	Τότε	tote	D-:--------
01260302	Matt.26.3	συνήχθησαν	synagō	V-:3API-P--
01260303	Matt.26.3	οἱ	ho	RA:----NPM-
01260304	Matt.26.3	ἀρχιερεῖς	archiereus	N-:----NPM-
01260305	Matt.26.3	καὶ	kai	C-:--------
01260306	Matt.26.3	οἱ	ho	RA:----NPM-
01260307	Matt.26.3	πρεσβύτεροι	presbyteros	A-:----NPM-
01260308	Matt.26.3	τοῦ	ho	RA:----GSM-
01260309	Matt.26.3	λαοῦ	laos	N-:----GSM-
01260310	Matt.26.3	εἰς	eis	P-:--------
01260311	Matt.26.3	τὴν	ho	RA:----ASF-
01260312	Matt.26.3	αὐλὴν	aulē	N-:----ASF-
01260313	Matt.26.3	τοῦ	ho	RA:----GSM-
01260314	Matt.26.3	ἀρχιερέως	archiereus	N-:----GSM-
01260315	Matt.26.3	τοῦ	ho	RA:----GSM-
01260316	Matt.26.3	λεγομένου	legō	V-:-PPPGSM-
01260317	Matt.26.3	Καϊάφα	kaiaphas	N-:----GSM-
01260401	Matt.26.4	καὶ	kai	C-:--------
01260402	Matt.26.4	συνεβουλεύσαντο	symbouleuō	V-:3AMI-P--
01260403	Matt.26.4	ἵνα	hina	C-:--------
01260404	Matt.26.4	τὸν	ho	RA:----ASM-
01260405	Matt.26.4	Ἰησοῦν	iēsous	N-:----ASM-
01260406	Matt.26.4	δόλῳ	dolos	N-:----DSM-
01260407	Matt.26.4	κρατήσωσιν	krateō	V-:3AAS-P--
01260408	Matt.26.4	καὶ	kai	C-:--------
01260409	Matt.26.4	ἀποκτείνωσιν	apokteinō	V-:3AAS-P--
01260501	Matt.26.5	ἔλεγον	legō	V-:3IAI-P--
01260502	Matt.26.5	δέ	de	C-:--------
01260503	Matt.26.5	Μὴ	mē	D-:--------
01260504	Matt.26.5	ἐν	en	P-:--------
01260505	Matt.26.5	τῇ	ho	RA:----DSF-
01260506	Matt.26.5	ἑορτῇ	heortē	N-:----DSF-
01260507	Matt.26.5	ἵνα	hina	C-:--------
01260508	Matt.26.5	μὴ	mē	D-:--------
01260509	Matt.26.5	θόρυβος	thorybos	N-:----NSM-
01260510	Matt.26.5	γένηται	ginomai	V-:3AMS-S--
01260511	Matt.26.5	ἐν	en	P-:--------
01260512	Matt.26.5	τῷ	ho	RA:----DSM-
01260513	Matt.26.5	λαῷ	laos	N-:----DSM-
01260601	Matt.26.6	Τοῦ	ho	RA:----GSM-
01260602	Matt.26.6	δὲ	de	C-:--------
01260603	Matt.26.6	Ἰησοῦ	iēsous	N-:----GSM-
01260604	Matt.26.6	γενομένου	ginomai	V-:-AMPGSM-
01260605	Matt.26.6	ἐν	en	P-:--------
01260606	Matt.26.6	Βηθανίᾳ	bēthania	N-:----DSF-
01260607	Matt.26.6	ἐν	en	P-:--------
01260608	Matt.26.6	οἰκίᾳ	oikia	N-:----DSF-
01260609	Matt.26.6	Σίμωνος	simōn	N-:----GSM-
01260610	Matt.26.6	τοῦ	ho	RA:----GSM-
01260611	Matt.26.6	λεπροῦ	lepros	A-:----GSM-
01260701	Matt.26.7	προσῆλθεν	proserchomai	V-:3AAI-S--
01260702	Matt.26.7	αὐτῷ	autos	RP:----DSM-
01260703	Matt.26.7	γυνὴ	gynē	N-:----NSF-
01260704	Matt.26.7	ἔχουσα	echō	V-:-PAPNSF-
01260705	Matt.26.7	ἀλάβαστρον	alabastron	N-:----ASN-
01260706	Matt.26.7	μύρου	myron	N-:----GSN-
01260707	Matt.26.7	βαρυτίμου	barytimos	A-:----GSN-
01260708	Matt.26.7	καὶ	kai	C-:--------
01260709	Matt.26.7	κατέχεεν	katacheō	V-:3AAI-S--
01260710	Matt.26.7	ἐπὶ	epi	P-:--------
01260711	Matt.26.7	τῆς	ho	RA:----GSF-
01260712	Matt.26.7	κεφαλῆς	kephalē	N-:----GSF-
01260713	Matt.26.7	αὐτοῦ	autos	RP:----GSM-
01260714	Matt.26.7	ἀνακειμένου	anakeimai	V-:-PMPGSM-
01260801	Matt.26.8	ἰδόντες	horaō	V-:-AAPNPM-
01260802	Matt.26.8	δὲ	de	C-:--------
01260803	Matt.26.8	οἱ	ho	RA:----NPM-
01260804	Matt.26.8	μαθηταὶ	mathētēs	N-:----NPM-
01260805	Matt.26.8	ἠγανάκτησαν	aganakteō	V-:3AAI-P--
01260806	Matt.26.8	λέγοντες	legō	V-:-PAPNPM-
01260807	Matt.26.8	Εἰς	eis	P-:--------
01260808	Matt.26.8	τί	tis	RI:----ASN-
01260809	Matt.26.8	ἡ	ho	RA:----NSF-
01260810	Matt.26.8	ἀπώλεια	apōleia	N-:----NSF-
01260811	Matt.26.8	αὕτη	houtos	RD:----NSF-
01260901	Matt.26.9	ἐδύνατο	dynamai	V-:3IMI-S--
01260902	Matt.26.9	γὰρ	gar	C-:--------
01260903	Matt.26.9	τοῦτο	houtos	RD:----NSN-
01260904	Matt.26.9	πραθῆναι	pipraskō	V-:-APN----
01260905	Matt.26.9	πολλοῦ	polys	A-:----GSN-
01260906	Matt.26.9	καὶ	kai	C-:--------
01260907	Matt.26.9	δοθῆναι	didōmi	V-:-APN----
01260908	Matt.26.9	πτωχοῖς	ptōchos	A-:----DPM-
01261001	Matt.26.10	γνοὺς	ginōskō	V-:-AAPNSM-
01261002	Matt.26.10	δὲ	de	C-:--------
01261003	Matt.26.10	ὁ	ho	RA:----NSM-
01261004	Matt.26.10	Ἰησοῦς	iēsous	N-:----NSM-
01261005	Matt.26.10	εἶπεν	legō	V-:3AAI-S--
01261006	Matt.26.10	αὐτοῖς	autos	RP:----DPM-
01261007	Matt.26.10	Τί	tis	RI:----ASN-
01261008	Matt.26.10	κόπους	kopos	N-:----APM-
01261009	Matt.26.10	παρέχετε	parechō	V-:2PAI-P--
01261010	Matt.26.10	τῇ	ho	RA:----DSF-
01261011	Matt.26.10	γυναικί	gynē	N-:----DSF-
01261012	Matt.26.10	ἔργον	ergon	N-:----ASN-
01261013	Matt.26.10	γὰρ	gar	C-:--------
01261014	Matt.26.10	καλὸν	kalos	A-:----ASN-
01261015	Matt.26.10	ἠργάσατο	ergazomai	V-:3AMI-S--
01261016	Matt.26.10	εἰς	eis	P-:--------
01261017	Matt.26.10	ἐμέ	egō	RP:----AS--
01261101	Matt.26.11	πάντοτε	pantote	D-:--------
01261102	Matt.26.11	γὰρ	gar	C-:--------
01261103	Matt.26.11	τοὺς	ho	RA:----APM-
01261104	Matt.26.11	πτωχοὺς	ptōchos	A-:----APM-
01261105	Matt.26.11	ἔχετε	echō	V-:2PAI-P--
01261106	Matt.26.11	μεθ’	meta	P-:--------
01261107	Matt.26.11	ἑαυτῶν	heautou	RP:----GPM-
01261108	Matt.26.11	ἐμὲ	egō	RP:----AS--
01261109	Matt.26.11	δὲ	de	C-:--------
01261110	Matt.26.11	οὐ	ou	D-:--------
01261111	Matt.26.11	πάντοτε	pantote	D-:--------
01261112	Matt.26.11	ἔχετε	echō	V-:2PAI-P--
01261201	Matt.26.12	βαλοῦσα	ballō	V-:-AAPNSF-
01261202	Matt.26.12	γὰρ	gar	C-:--------
01261203	Matt.26.12	αὕτη	houtos	RD:----NSF-
01261204	Matt.26.12	τὸ	ho	RA:----ASN-
01261205	Matt.26.12	μύρον	myron	N-:----ASN-
01261206	Matt.26.12	τοῦτο	houtos	RD:----ASN-
01261207	Matt.26.12	ἐπὶ	epi	P-:--------
01261208	Matt.26.12	τοῦ	ho	RA:----GSN-
01261209	Matt.26.12	σώματός	sōma	N-:----GSN-
01261210	Matt.26.12	μου	egō	RP:----GS--
01261211	Matt.26.12	πρὸς	pros	P-:--------
01261212	Matt.26.12	τὸ	ho	RA:----ASN-
01261213	Matt.26.12	ἐνταφιάσαι	entaphiazō	V-:-AAN----
01261214	Matt.26.12	με	egō	RP:----AS--
01261215	Matt.26.12	ἐποίησεν	poieō	V-:3AAI-S--
01261301	Matt.26.13	ἀμὴν	amēn	X-:--------
01261302	Matt.26.13	λέγω	legō	V-:1PAI-S--
01261303	Matt.26.13	ὑμῖν	sy	RP:----DP--
01261304	Matt.26.13	ὅπου	hopou	C-:--------
01261305	Matt.26.13	ἐὰν	ean	X-:--------
01261306	Matt.26.13	κηρυχθῇ	kēryssō	V-:3APS-S--
01261307	Matt.26.13	τὸ	ho	RA:----NSN-
01261308	Matt.26.13	εὐαγγέλιον	euangelion	N-:----NSN-
01261309	Matt.26.13	τοῦτο	houtos	RD:----NSN-
01261310	Matt.26.13	ἐν	en	P-:--------
01261311	Matt.26.13	ὅλῳ	holos	A-:----DSM-
01261312	Matt.26.13	τῷ	ho	RA:----DSM-
01261313	Matt.26.13	κόσμῳ	kosmos	N-:----DSM-
01261314	Matt.26.13	λαληθήσεται	laleō	V-:3FPI-S--
01261315	Matt.26.13	καὶ	kai	D-:--------
01261316	Matt.26.13	ὃ	hos	RR:----ASN-
01261317	Matt.26.13	ἐποίησεν	poieō	V-:3AAI-S--
01261318	Matt.26.13	αὕτη	houtos	RD:----NSF-
01261319	Matt.26.13	εἰς	eis	P-:--------
01261320	Matt.26.13	μνημόσυνον	mnēmosynon	N-:----ASN-
01261321	Matt.26.13	αὐτῆς	autos	RP:----GSF-
01261401	Matt.26.14	Τότε	tote	D-:--------
01261402	Matt.26.14	πορευθεὶς	poreuomai	V-:-APPNSM-
01261403	Matt.26.14	εἷς	heis	A-:----NSM-
01261404	Matt.26.14	τῶν	ho	RA:----GPM-
01261405	Matt.26.14	δώδεκα	dōdeka	A-:----GPM-
01261406	Matt.26.14	ὁ	ho	RA:----NSM-
01261407	Matt.26.14	λεγόμενος	legō	V-:-PPPNSM-
01261408	Matt.26.14	Ἰούδας	ioudas	N-:----NSM-
01261409	Matt.26.14	Ἰσκαριώτης	iskariōtēs	N-:----NSM-
01261410	Matt.26.14	πρὸς	pros	P-:--------
01261411	Matt.26.14	τοὺς	ho	RA:----APM-
01261412	Matt.26.14	ἀρχιερεῖς	archiereus	N-:----APM-
01261501	Matt.26.15	εἶπεν	legō	V-:3AAI-S--
01261502	Matt.26.15	Τί	tis	RI:----ASN-
01261503	Matt.26.15	θέλετέ	thelō	V-:2PAI-P--
01261504	Matt.26.15	μοι	egō	RP:----DS--
01261505	Matt.26.15	δοῦναι	didōmi	V-:-AAN----
01261506	Matt.26.15	κἀγὼ	kagō	RP:----NS--
01261507	Matt.26.15	ὑμῖν	sy	RP:----DP--
01261508	Matt.26.15	παραδώσω	paradidōmi	V-:1FAI-S--
01261509	Matt.26.15	αὐτόν	autos	RP:----ASM-
01261510	Matt.26.15	οἱ	ho	RA:----NPM-
01261511	Matt.26.15	δὲ	de	C-:--------
01261512	Matt.26.15	ἔστησαν	histēmi	V-:3AAI-P--
01261513	Matt.26.15	αὐτῷ	autos	RP:----DSM-
01261514	Matt.26.15	τριάκοντα	triakonta	A-:----APN-
01261515	Matt.26.15	ἀργύρια	argyrion	N-:----APN-
01261601	Matt.26.16	καὶ	kai	C-:--------
01261602	Matt.26.16	ἀπὸ	apo	P-:--------
01261603	Matt.26.16	τότε	tote	D-:--------
01261604	Matt.26.16	ἐζήτει	zēteō	V-:3IAI-S--
01261605	Matt.26.16	εὐκαιρίαν	eukairia	N-:----ASF-
01261606	Matt.26.16	ἵνα	hina	C-:--------
01261607	Matt.26.16	αὐτὸν	autos	RP:----ASM-
01261608	Matt.26.16	παραδῷ	paradidōmi	V-:3AAS-S--
01261701	Matt.26.17	Τῇ	ho	RA:----DSF-
01261702	Matt.26.17	δὲ	de	C-:--------
01261703	Matt.26.17	πρώτῃ	prōtos	A-:----DSF-
01261704	Matt.26.17	τῶν	ho	RA:----GPN-
01261705	Matt.26.17	ἀζύμων	azymos	A-:----GPN-
01261706	Matt.26.17	προσῆλθον	proserchomai	V-:3AAI-P--
01261707	Matt.26.17	οἱ	ho	RA:----NPM-
01261708	Matt.26.17	μαθηταὶ	mathētēs	N-:----NPM-
01261709	Matt.26.17	τῷ	ho	RA:----DSM-
01261710	Matt.26.17	Ἰησοῦ	iēsous	N-:----DSM-
01261711	Matt.26.17	λέγοντες	legō	V-:-PAPNPM-
01261712	Matt.26.17	Ποῦ	pou	D-:--------
01261713	Matt.26.17	θέλεις	thelō	V-:2PAI-S--
01261714	Matt.26.17	ἑτοιμάσωμέν	hetoimazō	V-:1AAS-P--
01261715	Matt.26.17	σοι	sy	RP:----DS--
01261716	Matt.26.17	φαγεῖν	esthiō	V-:-AAN----
01261717	Matt.26.17	τὸ	ho	RA:----ASN-
01261718	Matt.26.17	πάσχα	pascha	N-:----ASN-
01261801	Matt.26.18	ὁ	ho	RA:----NSM-
01261802	Matt.26.18	δὲ	de	C-:--------
01261803	Matt.26.18	εἶπεν	legō	V-:3AAI-S--
01261804	Matt.26.18	Ὑπάγετε	hypagō	V-:2PAD-P--
01261805	Matt.26.18	εἰς	eis	P-:--------
01261806	Matt.26.18	τὴν	ho	RA:----ASF-
01261807	Matt.26.18	πόλιν	polis	N-:----ASF-
01261808	Matt.26.18	πρὸς	pros	P-:--------
01261809	Matt.26.18	τὸν	ho	RA:----ASM-
01261810	Matt.26.18	δεῖνα	deina	N-:----ASM-
01261811	Matt.26.18	καὶ	kai	C-:--------
01261812	Matt.26.18	εἴπατε	legō	V-:2AAD-P--
01261813	Matt.26.18	αὐτῷ	autos	RP:----DSM-
01261814	Matt.26.18	Ὁ	ho	RA:----NSM-
01261815	Matt.26.18	διδάσκαλος	didaskalos	N-:----NSM-
01261816	Matt.26.18	λέγει	legō	V-:3PAI-S--
01261817	Matt.26.18	Ὁ	ho	RA:----NSM-
01261818	Matt.26.18	καιρός	kairos	N-:----NSM-
01261819	Matt.26.18	μου	egō	RP:----GS--
01261820	Matt.26.18	ἐγγύς	engys	D-:--------
01261821	Matt.26.18	ἐστιν	eimi	V-:3PAI-S--
01261822	Matt.26.18	πρὸς	pros	P-:--------
01261823	Matt.26.18	σὲ	sy	RP:----AS--
01261824	Matt.26.18	ποιῶ	poieō	V-:1PAI-S--
01261825	Matt.26.18	τὸ	ho	RA:----ASN-
01261826	Matt.26.18	πάσχα	pascha	N-:----ASN-
01261827	Matt.26.18	μετὰ	meta	P-:--------
01261828	Matt.26.18	τῶν	ho	RA:----GPM-
01261829	Matt.26.18	μαθητῶν	mathētēs	N-:----GPM-
01261830	Matt.26.18	μου	egō	RP:----GS--
01261901	Matt.26.19	καὶ	kai	C-:--------
01261902	Matt.26.19	ἐποίησαν	poieō	V-:3AAI-P--
01261903	Matt.26.19	οἱ	ho	RA:----NPM-
01261904	Matt.26.19	μαθηταὶ	mathētēs	N-:----NPM-
01261905	Matt.26.19	ὡς	hōs	C-:--------
01261906	Matt.26.19	συνέταξεν	syntassō	V-:3AAI-S--
01261907	Matt.26.19	αὐτοῖς	autos	RP:----DPM-
01261908	Matt.26.19	ὁ	ho	RA:----NSM-
01261909	Matt.26.19	Ἰησοῦς	iēsous	N-:----NSM-
01261910	Matt.26.19	καὶ	kai	C-:--------
01261911	Matt.26.19	ἡτοίμασαν	hetoimazō	V-:3AAI-P--
01261912	Matt.26.19	τὸ	ho	RA:----ASN-
01261913	Matt.26.19	πάσχα	pascha	N-:----ASN-
01262001	Matt.26.20	Ὀψίας	opsia	A-:----GSF-
01262002	Matt.26.20	δὲ	de	C-:--------
01262003	Matt.26.20	γενομένης	ginomai	V-:-AMPGSF-
01262004	Matt.26.20	ἀνέκειτο	anakeimai	V-:3IMI-S--
01262005	Matt.26.20	μετὰ	meta	P-:--------
01262006	Matt.26.20	τῶν	ho	RA:----GPM-
01262007	Matt.26.20	δώδεκα	dōdeka	A-:----GPM-
01262008	Matt.26.20	μαθητῶν	mathētēs	N-:----GPM-
01262101	Matt.26.21	καὶ	kai	C-:--------
01262102	Matt.26.21	ἐσθιόντων	esthiō	V-:-PAPGPM-
01262103	Matt.26.21	αὐτῶν	autos	RP:----GPM-
01262104	Matt.26.21	εἶπεν	legō	V-:3AAI-S--
01262105	Matt.26.21	Ἀμὴν	amēn	X-:--------
01262106	Matt.26.21	λέγω	legō	V-:1PAI-S--
01262107	Matt.26.21	ὑμῖν	sy	RP:----DP--
01262108	Matt.26.21	ὅτι	hoti	C-:--------
01262109	Matt.26.21	εἷς	heis	A-:----NSM-
01262110	Matt.26.21	ἐξ	ek	P-:--------
01262111	Matt.26.21	ὑμῶν	sy	RP:----GP--
01262112	Matt.26.21	παραδώσει	paradidōmi	V-:3FAI-S--
01262113	Matt.26.21	με	egō	RP:----AS--
01262201	Matt.26.22	καὶ	kai	C-:--------
01262202	Matt.26.22	λυπούμενοι	lypeō	V-:-PPPNPM-
01262203	Matt.26.22	σφόδρα	sphodra	D-:--------
01262204	Matt.26.22	ἤρξαντο	archō	V-:3AMI-P--
01262205	Matt.26.22	λέγειν	legō	V-:-PAN----
01262206	Matt.26.22	αὐτῷ	autos	RP:----DSM-
01262207	Matt.26.22	εἷς	heis	A-:----NSM-
01262208	Matt.26.22	ἕκαστος	hekastos	A-:----NSM-
01262209	Matt.26.22	Μήτι	mēti	X-:--------
01262210	Matt.26.22	ἐγώ	egō	RP:----NS--
01262211	Matt.26.22	εἰμι	eimi	V-:1PAI-S--
01262212	Matt.26.22	κύριε	kyrios	N-:----VSM-
01262301	Matt.26.23	ὁ	ho	RA:----NSM-
01262302	Matt.26.23	δὲ	de	C-:--------
01262303	Matt.26.23	ἀποκριθεὶς	apokrinomai	V-:-APPNSM-
01262304	Matt.26.23	εἶπεν	legō	V-:3AAI-S--
01262305	Matt.26.23	Ὁ	ho	RA:----NSM-
01262306	Matt.26.23	ἐμβάψας	embaptō	V-:-AAPNSM-
01262307	Matt.26.23	μετ’	meta	P-:--------
01262308	Matt.26.23	ἐμοῦ	egō	RP:----GS--
01262309	Matt.26.23	τὴν	ho	RA:----ASF-
01262310	Matt.26.23	χεῖρα	cheir	N-:----ASF-
01262311	Matt.26.23	ἐν	en	P-:--------
01262312	Matt.26.23	τῷ	ho	RA:----DSN-
01262313	Matt.26.23	τρυβλίῳ	tryblion	N-:----DSN-
01262314	Matt.26.23	οὗτός	houtos	RD:----NSM-
01262315	Matt.26.23	με	egō	RP:----AS--
01262316	Matt.26.23	παραδώσει	paradidōmi	V-:3FAI-S--
01262401	Matt.26.24	ὁ	ho	RA:----NSM-
01262402	Matt.26.24	μὲν	men	C-:--------
01262403	Matt.26.24	υἱὸς	huios	N-:----NSM-
01262404	Matt.26.24	τοῦ	ho	RA:----GSM-
01262405	Matt.26.24	ἀνθρώπου	anthrōpos	N-:----GSM-
01262406	Matt.26.24	ὑπάγει	hypagō	V-:3PAI-S--
01262407	Matt.26.24	καθὼς	kathōs	C-:--------
01262408	Matt.26.24	γέγραπται	graphō	V-:3XPI-S--
01262409	Matt.26.24	περὶ	peri	P-:--------
01262410	Matt.26.24	αὐτοῦ	autos	RP:----GSM-
01262411	Matt.26.24	οὐαὶ	ouai	X-:--------
01262412	Matt.26.24	δὲ	de	C-:--------
01262413	Matt.26.24	τῷ	ho	RA:----DSM-
01262414	Matt.26.24	ἀνθρώπῳ	anthrōpos	N-:----DSM-
01262415	Matt.26.24	ἐκείνῳ	ekeinos	RD:----DSM-
01262416	Matt.26.24	δι’	dia	P-:--------
01262417	Matt.26.24	οὗ	hos	RR:----GSM-
01262418	Matt.26.24	ὁ	ho	RA:----NSM-
01262419	Matt.26.24	υἱὸς	huios	N-:----NSM-
01262420	Matt.26.24	τοῦ	ho	RA:----GSM-
01262421	Matt.26.24	ἀνθρώπου	anthrōpos	N-:----GSM-
01262422	Matt.26.24	παραδίδοται	paradidōmi	V-:3PPI-S--
01262423	Matt.26.24	καλὸν	kalos	A-:----NSN-
01262424	Matt.26.24	ἦν	eimi	V-:3IAI-S--
01262425	Matt.26.24	αὐτῷ	autos	RP:----DSM-
01262426	Matt.26.24	εἰ	ei	C-:--------
01262427	Matt.26.24	οὐκ	ou	D-:--------
01262428	Matt.26.24	ἐγεννήθη	gennaō	V-:3API-S--
01262429	Matt.26.24	ὁ	ho	RA:----NSM-
01262430	Matt.26.24	ἄνθρωπος	anthrōpos	N-:----NSM-
01262431	Matt.26.24	ἐκεῖνος	ekeinos	RD:----NSM-
01262501	Matt.26.25	ἀποκριθεὶς	apokrinomai	V-:-APPNSM-
01262502	Matt.26.25	δὲ	de	C-:--------
01262503	Matt.26.25	Ἰούδας	ioudas	N-:----NSM-
01262504	Matt.26.25	ὁ	ho	RA:----NSM-
01262505	Matt.26.25	παραδιδοὺς	paradidōmi	V-:-PAPNSM-
01262506	Matt.26.25	αὐτὸν	autos	RP:----ASM-
01262507	Matt.26.25	εἶπεν	legō	V-:3AAI-S--
01262508	Matt.26.25	Μήτι	mēti	X-:--------
01262509	Matt.26.25	ἐγώ	egō	RP:----NS--
01262510	Matt.26.25	εἰμι	eimi	V-:1PAI-S--
01262511	Matt.26.25	ῥαββί	rhabbi	N-:----VSM-
01262512	Matt.26.25	λέγει	legō	V-:3PAI-S--
01262513	Matt.26.25	αὐτῷ	autos	RP:----DSM-
01262514	Matt.26.25	Σὺ	sy	RP:----NS--
01262515	Matt.26.25	εἶπας	legō	V-:2AAI-S--
01262601	Matt.26.26	Ἐσθιόντων	esthiō	V-:-PAPGPM-
01262602	Matt.26.26	δὲ	de	C-:--------
01262603	Matt.26.26	αὐτῶν	autos	RP:----GPM-
01262604	Matt.26.26	λαβὼν	lambanō	V-:-AAPNSM-
01262605	Matt.26.26	ὁ	ho	RA:----NSM-
01262606	Matt.26.26	Ἰησοῦς	iēsous	N-:----NSM-
01262607	Matt.26.26	ἄρτον	artos	N-:----ASM-
01262608	Matt.26.26	καὶ	kai	C-:--------
01262609	Matt.26.26	εὐλογήσας	eulogeō	V-:-AAPNSM-
01262610	Matt.26.26	ἔκλασεν	klaō	V-:3AAI-S--
01262611	Matt.26.26	καὶ	kai	C-:--------
01262612	Matt.26.26	δοὺς	didōmi	V-:-AAPNSM-
01262613	Matt.26.26	τοῖς	ho	RA:----DPM-
01262614	Matt.26.26	μαθηταῖς	mathētēs	N-:----DPM-
01262615	Matt.26.26	εἶπεν	legō	V-:3AAI-S--
01262616	Matt.26.26	Λάβετε	lambanō	V-:2AAD-P--
01262617	Matt.26.26	φάγετε	esthiō	V-:2AAD-P--
01262618	Matt.26.26	τοῦτό	houtos	RD:----NSN-
01262619	Matt.26.26	ἐστιν	eimi	V-:3PAI-S--
01262620	Matt.26.26	τὸ	ho	RA:----NSN-
01262621	Matt.26.26	σῶμά	sōma	N-:----NSN-
01262622	Matt.26.26	μου	egō	RP:----GS--
01262701	Matt.26.27	καὶ	kai	C-:--------
01262702	Matt.26.27	λαβὼν	lambanō	V-:-AAPNSM-
01262703	Matt.26.27	ποτήριον	potērion	N-:----ASN-
01262704	Matt.26.27	καὶ	kai	C-:--------
01262705	Matt.26.27	εὐχαριστήσας	eucharisteō	V-:-AAPNSM-
01262706	Matt.26.27	ἔδωκεν	didōmi	V-:3AAI-S--
01262707	Matt.26.27	αὐτοῖς	autos	RP:----DPM-
01262708	Matt.26.27	λέγων	legō	V-:-PAPNSM-
01262709	Matt.26.27	Πίετε	pinō	V-:2AAD-P--
01262710	Matt.26.27	ἐξ	ek	P-:--------
01262711	Matt.26.27	αὐτοῦ	autos	RP:----GSN-
01262712	Matt.26.27	πάντες	pas	A-:----NPM-
01262801	Matt.26.28	τοῦτο	houtos	RD:----NSN-
01262802	Matt.26.28	γάρ	gar	C-:--------
01262803	Matt.26.28	ἐστιν	eimi	V-:3PAI-S--
01262804	Matt.26.28	τὸ	ho	RA:----NSN-
01262805	Matt.26.28	αἷμά	haima	N-:----NSN-
01262806	Matt.26.28	μου	egō	RP:----GS--
01262807	Matt.26.28	τῆς	ho	RA:----GSF-
01262808	Matt.26.28	διαθήκης	diathēkē	N-:----GSF-
01262809	Matt.26.28	τὸ	ho	RA:----NSN-
01262810	Matt.26.28	περὶ	peri	P-:--------
01262811	Matt.26.28	πολλῶν	polys	A-:----GPM-
01262812	Matt.26.28	ἐκχυννόμενον	ekcheō	V-:-PPPNSN-
01262813	Matt.26.28	εἰς	eis	P-:--------
01262814	Matt.26.28	ἄφεσιν	aphesis	N-:----ASF-
01262815	Matt.26.28	ἁμαρτιῶν	hamartia	N-:----GPF-
01262901	Matt.26.29	λέγω	legō	V-:1PAI-S--
01262902	Matt.26.29	δὲ	de	C-:--------
01262903	Matt.26.29	ὑμῖν	sy	RP:----DP--
01262904	Matt.26.29	οὐ	ou	D-:--------
01262905	Matt.26.29	μὴ	mē	D-:--------
01262906	Matt.26.29	πίω	pinō	V-:1AAS-S--
01262907	Matt.26.29	ἀπ’	apo	P-:--------
01262908	Matt.26.29	ἄρτι	arti	D-:--------
01262909	Matt.26.29	ἐκ	ek	P-:--------
01262910	Matt.26.29	τούτου	houtos	RD:----GSN-
01262911	Matt.26.29	τοῦ	ho	RA:----GSN-
01262912	Matt.26.29	γενήματος	genēma	N-:----GSN-
01262913	Matt.26.29	τῆς	ho	RA:----GSF-
01262914	Matt.26.29	ἀμπέλου	ampelos	N-:----GSF-
01262915	Matt.26.29	ἕως	heōs	P-:--------
01262916	Matt.26.29	τῆς	ho	RA:----GSF-
01262917	Matt.26.29	ἡμέρας	hēmera	N-:----GSF-
01262918	Matt.26.29	ἐκείνης	ekeinos	RD:----GSF-
01262919	Matt.26.29	ὅταν	hotan	D-:--------
01262920	Matt.26.29	αὐτὸ	autos	RP:----ASN-
01262921	Matt.26.29	πίνω	pinō	V-:1PAS-S--
01262922	Matt.26.29	μεθ’	meta	P-:--------
01262923	Matt.26.29	ὑμῶν	sy	RP:----GP--
01262924	Matt.26.29	καινὸν	kainos	A-:----ASN-
01262925	Matt.26.29	ἐν	en	P-:--------
01262926	Matt.26.29	τῇ	ho	RA:----DSF-
01262927	Matt.26.29	βασιλείᾳ	basileia	N-:----DSF-
01262928	Matt.26.29	τοῦ	ho	RA:----GSM-
01262929	Matt.26.29	πατρός	patēr	N-:----GSM-
01262930	Matt.26.29	μου	egō	RP:----GS--
01263001	Matt.26.30	καὶ	kai	C-:--------
01263002	Matt.26.30	ὑμνήσαντες	hymneō	V-:-AAPNPM-
01263003	Matt.26.30	ἐξῆλθον	exerchomai	V-:3AAI-P--
01263004	Matt.26.30	εἰς	eis	P-:--------
01263005	Matt.26.30	τὸ	ho	RA:----ASN-
01263006	Matt.26.30	Ὄρος	oros	N-:----ASN-
01263007	Matt.26.30	τῶν	ho	RA:----GPF-
01263008	Matt.26.30	Ἐλαιῶν	elaia	N-:----GPF-
01263101	Matt.26.31	Τότε	tote	D-:--------
01263102	Matt.26.31	λέγει	legō	V-:3PAI-S--
01263103	Matt.26.31	αὐτοῖς	autos	RP:----DPM-
01263104	Matt.26.31	ὁ	ho	RA:----NSM-
01263105	Matt.26.31	Ἰησοῦς	iēsous	N-:----NSM-
01263106	Matt.26.31	Πάντες	pas	A-:----NPM-
01263107	Matt.26.31	ὑμεῖς	sy	RP:----NP--
01263108	Matt.26.31	σκανδαλισθήσεσθε	skandalizō	V-:2FPI-P--
01263109	Matt.26.31	ἐν	en	P-:--------
01263110	Matt.26.31	ἐμοὶ	egō	RP:----DS--
01263111	Matt.26.31	ἐν	en	P-:--------
01263112	Matt.26.31	τῇ	ho	RA:----DSF-
01263113	Matt.26.31	νυκτὶ	nyx	N-:----DSF-
01263114	Matt.26.31	ταύτῃ	houtos	RD:----DSF-
01263115	Matt.26.31	γέγραπται	graphō	V-:3XPI-S--
01263116	Matt.26.31	γάρ	gar	C-:--------
01263117	Matt.26.31	Πατάξω	patassō	V-:1FAI-S--
01263118	Matt.26.31	τὸν	ho	RA:----ASM-
01263119	Matt.26.31	ποιμένα	poimēn	N-:----ASM-
01263120	Matt.26.31	καὶ	kai	C-:--------
01263121	Matt.26.31	διασκορπισθήσονται	diaskorpizō	V-:3FPI-P--
01263122	Matt.26.31	τὰ	ho	RA:----NPN-
01263123	Matt.26.31	πρόβατα	probaton	N-:----NPN-
01263124	Matt.26.31	τῆς	ho	RA:----GSF-
01263125	Matt.26.31	ποίμνης	poimnē	N-:----GSF-
01263201	Matt.26.32	μετὰ	meta	P-:--------
01263202	Matt.26.32	δὲ	de	C-:--------
01263203	Matt.26.32	τὸ	ho	RA:----ASN-
01263204	Matt.26.32	ἐγερθῆναί	egeirō	V-:-APN----
01263205	Matt.26.32	με	egō	RP:----AS--
01263206	Matt.26.32	προάξω	proagō	V-:1FAI-S--
01263207	Matt.26.32	ὑμᾶς	sy	RP:----AP--
01263208	Matt.26.32	εἰς	eis	P-:--------
01263209	Matt.26.32	τὴν	ho	RA:----ASF-
01263210	Matt.26.32	Γαλιλαίαν	galilaia	N-:----ASF-
01263301	Matt.26.33	ἀποκριθεὶς	apokrinomai	V-:-APPNSM-
01263302	Matt.26.33	δὲ	de	C-:--------
01263303	Matt.26.33	ὁ	ho	RA:----NSM-
01263304	Matt.26.33	Πέτρος	petros	N-:----NSM-
01263305	Matt.26.33	εἶπεν	legō	V-:3AAI-S--
01263306	Matt.26.33	αὐτῷ	autos	RP:----DSM-
01263307	Matt.26.33	Εἰ	ei	C-:--------
01263308	Matt.26.33	πάντες	pas	A-:----NPM-
01263309	Matt.26.33	σκανδαλισθήσονται	skandalizō	V-:3FPI-P--
01263310	Matt.26.33	ἐν	en	P-:--------
01263311	Matt.26.33	σοί	sy	RP:----DS--
01263312	Matt.26.33	ἐγὼ	egō	RP:----NS--
01263313	Matt.26.33	οὐδέποτε	oudepote	D-:--------
01263314	Matt.26.33	σκανδαλισθήσομαι	skandalizō	V-:1FPI-S--
01263401	Matt.26.34	ἔφη	phēmi	V-:3IAI-S--
01263402	Matt.26.34	αὐτῷ	autos	RP:----DSM-
01263403	Matt.26.34	ὁ	ho	RA:----NSM-
01263404	Matt.26.34	Ἰησοῦς	iēsous	N-:----NSM-
01263405	Matt.26.34	Ἀμὴν	amēn	X-:--------
01263406	Matt.26.34	λέγω	legō	V-:1PAI-S--
01263407	Matt.26.34	σοι	sy	RP:----DS--
01263408	Matt.26.34	ὅτι	hoti	C-:--------
01263409	Matt.26.34	ἐν	en	P-:--------
01263410	Matt.26.34	ταύτῃ	houtos	RD:----DSF-
01263411	Matt.26.34	τῇ	ho	RA:----DSF-
01263412	Matt.26.34	νυκτὶ	nyx	N-:----DSF-
01263413	Matt.26.34	πρὶν	prin	D-:--------
01263414	Matt.26.34	ἀλέκτορα	alektōr	N-:----ASM-
01263415	Matt.26.34	φωνῆσαι	phōneō	V-:-AAN----
01263416	Matt.26.34	τρὶς	tris	D-:--------
01263417	Matt.26.34	ἀπαρνήσῃ	aparneomai	V-:2FMI-S--
01263418	Matt.26.34	με	egō	RP:----AS--
01263501	Matt.26.35	λέγει	legō	V-:3PAI-S--
01263502	Matt.26.35	αὐτῷ	autos	RP:----DSM-
01263503	Matt.26.35	ὁ	ho	RA:----NSM-
01263504	Matt.26.35	Πέτρος	petros	N-:----NSM-
01263505	Matt.26.35	Κἂν	kan	D-:--------
01263506	Matt.26.35	δέῃ	deō	V-:3PAS-S--
01263507	Matt.26.35	με	egō	RP:----AS--
01263508	Matt.26.35	σὺν	syn	P-:--------
01263509	Matt.26.35	σοὶ	sy	RP:----DS--
01263510	Matt.26.35	ἀποθανεῖν	apothnēskō	V-:-AAN----
01263511	Matt.26.35	οὐ	ou	D-:--------
01263512	Matt.26.35	μή	mē	D-:--------
01263513	Matt.26.35	σε	sy	RP:----AS--
01263514	Matt.26.35	ἀπαρνήσομαι	aparneomai	V-:1FMI-S--
01263515	Matt.26.35	ὁμοίως	homoiōs	D-:--------
01263516	Matt.26.35	καὶ	kai	D-:--------
01263517	Matt.26.35	πάντες	pas	A-:----NPM-
01263518	Matt.26.35	οἱ	ho	RA:----NPM-
01263519	Matt.26.35	μαθηταὶ	mathētēs	N-:----NPM-
01263520	Matt.26.35	εἶπαν	legō	V-:3AAI-P--
01263601	Matt.26.36	Τότε	tote	D-:--------
01263602	Matt.26.36	ἔρχεται	erchomai	V-:3PMI-S--
01263603	Matt.26.36	μετ’	meta	P-:--------
01263604	Matt.26.36	αὐτῶν	autos	RP:----GPM-
01263605	Matt.26.36	ὁ	ho	RA:----NSM-
01263606	Matt.26.36	Ἰησοῦς	iēsous	N-:----NSM-
01263607	Matt.26.36	εἰς	eis	P-:--------
01263608	Matt.26.36	χωρίον	chōrion	N-:----ASN-
01263609	Matt.26.36	λεγόμενον	legō	V-:-PPPASN-
01263610	Matt.26.36	Γεθσημανί	gethsēmani	N-:----ASN-
01263611	Matt.26.36	καὶ	kai	C-:--------
01263612	Matt.26.36	λέγει	legō	V-:3PAI-S--
01263613	Matt.26.36	τοῖς	ho	RA:----DPM-
01263614	Matt.26.36	μαθηταῖς	mathētēs	N-:----DPM-
01263615	Matt.26.36	Καθίσατε	kathizō	V-:2AAD-P--
01263616	Matt.26.36	αὐτοῦ	autou	D-:--------
01263617	Matt.26.36	ἕως	heōs	P-:--------
01263618	Matt.26.36	οὗ	hos	RR:----GSM-
01263619	Matt.26.36	ἀπελθὼν	aperchomai	V-:-AAPNSM-
01263620	Matt.26.36	ἐκεῖ	ekei	D-:--------
01263621	Matt.26.36	προσεύξωμαι	proseuchomai	V-:1AMS-S--
01263701	Matt.26.37	καὶ	kai	C-:--------
01263702	Matt.26.37	παραλαβὼν	paralambanō	V-:-AAPNSM-
01263703	Matt.26.37	τὸν	ho	RA:----ASM-
01263704	Matt.26.37	Πέτρον	petros	N-:----ASM-
01263705	Matt.26.37	καὶ	kai	C-:--------
01263706	Matt.26.37	τοὺς	ho	RA:----APM-
01263707	Matt.26.37	δύο	dyo	A-:----APM-
01263708	Matt.26.37	υἱοὺς	huios	N-:----APM-
01263709	Matt.26.37	Ζεβεδαίου	zebedaios	N-:----GSM-
01263710	Matt.26.37	ἤρξατο	archō	V-:3AMI-S--
01263711	Matt.26.37	λυπεῖσθαι	lypeō	V-:-PPN----
01263712	Matt.26.37	καὶ	kai	C-:--------
01263713	Matt.26.37	ἀδημονεῖν	adēmoneō	V-:-PAN----
01263801	Matt.26.38	τότε	tote	D-:--------
01263802	Matt.26.38	λέγει	legō	V-:3PAI-S--
01263803	Matt.26.38	αὐτοῖς	autos	RP:----DPM-
01263804	Matt.26.38	Περίλυπός	perilypos	A-:----NSF-
01263805	Matt.26.38	ἐστιν	eimi	V-:3PAI-S--
01263806	Matt.26.38	ἡ	ho	RA:----NSF-
01263807	Matt.26.38	ψυχή	psychē	N-:----NSF-
01263808	Matt.26.38	μου	egō	RP:----GS--
01263809	Matt.26.38	ἕως	heōs	P-:--------
01263810	Matt.26.38	θανάτου	thanatos	N-:----GSM-
01263811	Matt.26.38	μείνατε	menō	V-:2AAD-P--
01263812	Matt.26.38	ὧδε	hōde	D-:--------
01263813	Matt.26.38	καὶ	kai	C-:--------
01263814	Matt.26.38	γρηγορεῖτε	grēgoreō	V-:2PAD-P--
01263815	Matt.26.38	μετ’	meta	P-:--------
01263816	Matt.26.38	ἐμοῦ	egō	RP:----GS--
01263901	Matt.26.39	καὶ	kai	C-:--------
01263902	Matt.26.39	προελθὼν	proerchomai	V-:-AAPNSM-
01263903	Matt.26.39	μικρὸν	mikros	A-:----ASN-
01263904	Matt.26.39	ἔπεσεν	piptō	V-:3AAI-S--
01263905	Matt.26.39	ἐπὶ	epi	P-:--------
01263906	Matt.26.39	πρόσωπον	prosōpon	N-:----ASN-
01263907	Matt.26.39	αὐτοῦ	autos	RP:----GSM-
01263908	Matt.26.39	προσευχόμενος	proseuchomai	V-:-PMPNSM-
01263909	Matt.26.39	καὶ	kai	C-:--------
01263910	Matt.26.39	λέγων	legō	V-:-PAPNSM-
01263911	Matt.26.39	Πάτερ	patēr	N-:----VSM-
01263912	Matt.26.39	μου	egō	RP:----GS--
01263913	Matt.26.39	εἰ	ei	C-:--------
01263914	Matt.26.39	δυνατόν	dynatos	A-:----NSN-
01263915	Matt.26.39	ἐστιν	eimi	V-:3PAI-S--
01263916	Matt.26.39	παρελθάτω	parerchomai	V-:3AAD-S--
01263917	Matt.26.39	ἀπ’	apo	P-:--------
01263918	Matt.26.39	ἐμοῦ	egō	RP:----GS--
01263919	Matt.26.39	τὸ	ho	RA:----NSN-
01263920	Matt.26.39	ποτήριον	potērion	N-:----NSN-
01263921	Matt.26.39	τοῦτο	houtos	RD:----NSN-
01263922	Matt.26.39	πλὴν	plēn	C-:--------
01263923	Matt.26.39	οὐχ	ou	D-:--------
01263924	Matt.26.39	ὡς	hōs	C-:--------
01263925	Matt.26.39	ἐγὼ	egō	RP:----NS--
01263926	Matt.26.39	θέλω	thelō	V-:1PAI-S--
01263927	Matt.26.39	ἀλλ’	alla	C-:--------
01263928	Matt.26.39	ὡς	hōs	C-:--------
01263929	Matt.26.39	σύ	sy	RP:----NS--
01264001	Matt.26.40	καὶ	kai	C-:--------
01264002	Matt.26.40	ἔρχεται	erchomai	V-:3PMI-S--
01264003	Matt.26.40	πρὸς	pros	P-:--------
01264004	Matt.26.40	τοὺς	ho	RA:----APM-
01264005	Matt.26.40	μαθητὰς	mathētēs	N-:----APM-
01264006	Matt.26.40	καὶ	kai	C-:--------
01264007	Matt.26.40	εὑρίσκει	heuriskō	V-:3PAI-S--
01264008	Matt.26.40	αὐτοὺς	autos	RP:----APM-
01264009	Matt.26.40	καθεύδοντας	katheudō	V-:-PAPAPM-
01264010	Matt.26.40	καὶ	kai	C-:--------
01264011	Matt.26.40	λέγει	legō	V-:3PAI-S--
01264012	Matt.26.40	τῷ	ho	RA:----DSM-
01264013	Matt.26.40	Πέτρῳ	petros	N-:----DSM-
01264014	Matt.26.40	Οὕτως	houtō(s)	D-:--------
01264015	Matt.26.40	οὐκ	ou	D-:--------
01264016	Matt.26.40	ἰσχύσατε	ischyō	V-:2AAI-P--
01264017	Matt.26.40	μίαν	heis	A-:----ASF-
01264018	Matt.26.40	ὥραν	hōra	N-:----ASF-
01264019	Matt.26.40	γρηγορῆσαι	grēgoreō	V-:-AAN----
01264020	Matt.26.40	μετ’	meta	P-:--------
01264021	Matt.26.40	ἐμοῦ	egō	RP:----GS--
01264101	Matt.26.41	γρηγορεῖτε	grēgoreō	V-:2PAD-P--
01264102	Matt.26.41	καὶ	kai	C-:--------
01264103	Matt.26.41	προσεύχεσθε	proseuchomai	V-:2PMD-P--
01264104	Matt.26.41	ἵνα	hina	C-:--------
01264105	Matt.26.41	μὴ	mē	D-:--------
01264106	Matt.26.41	εἰσέλθητε	eiserchomai	V-:2AAS-P--
01264107	Matt.26.41	εἰς	eis	P-:--------
01264108	Matt.26.41	πειρασμόν	peirasmos	N-:----ASM-
01264109	Matt.26.41	τὸ	ho	RA:----NSN-
01264110	Matt.26.41	μὲν	men	C-:--------
01264111	Matt.26.41	πνεῦμα	pneuma	N-:----NSN-
01264112	Matt.26.41	πρόθυμον	prothymos	A-:----NSN-
01264113	Matt.26.41	ἡ	ho	RA:----NSF-
01264114	Matt.26.41	δὲ	de	C-:--------
01264115	Matt.26.41	σὰρξ	sarx	N-:----NSF-
01264116	Matt.26.41	ἀσθενής	asthenēs	A-:----NSF-
01264201	Matt.26.42	πάλιν	palin	D-:--------
01264202	Matt.26.42	ἐκ	ek	P-:--------
01264203	Matt.26.42	δευτέρου	deuteros	A-:----GSN-
01264204	Matt.26.42	ἀπελθὼν	aperchomai	V-:-AAPNSM-
01264205	Matt.26.42	προσηύξατο	proseuchomai	V-:3AMI-S--
01264206	Matt.26.42	λέγων	legō	V-:-PAPNSM-
01264207	Matt.26.42	Πάτερ	patēr	N-:----VSM-
01264208	Matt.26.42	μου	egō	RP:----GS--
01264209	Matt.26.42	εἰ	ei	C-:--------
01264210	Matt.26.42	οὐ	ou	D-:--------
01264211	Matt.26.42	δύναται	dynamai	V-:3PMI-S--
01264212	Matt.26.42	τοῦτο	houtos	RD:----NSN-
01264213	Matt.26.42	παρελθεῖν	parerchomai	V-:-AAN----
01264214	Matt.26.42	ἐὰν	ean	C-:--------
01264215	Matt.26.42	μὴ	mē	D-:--------
01264216	Matt.26.42	αὐτὸ	autos	RP:----ASN-
01264217	Matt.26.42	πίω	pinō	V-:1AAS-S--
01264218	Matt.26.42	γενηθήτω	ginomai	V-:3APD-S--
01264219	Matt.26.42	τὸ	ho	RA:----NSN-
01264220	Matt.26.42	θέλημά	thelēma	N-:----NSN-
01264221	Matt.26.42	σου	sy	RP:----GS--
01264301	Matt.26.43	καὶ	kai	C-:--------
01264302	Matt.26.43	ἐλθὼν	erchomai	V-:-AAPNSM-
01264303	Matt.26.43	πάλιν	palin	D-:--------
01264304	Matt.26.43	εὗρεν	heuriskō	V-:3AAI-S--
01264305	Matt.26.43	αὐτοὺς	autos	RP:----APM-
01264306	Matt.26.43	καθεύδοντας	katheudō	V-:-PAPAPM-
01264307	Matt.26.43	ἦσαν	eimi	V-:3IAI-P--
01264308	Matt.26.43	γὰρ	gar	C-:--------
01264309	Matt.26.43	αὐτῶν	autos	RP:----GPM-
01264310	Matt.26.43	οἱ	ho	RA:----NPM-
01264311	Matt.26.43	ὀφθαλμοὶ	ophthalmos	N-:----NPM-
01264312	Matt.26.43	βεβαρημένοι	bareō	V-:-XPPNPM-
01264401	Matt.26.44	καὶ	kai	C-:--------
01264402	Matt.26.44	ἀφεὶς	aphiēmi	V-:-AAPNSM-
01264403	Matt.26.44	αὐτοὺς	autos	RP:----APM-
01264404	Matt.26.44	πάλιν	palin	D-:--------
01264405	Matt.26.44	ἀπελθὼν	aperchomai	V-:-AAPNSM-
01264406	Matt.26.44	προσηύξατο	proseuchomai	V-:3AMI-S--
01264407	Matt.26.44	ἐκ	ek	P-:--------
01264408	Matt.26.44	τρίτου	tritos	A-:----GSN-
01264409	Matt.26.44	τὸν	ho	RA:----ASM-
01264410	Matt.26.44	αὐτὸν	autos	A-:----ASM-
01264411	Matt.26.44	λόγον	logos	N-:----ASM-
01264412	Matt.26.44	εἰπὼν	legō	V-:-AAPNSM-
01264413	Matt.26.44	πάλιν	palin	D-:--------
01264501	Matt.26.45	τότε	tote	D-:--------
01264502	Matt.26.45	ἔρχεται	erchomai	V-:3PMI-S--
01264503	Matt.26.45	πρὸς	pros	P-:--------
01264504	Matt.26.45	τοὺς	ho	RA:----APM-
01264505	Matt.26.45	μαθητὰς	mathētēs	N-:----APM-
01264506	Matt.26.45	καὶ	kai	C-:--------
01264507	Matt.26.45	λέγει	legō	V-:3PAI-S--
01264508	Matt.26.45	αὐτοῖς	autos	RP:----DPM-
01264509	Matt.26.45	Καθεύδετε	katheudō	V-:2PAI-P--
01264510	Matt.26.45	τὸ	ho	RA:----ASN-
01264511	Matt.26.45	λοιπὸν	loipos	A-:----ASN-
01264512	Matt.26.45	καὶ	kai	C-:--------
01264513	Matt.26.45	ἀναπαύεσθε	anapauō	V-:2PMI-P--
01264514	Matt.26.45	ἰδοὺ	idou	X-:--------
01264515	Matt.26.45	ἤγγικεν	engizō	V-:3XAI-S--
01264516	Matt.26.45	ἡ	ho	RA:----NSF-
01264517	Matt.26.45	ὥρα	hōra	N-:----NSF-
01264518	Matt.26.45	καὶ	kai	C-:--------
01264519	Matt.26.45	ὁ	ho	RA:----NSM-
01264520	Matt.26.45	υἱὸς	huios	N-:----NSM-
01264521	Matt.26.45	τοῦ	ho	RA:----GSM-
01264522	Matt.26.45	ἀνθρώπου	anthrōpos	N-:----GSM-
01264523	Matt.26.45	παραδίδοται	paradidōmi	V-:3PPI-S--
01264524	Matt.26.45	εἰς	eis	P-:--------
01264525	Matt.26.45	χεῖρας	cheir	N-:----APF-
01264526	Matt.26.45	ἁμαρτωλῶν	hamartōlos	A-:----GPM-
01264601	Matt.26.46	ἐγείρεσθε	egeirō	V-:2PPD-P--
01264602	Matt.26.46	ἄγωμεν	agō	V-:1PAS-P--
01264603	Matt.26.46	ἰδοὺ	idou	X-:--------
01264604	Matt.26.46	ἤγγικεν	engizō	V-:3XAI-S--
01264605	Matt.26.46	ὁ	ho	RA:----NSM-
01264606	Matt.26.46	παραδιδούς	paradidōmi	V-:-PAPNSM-
01264607	Matt.26.46	με	egō	RP:----AS--
01264701	Matt.26.47	Καὶ	kai	C-:--------
01264702	Matt.26.47	ἔτι	eti	D-:--------
01264703	Matt.26.47	αὐτοῦ	autos	RP:----GSM-
01264704	Matt.26.47	λαλοῦντος	laleō	V-:-PAPGSM-
01264705	Matt.26.47	ἰδοὺ	idou	X-:--------
01264706	Matt.26.47	Ἰούδας	ioudas	N-:----NSM-
01264707	Matt.26.47	εἷς	heis	A-:----NSM-
01264708	Matt.26.47	τῶν	ho	RA:----GPM-
01264709	Matt.26.47	δώδεκα	dōdeka	A-:----GPM-
01264710	Matt.26.47	ἦλθεν	erchomai	V-:3AAI-S--
01264711	Matt.26.47	καὶ	kai	C-:--------
01264712	Matt.26.47	μετ’	meta	P-:--------
01264713	Matt.26.47	αὐτοῦ	autos	RP:----GSM-
01264714	Matt.26.47	ὄχλος	ochlos	N-:----NSM-
01264715	Matt.26.47	πολὺς	polys	A-:----NSM-
01264716	Matt.26.47	μετὰ	meta	P-:--------
01264717	Matt.26.47	μαχαιρῶν	machaira	N-:----GPF-
01264718	Matt.26.47	καὶ	kai	C-:--------
01264719	Matt.26.47	ξύλων	xylon	N-:----GPN-
01264720	Matt.26.47	ἀπὸ	apo	P-:--------
01264721	Matt.26.47	τῶν	ho	RA:----GPM-
01264722	Matt.26.47	ἀρχιερέων	archiereus	N-:----GPM-
01264723	Matt.26.47	καὶ	kai	C-:--------
01264724	Matt.26.47	πρεσβυτέρων	presbyteros	A-:----GPM-
01264725	Matt.26.47	τοῦ	ho	RA:----GSM-
01264726	Matt.26.47	λαοῦ	laos	N-:----GSM-
01264801	Matt.26.48	ὁ	ho	RA:----NSM-
01264802	Matt.26.48	δὲ	de	C-:--------
01264803	Matt.26.48	παραδιδοὺς	paradidōmi	V-:-PAPNSM-
01264804	Matt.26.48	αὐτὸν	autos	RP:----ASM-
01264805	Matt.26.48	ἔδωκεν	didōmi	V-:3AAI-S--
01264806	Matt.26.48	αὐτοῖς	autos	RP:----DPM-
01264807	Matt.26.48	σημεῖον	sēmeion	N-:----ASN-
01264808	Matt.26.48	λέγων	legō	V-:-PAPNSM-
01264809	Matt.26.48	Ὃν	hos	RR:----ASM-
01264810	Matt.26.48	ἂν	an	X-:--------
01264811	Matt.26.48	φιλήσω	phileō	V-:1AAS-S--
01264812	Matt.26.48	αὐτός	autos	RP:----NSM-
01264813	Matt.26.48	ἐστιν	eimi	V-:3PAI-S--
01264814	Matt.26.48	κρατήσατε	krateō	V-:2AAD-P--
01264815	Matt.26.48	αὐτόν	autos	RP:----ASM-
01264901	Matt.26.49	καὶ	kai	C-:--------
01264902	Matt.26.49	εὐθέως	eutheōs	D-:--------
01264903	Matt.26.49	προσελθὼν	proserchomai	V-:-AAPNSM-
01264904	Matt.26.49	τῷ	ho	RA:----DSM-
01264905	Matt.26.49	Ἰησοῦ	iēsous	N-:----DSM-
01264906	Matt.26.49	εἶπεν	legō	V-:3AAI-S--
01264907	Matt.26.49	Χαῖρε	chairō	V-:2PAD-S--
01264908	Matt.26.49	ῥαββί	rhabbi	N-:----VSM-
01264909	Matt.26.49	καὶ	kai	C-:--------
01264910	Matt.26.49	κατεφίλησεν	kataphileō	V-:3AAI-S--
01264911	Matt.26.49	αὐτόν	autos	RP:----ASM-
01265001	Matt.26.50	ὁ	ho	RA:----NSM-
01265002	Matt.26.50	δὲ	de	C-:--------
01265003	Matt.26.50	Ἰησοῦς	iēsous	N-:----NSM-
01265004	Matt.26.50	εἶπεν	legō	V-:3AAI-S--
01265005	Matt.26.50	αὐτῷ	autos	RP:----DSM-
01265006	Matt.26.50	Ἑταῖρε	hetairos	N-:----VSM-
01265007	Matt.26.50	ἐφ’	epi	P-:--------
01265008	Matt.26.50	ὃ	hos	RR:----ASN-
01265009	Matt.26.50	πάρει	pareimi	V-:2PAI-S--
01265010	Matt.26.50	τότε	tote	D-:--------
01265011	Matt.26.50	προσελθόντες	proserchomai	V-:-AAPNPM-
01265012	Matt.26.50	ἐπέβαλον	epiballō	V-:3AAI-P--
01265013	Matt.26.50	τὰς	ho	RA:----APF-
01265014	Matt.26.50	χεῖρας	cheir	N-:----APF-
01265015	Matt.26.50	ἐπὶ	epi	P-:--------
01265016	Matt.26.50	τὸν	ho	RA:----ASM-
01265017	Matt.26.50	Ἰησοῦν	iēsous	N-:----ASM-
01265018	Matt.26.50	καὶ	kai	C-:--------
01265019	Matt.26.50	ἐκράτησαν	krateō	V-:3AAI-P--
01265020	Matt.26.50	αὐτόν	autos	RP:----ASM-
01265101	Matt.26.51	καὶ	kai	C-:--------
01265102	Matt.26.51	ἰδοὺ	idou	X-:--------
01265103	Matt.26.51	εἷς	heis	A-:----NSM-
01265104	Matt.26.51	τῶν	ho	RA:----GPM-
01265105	Matt.26.51	μετὰ	meta	P-:--------
01265106	Matt.26.51	Ἰησοῦ	iēsous	N-:----GSM-
01265107	Matt.26.51	ἐκτείνας	ekteinō	V-:-AAPNSM-
01265108	Matt.26.51	τὴν	ho	RA:----ASF-
01265109	Matt.26.51	χεῖρα	cheir	N-:----ASF-
01265110	Matt.26.51	ἀπέσπασεν	apospaō	V-:3AAI-S--
01265111	Matt.26.51	τὴν	ho	RA:----ASF-
01265112	Matt.26.51	μάχαιραν	machaira	N-:----ASF-
01265113	Matt.26.51	αὐτοῦ	autos	RP:----GSM-
01265114	Matt.26.51	καὶ	kai	C-:--------
01265115	Matt.26.51	πατάξας	patassō	V-:-AAPNSM-
01265116	Matt.26.51	τὸν	ho	RA:----ASM-
01265117	Matt.26.51	δοῦλον	doulos	N-:----ASM-
01265118	Matt.26.51	τοῦ	ho	RA:----GSM-
01265119	Matt.26.51	ἀρχιερέως	archiereus	N-:----GSM-
01265120	Matt.26.51	ἀφεῖλεν	aphaireō	V-:3AAI-S--
01265121	Matt.26.51	αὐτοῦ	autos	RP:----GSM-
01265122	Matt.26.51	τὸ	ho	RA:----ASN-
01265123	Matt.26.51	ὠτίον	ōtion	N-:----ASN-
01265201	Matt.26.52	τότε	tote	D-:--------
01265202	Matt.26.52	λέγει	legō	V-:3PAI-S--
01265203	Matt.26.52	αὐτῷ	autos	RP:----DSM-
01265204	Matt.26.52	ὁ	ho	RA:----NSM-
01265205	Matt.26.52	Ἰησοῦς	iēsous	N-:----NSM-
01265206	Matt.26.52	Ἀπόστρεψον	apostrephō	V-:2AAD-S--
01265207	Matt.26.52	τὴν	ho	RA:----ASF-
01265208	Matt.26.52	μάχαιράν	machaira	N-:----ASF-
01265209	Matt.26.52	σου	sy	RP:----GS--
01265210	Matt.26.52	εἰς	eis	P-:--------
01265211	Matt.26.52	τὸν	ho	RA:----ASM-
01265212	Matt.26.52	τόπον	topos	N-:----ASM-
01265213	Matt.26.52	αὐτῆς	autos	RP:----GSF-
01265214	Matt.26.52	πάντες	pas	A-:----NPM-
01265215	Matt.26.52	γὰρ	gar	C-:--------
01265216	Matt.26.52	οἱ	ho	RA:----NPM-
01265217	Matt.26.52	λαβόντες	lambanō	V-:-AAPNPM-
01265218	Matt.26.52	μάχαιραν	machaira	N-:----ASF-
01265219	Matt.26.52	ἐν	en	P-:--------
01265220	Matt.26.52	μαχαίρῃ	machaira	N-:----DSF-
01265221	Matt.26.52	ἀπολοῦνται	apollymi	V-:3FMI-P--
01265301	Matt.26.53	ἢ	ē	C-:--------
01265302	Matt.26.53	δοκεῖς	dokeō	V-:2PAI-S--
01265303	Matt.26.53	ὅτι	hoti	C-:--------
01265304	Matt.26.53	οὐ	ou	D-:--------
01265305	Matt.26.53	δύναμαι	dynamai	V-:1PMI-S--
01265306	Matt.26.53	παρακαλέσαι	parakaleō	V-:-AAN----
01265307	Matt.26.53	τὸν	ho	RA:----ASM-
01265308	Matt.26.53	πατέρα	patēr	N-:----ASM-
01265309	Matt.26.53	μου	egō	RP:----GS--
01265310	Matt.26.53	καὶ	kai	C-:--------
01265311	Matt.26.53	παραστήσει	paristēmi	V-:3FAI-S--
01265312	Matt.26.53	μοι	egō	RP:----DS--
01265313	Matt.26.53	ἄρτι	arti	D-:--------
01265314	Matt.26.53	πλείω	polys	A-:----APNC
01265315	Matt.26.53	δώδεκα	dōdeka	A-:----APF-
01265316	Matt.26.53	λεγιῶνας	legiōn	N-:----APF-
01265317	Matt.26.53	ἀγγέλων	angelos	N-:----GPM-
01265401	Matt.26.54	πῶς	pōs	D-:--------
01265402	Matt.26.54	οὖν	oun	C-:--------
01265403	Matt.26.54	πληρωθῶσιν	plēroō	V-:3APS-P--
01265404	Matt.26.54	αἱ	ho	RA:----NPF-
01265405	Matt.26.54	γραφαὶ	graphē	N-:----NPF-
01265406	Matt.26.54	ὅτι	hoti	D-:--------
01265407	Matt.26.54	οὕτως	houtō(s)	D-:--------
01265408	Matt.26.54	δεῖ	deō	V-:3PAI-S--
01265409	Matt.26.54	γενέσθαι	ginomai	V-:-AMN----
01265501	Matt.26.55	ἐν	en	P-:--------
01265502	Matt.26.55	ἐκείνῃ	ekeinos	RD:----DSF-
01265503	Matt.26.55	τῇ	ho	RA:----DSF-
01265504	Matt.26.55	ὥρᾳ	hōra	N-:----DSF-
01265505	Matt.26.55	εἶπεν	legō	V-:3AAI-S--
01265506	Matt.26.55	ὁ	ho	RA:----NSM-
01265507	Matt.26.55	Ἰησοῦς	iēsous	N-:----NSM-
01265508	Matt.26.55	τοῖς	ho	RA:----DPM-
01265509	Matt.26.55	ὄχλοις	ochlos	N-:----DPM-
01265510	Matt.26.55	Ὡς	hōs	C-:--------
01265511	Matt.26.55	ἐπὶ	epi	P-:--------
01265512	Matt.26.55	λῃστὴν	lēstēs	N-:----ASM-
01265513	Matt.26.55	ἐξήλθατε	exerchomai	V-:2AAI-P--
01265514	Matt.26.55	μετὰ	meta	P-:--------
01265515	Matt.26.55	μαχαιρῶν	machaira	N-:----GPF-
01265516	Matt.26.55	καὶ	kai	C-:--------
01265517	Matt.26.55	ξύλων	xylon	N-:----GPN-
01265518	Matt.26.55	συλλαβεῖν	syllambanō	V-:-AAN----
01265519	Matt.26.55	με	egō	RP:----AS--
01265520	Matt.26.55	καθ’	kata	P-:--------
01265521	Matt.26.55	ἡμέραν	hēmera	N-:----ASF-
01265522	Matt.26.55	ἐν	en	P-:--------
01265523	Matt.26.55	τῷ	ho	RA:----DSN-
01265524	Matt.26.55	ἱερῷ	hieros	A-:----DSN-
01265525	Matt.26.55	ἐκαθεζόμην	kathezomai	V-:1IMI-S--
01265526	Matt.26.55	διδάσκων	didaskō	V-:-PAPNSM-
01265527	Matt.26.55	καὶ	kai	C-:--------
01265528	Matt.26.55	οὐκ	ou	D-:--------
01265529	Matt.26.55	ἐκρατήσατέ	krateō	V-:2AAI-P--
01265530	Matt.26.55	με	egō	RP:----AS--
01265601	Matt.26.56	τοῦτο	houtos	RD:----NSN-
01265602	Matt.26.56	δὲ	de	C-:--------
01265603	Matt.26.56	ὅλον	holos	A-:----NSN-
01265604	Matt.26.56	γέγονεν	ginomai	V-:3XAI-S--
01265605	Matt.26.56	ἵνα	hina	C-:--------
01265606	Matt.26.56	πληρωθῶσιν	plēroō	V-:3APS-P--
01265607	Matt.26.56	αἱ	ho	RA:----NPF-
01265608	Matt.26.56	γραφαὶ	graphē	N-:----NPF-
01265609	Matt.26.56	τῶν	ho	RA:----GPM-
01265610	Matt.26.56	προφητῶν	prophētēs	N-:----GPM-
01265611	Matt.26.56	τότε	tote	D-:--------
01265612	Matt.26.56	οἱ	ho	RA:----NPM-
01265613	Matt.26.56	μαθηταὶ	mathētēs	N-:----NPM-
01265614	Matt.26.56	πάντες	pas	A-:----NPM-
01265615	Matt.26.56	ἀφέντες	aphiēmi	V-:-AAPNPM-
01265616	Matt.26.56	αὐτὸν	autos	RP:----ASM-
01265617	Matt.26.56	ἔφυγον	pheugō	V-:3AAI-P--
01265701	Matt.26.57	Οἱ	ho	RA:----NPM-
01265702	Matt.26.57	δὲ	de	C-:--------
01265703	Matt.26.57	κρατήσαντες	krateō	V-:-AAPNPM-
01265704	Matt.26.57	τὸν	ho	RA:----ASM-
01265705	Matt.26.57	Ἰησοῦν	iēsous	N-:----ASM-
01265706	Matt.26.57	ἀπήγαγον	apagō	V-:3AAI-P--
01265707	Matt.26.57	πρὸς	pros	P-:--------
01265708	Matt.26.57	Καϊάφαν	kaiaphas	N-:----ASM-
01265709	Matt.26.57	τὸν	ho	RA:----ASM-
01265710	Matt.26.57	ἀρχιερέα	archiereus	N-:----ASM-
01265711	Matt.26.57	ὅπου	hopou	D-:--------
01265712	Matt.26.57	οἱ	ho	RA:----NPM-
01265713	Matt.26.57	γραμματεῖς	grammateus	N-:----NPM-
01265714	Matt.26.57	καὶ	kai	C-:--------
01265715	Matt.26.57	οἱ	ho	RA:----NPM-
01265716	Matt.26.57	πρεσβύτεροι	presbyteros	A-:----NPM-
01265717	Matt.26.57	συνήχθησαν	synagō	V-:3API-P--
01265801	Matt.26.58	ὁ	ho	RA:----NSM-
01265802	Matt.26.58	δὲ	de	C-:--------
01265803	Matt.26.58	Πέτρος	petros	N-:----NSM-
01265804	Matt.26.58	ἠκολούθει	akoloutheō	V-:3IAI-S--
01265805	Matt.26.58	αὐτῷ	autos	RP:----DSM-
01265806	Matt.26.58	ἀπὸ	apo	P-:--------
01265807	Matt.26.58	μακρόθεν	makrothen	D-:--------
01265808	Matt.26.58	ἕως	heōs	P-:--------
01265809	Matt.26.58	τῆς	ho	RA:----GSF-
01265810	Matt.26.58	αὐλῆς	aulē	N-:----GSF-
01265811	Matt.26.58	τοῦ	ho	RA:----GSM-
01265812	Matt.26.58	ἀρχιερέως	archiereus	N-:----GSM-
01265813	Matt.26.58	καὶ	kai	C-:--------
01265814	Matt.26.58	εἰσελθὼν	eiserchomai	V-:-AAPNSM-
01265815	Matt.26.58	ἔσω	esō	D-:--------
01265816	Matt.26.58	ἐκάθητο	kathēmai	V-:3IMI-S--
01265817	Matt.26.58	μετὰ	meta	P-:--------
01265818	Matt.26.58	τῶν	ho	RA:----GPM-
01265819	Matt.26.58	ὑπηρετῶν	hypēretēs	N-:----GPM-
01265820	Matt.26.58	ἰδεῖν	horaō	V-:-AAN----
01265821	Matt.26.58	τὸ	ho	RA:----ASN-
01265822	Matt.26.58	τέλος	telos	N-:----ASN-
01265901	Matt.26.59	οἱ	ho	RA:----NPM-
01265902	Matt.26.59	δὲ	de	C-:--------
01265903	Matt.26.59	ἀρχιερεῖς	archiereus	N-:----NPM-
01265904	Matt.26.59	καὶ	kai	C-:--------
01265905	Matt.26.59	τὸ	ho	RA:----NSN-
01265906	Matt.26.59	συνέδριον	synedrion	N-:----NSN-
01265907	Matt.26.59	ὅλον	holos	A-:----NSN-
01265908	Matt.26.59	ἐζήτουν	zēteō	V-:3IAI-P--
01265909	Matt.26.59	ψευδομαρτυρίαν	pseudomartyria	N-:----ASF-
01265910	Matt.26.59	κατὰ	kata	P-:--------
01265911	Matt.26.59	τοῦ	ho	RA:----GSM-
01265912	Matt.26.59	Ἰησοῦ	iēsous	N-:----GSM-
01265913	Matt.26.59	ὅπως	hopōs	C-:--------
01265914	Matt.26.59	αὐτὸν	autos	RP:----ASM-
01265915	Matt.26.59	θανατώσωσιν	thanatoō	V-:3AAS-P--
01266001	Matt.26.60	καὶ	kai	C-:--------
01266002	Matt.26.60	οὐχ	ou	D-:--------
01266003	Matt.26.60	εὗρον	heuriskō	V-:3AAI-P--
01266004	Matt.26.60	πολλῶν	polys	A-:----GPM-
01266005	Matt.26.60	προσελθόντων	proserchomai	V-:-AAPGPM-
01266006	Matt.26.60	ψευδομαρτύρων	pseudomartys	N-:----GPM-
01266007	Matt.26.60	ὕστερον	hysteros	A-:----ASNC
01266008	Matt.26.60	δὲ	de	C-:--------
01266009	Matt.26.60	προσελθόντες	proserchomai	V-:-AAPNPM-
01266010	Matt.26.60	δύο	dyo	A-:----NPM-
01266101	Matt.26.61	εἶπαν	legō	V-:3AAI-P--
01266102	Matt.26.61	Οὗτος	houtos	RD:----NSM-
01266103	Matt.26.61	ἔφη	phēmi	V-:3IAI-S--
01266104	Matt.26.61	Δύναμαι	dynamai	V-:1PMI-S--
01266105	Matt.26.61	καταλῦσαι	katalyō	V-:-AAN----
01266106	Matt.26.61	τὸν	ho	RA:----ASM-
01266107	Matt.26.61	ναὸν	naos	N-:----ASM-
01266108	Matt.26.61	τοῦ	ho	RA:----GSM-
01266109	Matt.26.61	θεοῦ	theos	N-:----GSM-
01266110	Matt.26.61	καὶ	kai	C-:--------
01266111	Matt.26.61	διὰ	dia	P-:--------
01266112	Matt.26.61	τριῶν	treis	A-:----GPF-
01266113	Matt.26.61	ἡμερῶν	hēmera	N-:----GPF-
01266114	Matt.26.61	οἰκοδομῆσαι	oikodomeō	V-:-AAN----
01266201	Matt.26.62	καὶ	kai	C-:--------
01266202	Matt.26.62	ἀναστὰς	anistēmi	V-:-AAPNSM-
01266203	Matt.26.62	ὁ	ho	RA:----NSM-
01266204	Matt.26.62	ἀρχιερεὺς	archiereus	N-:----NSM-
01266205	Matt.26.62	εἶπεν	legō	V-:3AAI-S--
01266206	Matt.26.62	αὐτῷ	autos	RP:----DSM-
01266207	Matt.26.62	Οὐδὲν	oudeis	A-:----ASN-
01266208	Matt.26.62	ἀποκρίνῃ	apokrinomai	V-:2PMI-S--
01266209	Matt.26.62	τί	tis	RI:----ASN-
01266210	Matt.26.62	οὗτοί	houtos	RD:----NPM-
01266211	Matt.26.62	σου	sy	RP:----GS--
01266212	Matt.26.62	καταμαρτυροῦσιν	katamartyreō	V-:3PAI-P--
01266301	Matt.26.63	ὁ	ho	RA:----NSM-
01266302	Matt.26.63	δὲ	de	C-:--------
01266303	Matt.26.63	Ἰησοῦς	iēsous	N-:----NSM-
01266304	Matt.26.63	ἐσιώπα	siōpaō	V-:3IAI-S--
01266305	Matt.26.63	καὶ	kai	C-:--------
01266306	Matt.26.63	ὁ	ho	RA:----NSM-
01266307	Matt.26.63	ἀρχιερεὺς	archiereus	N-:----NSM-
01266308	Matt.26.63	εἶπεν	legō	V-:3AAI-S--
01266309	Matt.26.63	αὐτῷ	autos	RP:----DSM-
01266310	Matt.26.63	Ἐξορκίζω	exorkizō	V-:1PAI-S--
01266311	Matt.26.63	σε	sy	RP:----AS--
01266312	Matt.26.63	κατὰ	kata	P-:--------
01266313	Matt.26.63	τοῦ	ho	RA:----GSM-
01266314	Matt.26.63	θεοῦ	theos	N-:----GSM-
01266315	Matt.26.63	τοῦ	ho	RA:----GSM-
01266316	Matt.26.63	ζῶντος	zaō	V-:-PAPGSM-
01266317	Matt.26.63	ἵνα	hina	C-:--------
01266318	Matt.26.63	ἡμῖν	egō	RP:----DP--
01266319	Matt.26.63	εἴπῃς	legō	V-:2AAS-S--
01266320	Matt.26.63	εἰ	ei	C-:--------
01266321	Matt.26.63	σὺ	sy	RP:----NS--
01266322	Matt.26.63	εἶ	eimi	V-:2PAI-S--
01266323	Matt.26.63	ὁ	ho	RA:----NSM-
01266324	Matt.26.63	χριστὸς	christos	N-:----NSM-
01266325	Matt.26.63	ὁ	ho	RA:----NSM-
01266326	Matt.26.63	υἱὸς	huios	N-:----NSM-
01266327	Matt.26.63	τοῦ	ho	RA:----GSM-
01266328	Matt.26.63	θεοῦ	theos	N-:----GSM-
01266401	Matt.26.64	λέγει	legō	V-:3PAI-S--
01266402	Matt.26.64	αὐτῷ	autos	RP:----DSM-
01266403	Matt.26.64	ὁ	ho	RA:----NSM-
01266404	Matt.26.64	Ἰησοῦς	iēsous	N-:----NSM-
01266405	Matt.26.64	Σὺ	sy	RP:----NS--
01266406	Matt.26.64	εἶπας	legō	V-:2AAI-S--
01266407	Matt.26.64	πλὴν	plēn	C-:--------
01266408	Matt.26.64	λέγω	legō	V-:1PAI-S--
01266409	Matt.26.64	ὑμῖν	sy	RP:----DP--
01266410	Matt.26.64	ἀπ’	apo	P-:--------
01266411	Matt.26.64	ἄρτι	arti	D-:--------
01266412	Matt.26.64	ὄψεσθε	horaō	V-:2FMI-P--
01266413	Matt.26.64	τὸν	ho	RA:----ASM-
01266414	Matt.26.64	υἱὸν	huios	N-:----ASM-
01266415	Matt.26.64	τοῦ	ho	RA:----GSM-
01266416	Matt.26.64	ἀνθρώπου	anthrōpos	N-:----GSM-
01266417	Matt.26.64	καθήμενον	kathēmai	V-:-PMPASM-
01266418	Matt.26.64	ἐκ	ek	P-:--------
01266419	Matt.26.64	δεξιῶν	dexios	A-:----GPN-
01266420	Matt.26.64	τῆς	ho	RA:----GSF-
01266421	Matt.26.64	δυνάμεως	dynamis	N-:----GSF-
01266422	Matt.26.64	καὶ	kai	C-:--------
01266423	Matt.26.64	ἐρχόμενον	erchomai	V-:-PMPASM-
01266424	Matt.26.64	ἐπὶ	epi	P-:--------
01266425	Matt.26.64	τῶν	ho	RA:----GPF-
01266426	Matt.26.64	νεφελῶν	nephelē	N-:----GPF-
01266427	Matt.26.64	τοῦ	ho	RA:----GSM-
01266428	Matt.26.64	οὐρανοῦ	ouranos	N-:----GSM-
01266501	Matt.26.65	τότε	tote	D-:--------
01266502	Matt.26.65	ὁ	ho	RA:----NSM-
01266503	Matt.26.65	ἀρχιερεὺς	archiereus	N-:----NSM-
01266504	Matt.26.65	διέρρηξεν	diarrēgnymi	V-:3AAI-S--
01266505	Matt.26.65	τὰ	ho	RA:----APN-
01266506	Matt.26.65	ἱμάτια	himation	N-:----APN-
01266507	Matt.26.65	αὐτοῦ	autos	RP:----GSM-
01266508	Matt.26.65	λέγων	legō	V-:-PAPNSM-
01266509	Matt.26.65	Ἐβλασφήμησεν	blasphēmeō	V-:3AAI-S--
01266510	Matt.26.65	τί	tis	RI:----ASN-
01266511	Matt.26.65	ἔτι	eti	D-:--------
01266512	Matt.26.65	χρείαν	chreia	N-:----ASF-
01266513	Matt.26.65	ἔχομεν	echō	V-:1PAI-P--
01266514	Matt.26.65	μαρτύρων	martys	N-:----GPM-
01266515	Matt.26.65	ἴδε	ide	X-:--------
01266516	Matt.26.65	νῦν	nyn	D-:--------
01266517	Matt.26.65	ἠκούσατε	akouō	V-:2AAI-P--
01266518	Matt.26.65	τὴν	ho	RA:----ASF-
01266519	Matt.26.65	βλασφημίαν	blasphēmia	N-:----ASF-
01266601	Matt.26.66	τί	tis	RI:----NSN-
01266602	Matt.26.66	ὑμῖν	sy	RP:----DP--
01266603	Matt.26.66	δοκεῖ	dokeō	V-:3PAI-S--
01266604	Matt.26.66	οἱ	ho	RA:----NPM-
01266605	Matt.26.66	δὲ	de	C-:--------
01266606	Matt.26.66	ἀποκριθέντες	apokrinomai	V-:-APPNPM-
01266607	Matt.26.66	εἶπαν	legō	V-:3AAI-P--
01266608	Matt.26.66	Ἔνοχος	enochos	A-:----NSM-
01266609	Matt.26.66	θανάτου	thanatos	N-:----GSM-
01266610	Matt.26.66	ἐστίν	eimi	V-:3PAI-S--
01266701	Matt.26.67	τότε	tote	D-:--------
01266702	Matt.26.67	ἐνέπτυσαν	emptyō	V-:3AAI-P--
01266703	Matt.26.67	εἰς	eis	P-:--------
01266704	Matt.26.67	τὸ	ho	RA:----ASN-
01266705	Matt.26.67	πρόσωπον	prosōpon	N-:----ASN-
01266706	Matt.26.67	αὐτοῦ	autos	RP:----GSM-
01266707	Matt.26.67	καὶ	kai	C-:--------
01266708	Matt.26.67	ἐκολάφισαν	kolaphizō	V-:3AAI-P--
01266709	Matt.26.67	αὐτόν	autos	RP:----ASM-
01266710	Matt.26.67	οἱ	ho	RA:----NPM-
01266711	Matt.26.67	δὲ	de	C-:--------
01266712	Matt.26.67	ἐράπισαν	rhapizō	V-:3AAI-P--
01266801	Matt.26.68	λέγοντες	legō	V-:-PAPNPM-
01266802	Matt.26.68	Προφήτευσον	prophēteuō	V-:2AAD-S--
01266803	Matt.26.68	ἡμῖν	egō	RP:----DP--
01266804	Matt.26.68	χριστέ	christos	N-:----VSM-
01266805	Matt.26.68	τίς	tis	RI:----NSM-
01266806	Matt.26.68	ἐστιν	eimi	V-:3PAI-S--
01266807	Matt.26.68	ὁ	ho	RA:----NSM-
01266808	Matt.26.68	παίσας	paiō	V-:-AAPNSM-
01266809	Matt.26.68	σε	sy	RP:----AS--
01266901	Matt.26.69	Ὁ	ho	RA:----NSM-
01266902	Matt.26.69	δὲ	de	C-:--------
01266903	Matt.26.69	Πέτρος	petros	N-:----NSM-
01266904	Matt.26.69	ἐκάθητο	kathēmai	V-:3IMI-S--
01266905	Matt.26.69	ἔξω	exō	D-:--------
01266906	Matt.26.69	ἐν	en	P-:--------
01266907	Matt.26.69	τῇ	ho	RA:----DSF-
01266908	Matt.26.69	αὐλῇ	aulē	N-:----DSF-
01266909	Matt.26.69	καὶ	kai	C-:--------
01266910	Matt.26.69	προσῆλθεν	proserchomai	V-:3AAI-S--
01266911	Matt.26.69	αὐτῷ	autos	RP:----DSM-
01266912	Matt.26.69	μία	heis	A-:----NSF-
01266913	Matt.26.69	παιδίσκη	paidiskē	N-:----NSF-
01266914	Matt.26.69	λέγουσα	legō	V-:-PAPNSF-
01266915	Matt.26.69	Καὶ	kai	D-:--------
01266916	Matt.26.69	σὺ	sy	RP:----NS--
01266917	Matt.26.69	ἦσθα	eimi	V-:2IAI-S--
01266918	Matt.26.69	μετὰ	meta	P-:--------
01266919	Matt.26.69	Ἰησοῦ	iēsous	N-:----GSM-
01266920	Matt.26.69	τοῦ	ho	RA:----GSM-
01266921	Matt.26.69	Γαλιλαίου	galilaios	A-:----GSM-
01267001	Matt.26.70	ὁ	ho	RA:----NSM-
01267002	Matt.26.70	δὲ	de	C-:--------
01267003	Matt.26.70	ἠρνήσατο	arneomai	V-:3AMI-S--
01267004	Matt.26.70	ἔμπροσθεν	emprosthen	P-:--------
01267005	Matt.26.70	πάντων	pas	A-:----GPM-
01267006	Matt.26.70	λέγων	legō	V-:-PAPNSM-
01267007	Matt.26.70	Οὐκ	ou	D-:--------
01267008	Matt.26.70	οἶδα	oida	V-:1XAI-S--
01267009	Matt.26.70	τί	tis	RI:----ASN-
01267010	Matt.26.70	λέγεις	legō	V-:2PAI-S--
01267101	Matt.26.71	ἐξελθόντα	exerchomai	V-:-AAPASM-
01267102	Matt.26.71	δὲ	de	C-:--------
01267103	Matt.26.71	εἰς	eis	P-:--------
01267104	Matt.26.71	τὸν	ho	RA:----ASM-
01267105	Matt.26.71	πυλῶνα	pylōn	N-:----ASM-
01267106	Matt.26.71	εἶδεν	horaō	V-:3AAI-S--
01267107	Matt.26.71	αὐτὸν	autos	RP:----ASM-
01267108	Matt.26.71	ἄλλη	allos	A-:----NSF-
01267109	Matt.26.71	καὶ	kai	C-:--------
01267110	Matt.26.71	λέγει	legō	V-:3PAI-S--
01267111	Matt.26.71	τοῖς	ho	RA:----DPM-
01267112	Matt.26.71	ἐκεῖ	ekei	D-:--------
01267113	Matt.26.71	Οὗτος	houtos	RD:----NSM-
01267114	Matt.26.71	ἦν	eimi	V-:3IAI-S--
01267115	Matt.26.71	μετὰ	meta	P-:--------
01267116	Matt.26.71	Ἰησοῦ	iēsous	N-:----GSM-
01267117	Matt.26.71	τοῦ	ho	RA:----GSM-
01267118	Matt.26.71	Ναζωραίου	nazōraios	N-:----GSM-
01267201	Matt.26.72	καὶ	kai	C-:--------
01267202	Matt.26.72	πάλιν	palin	D-:--------
01267203	Matt.26.72	ἠρνήσατο	arneomai	V-:3AMI-S--
01267204	Matt.26.72	μετὰ	meta	P-:--------
01267205	Matt.26.72	ὅρκου	horkos	N-:----GSM-
01267206	Matt.26.72	ὅτι	hoti	C-:--------
01267207	Matt.26.72	Οὐκ	ou	D-:--------
01267208	Matt.26.72	οἶδα	oida	V-:1XAI-S--
01267209	Matt.26.72	τὸν	ho	RA:----ASM-
01267210	Matt.26.72	ἄνθρωπον	anthrōpos	N-:----ASM-
01267301	Matt.26.73	μετὰ	meta	P-:--------
01267302	Matt.26.73	μικρὸν	mikros	A-:----ASN-
01267303	Matt.26.73	δὲ	de	C-:--------
01267304	Matt.26.73	προσελθόντες	proserchomai	V-:-AAPNPM-
01267305	Matt.26.73	οἱ	ho	RA:----NPM-
01267306	Matt.26.73	ἑστῶτες	histēmi	V-:-XAPNPM-
01267307	Matt.26.73	εἶπον	legō	V-:3AAI-P--
01267308	Matt.26.73	τῷ	ho	RA:----DSM-
01267309	Matt.26.73	Πέτρῳ	petros	N-:----DSM-
01267310	Matt.26.73	Ἀληθῶς	alēthōs	D-:--------
01267311	Matt.26.73	καὶ	kai	D-:--------
01267312	Matt.26.73	σὺ	sy	RP:----NS--
01267313	Matt.26.73	ἐξ	ek	P-:--------
01267314	Matt.26.73	αὐτῶν	autos	RP:----GPM-
01267315	Matt.26.73	εἶ	eimi	V-:2PAI-S--
01267316	Matt.26.73	καὶ	kai	D-:--------
01267317	Matt.26.73	γὰρ	gar	C-:--------
01267318	Matt.26.73	ἡ	ho	RA:----NSF-
01267319	Matt.26.73	λαλιά	lalia	N-:----NSF-
01267320	Matt.26.73	σου	sy	RP:----GS--
01267321	Matt.26.73	δῆλόν	dēlos	A-:----ASM-
01267322	Matt.26.73	σε	sy	RP:----AS--
01267323	Matt.26.73	ποιεῖ	poieō	V-:3PAI-S--
01267401	Matt.26.74	τότε	tote	D-:--------
01267402	Matt.26.74	ἤρξατο	archō	V-:3AMI-S--
01267403	Matt.26.74	καταθεματίζειν	katathematizō	V-:-PAN----
01267404	Matt.26.74	καὶ	kai	C-:--------
01267405	Matt.26.74	ὀμνύειν	omnyō	V-:-PAN----
01267406	Matt.26.74	ὅτι	hoti	C-:--------
01267407	Matt.26.74	Οὐκ	ou	D-:--------
01267408	Matt.26.74	οἶδα	oida	V-:1XAI-S--
01267409	Matt.26.74	τὸν	ho	RA:----ASM-
01267410	Matt.26.74	ἄνθρωπον	anthrōpos	N-:----ASM-
01267411	Matt.26.74	καὶ	kai	C-:--------
01267412	Matt.26.74	εὐθέως	eutheōs	D-:--------
01267413	Matt.26.74	ἀλέκτωρ	alektōr	N-:----NSM-
01267414	Matt.26.74	ἐφώνησεν	phōneō	V-:3AAI-S--
01267501	Matt.26.75	καὶ	kai	C-:--------
01267502	Matt.26.75	ἐμνήσθη	mimnēskomai	V-:3API-S--
01267503	Matt.26.75	ὁ	ho	RA:----NSM-
01267504	Matt.26.75	Πέτρος	petros	N-:----NSM-
01267505	Matt.26.75	τοῦ	ho	RA:----GSN-
01267506	Matt.26.75	ῥήματος	rhēma	N-:----GSN-
01267507	Matt.26.75	Ἰησοῦ	iēsous	N-:----GSM-
01267508	Matt.26.75	εἰρηκότος	legō	V-:-XAPGSM-
01267509	Matt.26.75	ὅτι	hoti	C-:--------
01267510	Matt.26.75	Πρὶν	prin	D-:--------
01267511	Matt.26.75	ἀλέκτορα	alektōr	N-:----ASM-
01267512	Matt.26.75	φωνῆσαι	phōneō	V-:-AAN----
01267513	Matt.26.75	τρὶς	tris	D-:--------
01267514	Matt.26.75	ἀπαρνήσῃ	aparneomai	V-:2FMI-S--
01267515	Matt.26.75	με	egō	RP:----AS--
01267516	Matt.26.75	καὶ	kai	C-:--------
01267517	Matt.26.75	ἐξελθὼν	exerchomai	V-:-AAPNSM-
01267518	Matt.26.75	ἔξω	exō	D-:--------
01267519	Matt.26.75	ἔκλαυσεν	klaiō	V-:3AAI-S--
01267520	Matt.26.75	πικρῶς	pikrōs	D-:--------
01270101	Matt.27.1	Πρωΐας	prōia	N-:----GSF-
01270102	Matt.27.1	δὲ	de	C-:--------
01270103	Matt.27.1	γενομένης	ginomai	V-:-AMPGSF-
01270104	Matt.27.1	συμβούλιον	symboulion	N-:----ASN-
01270105	Matt.27.1	ἔλαβον	lambanō	V-:3AAI-P--
01270106	Matt.27.1	πάντες	pas	A-:----NPM-
01270107	Matt.27.1	οἱ	ho	RA:----NPM-
01270108	Matt.27.1	ἀρχιερεῖς	archiereus	N-:----NPM-
01270109	Matt.27.1	καὶ	kai	C-:--------
01270110	Matt.27.1	οἱ	ho	RA:----NPM-
01270111	Matt.27.1	πρεσβύτεροι	presbyteros	A-:----NPM-
01270112	Matt.27.1	τοῦ	ho	RA:----GSM-
01270113	Matt.27.1	λαοῦ	laos	N-:----GSM-
01270114	Matt.27.1	κατὰ	kata	P-:--------
01270115	Matt.27.1	τοῦ	ho	RA:----GSM-
01270116	Matt.27.1	Ἰησοῦ	iēsous	N-:----GSM-
01270117	Matt.27.1	ὥστε	hōste	C-:--------
01270118	Matt.27.1	θανατῶσαι	thanatoō	V-:-AAN----
01270119	Matt.27.1	αὐτόν	autos	RP:----ASM-
01270201	Matt.27.2	καὶ	kai	C-:--------
01270202	Matt.27.2	δήσαντες	deō	V-:-AAPNPM-
01270203	Matt.27.2	αὐτὸν	autos	RP:----ASM-
01270204	Matt.27.2	ἀπήγαγον	apagō	V-:3AAI-P--
01270205	Matt.27.2	καὶ	kai	C-:--------
01270206	Matt.27.2	παρέδωκαν	paradidōmi	V-:3AAI-P--
01270207	Matt.27.2	Πιλάτῳ	pilatos	N-:----DSM-
01270208	Matt.27.2	τῷ	ho	RA:----DSM-
01270209	Matt.27.2	ἡγεμόνι	hēgemōn	N-:----DSM-
01270301	Matt.27.3	Τότε	tote	D-:--------
01270302	Matt.27.3	ἰδὼν	horaō	V-:-AAPNSM-
01270303	Matt.27.3	Ἰούδας	ioudas	N-:----NSM-
01270304	Matt.27.3	ὁ	ho	RA:----NSM-
01270305	Matt.27.3	παραδιδοὺς	paradidōmi	V-:-PAPNSM-
01270306	Matt.27.3	αὐτὸν	autos	RP:----ASM-
01270307	Matt.27.3	ὅτι	hoti	C-:--------
01270308	Matt.27.3	κατεκρίθη	katakrinō	V-:3API-S--
01270309	Matt.27.3	μεταμεληθεὶς	metamelomai	V-:-APPNSM-
01270310	Matt.27.3	ἔστρεψεν	strephō	V-:3AAI-S--
01270311	Matt.27.3	τὰ	ho	RA:----APN-
01270312	Matt.27.3	τριάκοντα	triakonta	A-:----APN-
01270313	Matt.27.3	ἀργύρια	argyrion	N-:----APN-
01270314	Matt.27.3	τοῖς	ho	RA:----DPM-
01270315	Matt.27.3	ἀρχιερεῦσιν	archiereus	N-:----DPM-
01270316	Matt.27.3	καὶ	kai	C-:--------
01270317	Matt.27.3	πρεσβυτέροις	presbyteros	A-:----DPM-
01270401	Matt.27.4	λέγων	legō	V-:-PAPNSM-
01270402	Matt.27.4	Ἥμαρτον	hamartanō	V-:1AAI-S--
01270403	Matt.27.4	παραδοὺς	paradidōmi	V-:-AAPNSM-
01270404	Matt.27.4	αἷμα	haima	N-:----ASN-
01270405	Matt.27.4	ἀθῷον	athōos	A-:----ASN-
01270406	Matt.27.4	οἱ	ho	RA:----NPM-
01270407	Matt.27.4	δὲ	de	C-:--------
01270408	Matt.27.4	εἶπαν	legō	V-:3AAI-P--
01270409	Matt.27.4	Τί	tis	RI:----NSN-
01270410	Matt.27.4	πρὸς	pros	P-:--------
01270411	Matt.27.4	ἡμᾶς	egō	RP:----AP--
01270412	Matt.27.4	σὺ	sy	RP:----NS--
01270413	Matt.27.4	ὄψῃ	horaō	V-:2FMI-S--
01270501	Matt.27.5	καὶ	kai	C-:--------
01270502	Matt.27.5	ῥίψας	rhiptō	V-:-AAPNSM-
01270503	Matt.27.5	τὰ	ho	RA:----APN-
01270504	Matt.27.5	ἀργύρια	argyrion	N-:----APN-
01270505	Matt.27.5	εἰς	eis	P-:--------
01270506	Matt.27.5	τὸν	ho	RA:----ASM-
01270507	Matt.27.5	ναὸν	naos	N-:----ASM-
01270508	Matt.27.5	ἀνεχώρησεν	anachōreō	V-:3AAI-S--
01270509	Matt.27.5	καὶ	kai	C-:--------
01270510	Matt.27.5	ἀπελθὼν	aperchomai	V-:-AAPNSM-
01270511	Matt.27.5	ἀπήγξατο	apanchomai	V-:3AMI-S--
01270601	Matt.27.6	οἱ	ho	RA:----NPM-
01270602	Matt.27.6	δὲ	de	C-:--------
01270603	Matt.27.6	ἀρχιερεῖς	archiereus	N-:----NPM-
01270604	Matt.27.6	λαβόντες	lambanō	V-:-AAPNPM-
01270605	Matt.27.6	τὰ	ho	RA:----APN-
01270606	Matt.27.6	ἀργύρια	argyrion	N-:----APN-
01270607	Matt.27.6	εἶπαν	legō	V-:3AAI-P--
01270608	Matt.27.6	Οὐκ	ou	D-:--------
01270609	Matt.27.6	ἔξεστιν	exesti(n)	V-:3PAI-S--
01270610	Matt.27.6	βαλεῖν	ballō	V-:-AAN----
01270611	Matt.27.6	αὐτὰ	autos	RP:----APN-
01270612	Matt.27.6	εἰς	eis	P-:--------
01270613	Matt.27.6	τὸν	ho	RA:----ASM-
01270614	Matt.27.6	κορβανᾶν	korbanas	N-:----ASM-
01270615	Matt.27.6	ἐπεὶ	epei	C-:--------
01270616	Matt.27.6	τιμὴ	timē	N-:----NSF-
01270617	Matt.27.6	αἵματός	haima	N-:----GSN-
01270618	Matt.27.6	ἐστιν	eimi	V-:3PAI-S--
01270701	Matt.27.7	συμβούλιον	symboulion	N-:----ASN-
01270702	Matt.27.7	δὲ	de	C-:--------
01270703	Matt.27.7	λαβόντες	lambanō	V-:-AAPNPM-
01270704	Matt.27.7	ἠγόρασαν	agorazō	V-:3AAI-P--
01270705	Matt.27.7	ἐξ	ek	P-:--------
01270706	Matt.27.7	αὐτῶν	autos	RP:----GPN-
01270707	Matt.27.7	τὸν	ho	RA:----ASM-
01270708	Matt.27.7	Ἀγρὸν	agros	N-:----ASM-
01270709	Matt.27.7	τοῦ	ho	RA:----GSM-
01270710	Matt.27.7	Κεραμέως	kerameus	N-:----GSM-
01270711	Matt.27.7	εἰς	eis	P-:--------
01270712	Matt.27.7	ταφὴν	taphē	N-:----ASF-
01270713	Matt.27.7	τοῖς	ho	RA:----DPM-
01270714	Matt.27.7	ξένοις	xenos	A-:----DPM-
01270801	Matt.27.8	διὸ	dio	C-:--------
01270802	Matt.27.8	ἐκλήθη	kaleō	V-:3API-S--
01270803	Matt.27.8	ὁ	ho	RA:----NSM-
01270804	Matt.27.8	ἀγρὸς	agros	N-:----NSM-
01270805	Matt.27.8	ἐκεῖνος	ekeinos	RD:----NSM-
01270806	Matt.27.8	Ἀγρὸς	agros	N-:----NSM-
01270807	Matt.27.8	Αἵματος	haima	N-:----GSN-
01270808	Matt.27.8	ἕως	heōs	P-:--------
01270809	Matt.27.8	τῆς	ho	RA:----GSF-
01270810	Matt.27.8	σήμερον	sēmeron	D-:--------
01270901	Matt.27.9	τότε	tote	D-:--------
01270902	Matt.27.9	ἐπληρώθη	plēroō	V-:3API-S--
01270903	Matt.27.9	τὸ	ho	RA:----NSN-
01270904	Matt.27.9	ῥηθὲν	legō	V-:-APPNSN-
01270905	Matt.27.9	διὰ	dia	P-:--------
01270906	Matt.27.9	Ἰερεμίου	ieremias	N-:----GSM-
01270907	Matt.27.9	τοῦ	ho	RA:----GSM-
01270908	Matt.27.9	προφήτου	prophētēs	N-:----GSM-
01270909	Matt.27.9	λέγοντος	legō	V-:-PAPGSM-
01270910	Matt.27.9	Καὶ	kai	C-:--------
01270911	Matt.27.9	ἔλαβον	lambanō	V-:3AAI-P--
01270912	Matt.27.9	τὰ	ho	RA:----APN-
01270913	Matt.27.9	τριάκοντα	triakonta	A-:----APN-
01270914	Matt.27.9	ἀργύρια	argyrion	N-:----APN-
01270915	Matt.27.9	τὴν	ho	RA:----ASF-
01270916	Matt.27.9	τιμὴν	timē	N-:----ASF-
01270917	Matt.27.9	τοῦ	ho	RA:----GSM-
01270918	Matt.27.9	τετιμημένου	timaō	V-:-XPPGSM-
01270919	Matt.27.9	ὃν	hos	RR:----ASM-
01270920	Matt.27.9	ἐτιμήσαντο	timaō	V-:3AMI-P--
01270921	Matt.27.9	ἀπὸ	apo	P-:--------
01270922	Matt.27.9	υἱῶν	huios	N-:----GPM-
01270923	Matt.27.9	Ἰσραήλ	israēl	N-:----GSM-
01271001	Matt.27.10	καὶ	kai	C-:--------
01271002	Matt.27.10	ἔδωκαν	didōmi	V-:3AAI-P--
01271003	Matt.27.10	αὐτὰ	autos	RP:----APN-
01271004	Matt.27.10	εἰς	eis	P-:--------
01271005	Matt.27.10	τὸν	ho	RA:----ASM-
01271006	Matt.27.10	ἀγρὸν	agros	N-:----ASM-
01271007	Matt.27.10	τοῦ	ho	RA:----GSM-
01271008	Matt.27.10	κεραμέως	kerameus	N-:----GSM-
01271009	Matt.27.10	καθὰ	katha	C-:--------
01271010	Matt.27.10	συνέταξέν	syntassō	V-:3AAI-S--
01271011	Matt.27.10	μοι	egō	RP:----DS--
01271012	Matt.27.10	κύριος	kyrios	N-:----NSM-
01271101	Matt.27.11	Ὁ	ho	RA:----NSM-
01271102	Matt.27.11	δὲ	de	C-:--------
01271103	Matt.27.11	Ἰησοῦς	iēsous	N-:----NSM-
01271104	Matt.27.11	ἐστάθη	histēmi	V-:3API-S--
01271105	Matt.27.11	ἔμπροσθεν	emprosthen	P-:--------
01271106	Matt.27.11	τοῦ	ho	RA:----GSM-
01271107	Matt.27.11	ἡγεμόνος	hēgemōn	N-:----GSM-
01271108	Matt.27.11	καὶ	kai	C-:--------
01271109	Matt.27.11	ἐπηρώτησεν	eperōtaō	V-:3AAI-S--
01271110	Matt.27.11	αὐτὸν	autos	RP:----ASM-
01271111	Matt.27.11	ὁ	ho	RA:----NSM-
01271112	Matt.27.11	ἡγεμὼν	hēgemōn	N-:----NSM-
01271113	Matt.27.11	λέγων	legō	V-:-PAPNSM-
01271114	Matt.27.11	Σὺ	sy	RP:----NS--
01271115	Matt.27.11	εἶ	eimi	V-:2PAI-S--
01271116	Matt.27.11	ὁ	ho	RA:----NSM-
01271117	Matt.27.11	βασιλεὺς	basileus	N-:----NSM-
01271118	Matt.27.11	τῶν	ho	RA:----GPM-
01271119	Matt.27.11	Ἰουδαίων	ioudaios	A-:----GPM-
01271120	Matt.27.11	ὁ	ho	RA:----NSM-
01271121	Matt.27.11	δὲ	de	C-:--------
01271122	Matt.27.11	Ἰησοῦς	iēsous	N-:----NSM-
01271123	Matt.27.11	ἔφη	phēmi	V-:3IAI-S--
01271124	Matt.27.11	Σὺ	sy	RP:----NS--
01271125	Matt.27.11	λέγεις	legō	V-:2PAI-S--
01271201	Matt.27.12	καὶ	kai	C-:--------
01271202	Matt.27.12	ἐν	en	P-:--------
01271203	Matt.27.12	τῷ	ho	RA:----DSN-
01271204	Matt.27.12	κατηγορεῖσθαι	katēgoreō	V-:-PPN----
01271205	Matt.27.12	αὐτὸν	autos	RP:----ASM-
01271206	Matt.27.12	ὑπὸ	hypo	P-:--------
01271207	Matt.27.12	τῶν	ho	RA:----GPM-
01271208	Matt.27.12	ἀρχιερέων	archiereus	N-:----GPM-
01271209	Matt.27.12	καὶ	kai	C-:--------
01271210	Matt.27.12	πρεσβυτέρων	presbyteros	A-:----GPM-
01271211	Matt.27.12	οὐδὲν	oudeis	A-:----ASN-
01271212	Matt.27.12	ἀπεκρίνατο	apokrinomai	V-:3AMI-S--
01271301	Matt.27.13	τότε	tote	D-:--------
01271302	Matt.27.13	λέγει	legō	V-:3PAI-S--
01271303	Matt.27.13	αὐτῷ	autos	RP:----DSM-
01271304	Matt.27.13	ὁ	ho	RA:----NSM-
01271305	Matt.27.13	Πιλᾶτος	pilatos	N-:----NSM-
01271306	Matt.27.13	Οὐκ	ou	D-:--------
01271307	Matt.27.13	ἀκούεις	akouō	V-:2PAI-S--
01271308	Matt.27.13	πόσα	posos	RI:----APN-
01271309	Matt.27.13	σου	sy	RP:----GS--
01271310	Matt.27.13	καταμαρτυροῦσιν	katamartyreō	V-:3PAI-P--
01271401	Matt.27.14	καὶ	kai	C-:--------
01271402	Matt.27.14	οὐκ	ou	D-:--------
01271403	Matt.27.14	ἀπεκρίθη	apokrinomai	V-:3API-S--
01271404	Matt.27.14	αὐτῷ	autos	RP:----DSM-
01271405	Matt.27.14	πρὸς	pros	P-:--------
01271406	Matt.27.14	οὐδὲ	oude	D-:--------
01271407	Matt.27.14	ἓν	heis	A-:----ASN-
01271408	Matt.27.14	ῥῆμα	rhēma	N-:----ASN-
01271409	Matt.27.14	ὥστε	hōste	C-:--------
01271410	Matt.27.14	θαυμάζειν	thaumazō	V-:-PAN----
01271411	Matt.27.14	τὸν	ho	RA:----ASM-
01271412	Matt.27.14	ἡγεμόνα	hēgemōn	N-:----ASM-
01271413	Matt.27.14	λίαν	lian	D-:--------
01271501	Matt.27.15	Κατὰ	kata	P-:--------
01271502	Matt.27.15	δὲ	de	C-:--------
01271503	Matt.27.15	ἑορτὴν	heortē	N-:----ASF-
01271504	Matt.27.15	εἰώθει	eiōtha	V-:3YAI-S--
01271505	Matt.27.15	ὁ	ho	RA:----NSM-
01271506	Matt.27.15	ἡγεμὼν	hēgemōn	N-:----NSM-
01271507	Matt.27.15	ἀπολύειν	apolyō	V-:-PAN----
01271508	Matt.27.15	ἕνα	heis	A-:----ASM-
01271509	Matt.27.15	τῷ	ho	RA:----DSM-
01271510	Matt.27.15	ὄχλῳ	ochlos	N-:----DSM-
01271511	Matt.27.15	δέσμιον	desmios	N-:----ASM-
01271512	Matt.27.15	ὃν	hos	RR:----ASM-
01271513	Matt.27.15	ἤθελον	thelō	V-:3IAI-P--
01271601	Matt.27.16	εἶχον	echō	V-:3IAI-P--
01271602	Matt.27.16	δὲ	de	C-:--------
01271603	Matt.27.16	τότε	tote	D-:--------
01271604	Matt.27.16	δέσμιον	desmios	N-:----ASM-
01271605	Matt.27.16	ἐπίσημον	episēmos	A-:----ASM-
01271606	Matt.27.16	λεγόμενον	legō	V-:-PPPASM-
01271607	Matt.27.16	Ἰησοῦν	iēsous	N-:----ASM-
01271608	Matt.27.16	Βαραββᾶν	barabbas	N-:----ASM-
01271701	Matt.27.17	συνηγμένων	synagō	V-:-XPPGPM-
01271702	Matt.27.17	οὖν	oun	C-:--------
01271703	Matt.27.17	αὐτῶν	autos	RP:----GPM-
01271704	Matt.27.17	εἶπεν	legō	V-:3AAI-S--
01271705	Matt.27.17	αὐτοῖς	autos	RP:----DPM-
01271706	Matt.27.17	ὁ	ho	RA:----NSM-
01271707	Matt.27.17	Πιλᾶτος	pilatos	N-:----NSM-
01271708	Matt.27.17	Τίνα	tis	RI:----ASM-
01271709	Matt.27.17	θέλετε	thelō	V-:2PAI-P--
01271710	Matt.27.17	ἀπολύσω	apolyō	V-:1AAS-S--
01271711	Matt.27.17	ὑμῖν	sy	RP:----DP--
01271712	Matt.27.17	Ἰησοῦν	iēsous	N-:----ASM-
01271713	Matt.27.17	τὸν	ho	RA:----ASM-
01271714	Matt.27.17	Βαραββᾶν	barabbas	N-:----ASM-
01271715	Matt.27.17	ἢ	ē	C-:--------
01271716	Matt.27.17	Ἰησοῦν	iēsous	N-:----ASM-
01271717	Matt.27.17	τὸν	ho	RA:----ASM-
01271718	Matt.27.17	λεγόμενον	legō	V-:-PPPASM-
01271719	Matt.27.17	χριστόν	christos	N-:----ASM-
01271801	Matt.27.18	ᾔδει	oida	V-:3YAI-S--
01271802	Matt.27.18	γὰρ	gar	C-:--------
01271803	Matt.27.18	ὅτι	hoti	C-:--------
01271804	Matt.27.18	διὰ	dia	P-:--------
01271805	Matt.27.18	φθόνον	phthonos	N-:----ASM-
01271806	Matt.27.18	παρέδωκαν	paradidōmi	V-:3AAI-P--
01271807	Matt.27.18	αὐτόν	autos	RP:----ASM-
01271901	Matt.27.19	Καθημένου	kathēmai	V-:-PMPGSM-
01271902	Matt.27.19	δὲ	de	C-:--------
01271903	Matt.27.19	αὐτοῦ	autos	RP:----GSM-
01271904	Matt.27.19	ἐπὶ	epi	P-:--------
01271905	Matt.27.19	τοῦ	ho	RA:----GSN-
01271906	Matt.27.19	βήματος	bēma	N-:----GSN-
01271907	Matt.27.19	ἀπέστειλεν	apostellō	V-:3AAI-S--
01271908	Matt.27.19	πρὸς	pros	P-:--------
01271909	Matt.27.19	αὐτὸν	autos	RP:----ASM-
01271910	Matt.27.19	ἡ	ho	RA:----NSF-
01271911	Matt.27.19	γυνὴ	gynē	N-:----NSF-
01271912	Matt.27.19	αὐτοῦ	autos	RP:----GSM-
01271913	Matt.27.19	λέγουσα	legō	V-:-PAPNSF-
01271914	Matt.27.19	Μηδὲν	mēdeis	A-:----NSN-
01271915	Matt.27.19	σοὶ	sy	RP:----DS--
01271916	Matt.27.19	καὶ	kai	C-:--------
01271917	Matt.27.19	τῷ	ho	RA:----DSM-
01271918	Matt.27.19	δικαίῳ	dikaios	A-:----DSM-
01271919	Matt.27.19	ἐκείνῳ	ekeinos	RD:----DSM-
01271920	Matt.27.19	πολλὰ	polys	A-:----APN-
01271921	Matt.27.19	γὰρ	gar	C-:--------
01271922	Matt.27.19	ἔπαθον	paschō	V-:1AAI-S--
01271923	Matt.27.19	σήμερον	sēmeron	D-:--------
01271924	Matt.27.19	κατ’	kata	P-:--------
01271925	Matt.27.19	ὄναρ	onar	N-:----ASN-
01271926	Matt.27.19	δι’	dia	P-:--------
01271927	Matt.27.19	αὐτόν	autos	RP:----ASM-
01272001	Matt.27.20	Οἱ	ho	RA:----NPM-
01272002	Matt.27.20	δὲ	de	C-:--------
01272003	Matt.27.20	ἀρχιερεῖς	archiereus	N-:----NPM-
01272004	Matt.27.20	καὶ	kai	C-:--------
01272005	Matt.27.20	οἱ	ho	RA:----NPM-
01272006	Matt.27.20	πρεσβύτεροι	presbyteros	A-:----NPM-
01272007	Matt.27.20	ἔπεισαν	peithō	V-:3AAI-P--
01272008	Matt.27.20	τοὺς	ho	RA:----APM-
01272009	Matt.27.20	ὄχλους	ochlos	N-:----APM-
01272010	Matt.27.20	ἵνα	hina	C-:--------
01272011	Matt.27.20	αἰτήσωνται	aiteō	V-:3AMS-P--
01272012	Matt.27.20	τὸν	ho	RA:----ASM-
01272013	Matt.27.20	Βαραββᾶν	barabbas	N-:----ASM-
01272014	Matt.27.20	τὸν	ho	RA:----ASM-
01272015	Matt.27.20	δὲ	de	C-:--------
01272016	Matt.27.20	Ἰησοῦν	iēsous	N-:----ASM-
01272017	Matt.27.20	ἀπολέσωσιν	apollymi	V-:3AAS-P--
01272101	Matt.27.21	ἀποκριθεὶς	apokrinomai	V-:-APPNSM-
01272102	Matt.27.21	δὲ	de	C-:--------
01272103	Matt.27.21	ὁ	ho	RA:----NSM-
01272104	Matt.27.21	ἡγεμὼν	hēgemōn	N-:----NSM-
01272105	Matt.27.21	εἶπεν	legō	V-:3AAI-S--
01272106	Matt.27.21	αὐτοῖς	autos	RP:----DPM-
01272107	Matt.27.21	Τίνα	tis	RI:----ASM-
01272108	Matt.27.21	θέλετε	thelō	V-:2PAI-P--
01272109	Matt.27.21	ἀπὸ	apo	P-:--------
01272110	Matt.27.21	τῶν	ho	RA:----GPM-
01272111	Matt.27.21	δύο	dyo	A-:----GPM-
01272112	Matt.27.21	ἀπολύσω	apolyō	V-:1AAS-S--
01272113	Matt.27.21	ὑμῖν	sy	RP:----DP--
01272114	Matt.27.21	οἱ	ho	RA:----NPM-
01272115	Matt.27.21	δὲ	de	C-:--------
01272116	Matt.27.21	εἶπαν	legō	V-:3AAI-P--
01272117	Matt.27.21	Τὸν	ho	RA:----ASM-
01272118	Matt.27.21	Βαραββᾶν	barabbas	N-:----ASM-
01272201	Matt.27.22	λέγει	legō	V-:3PAI-S--
01272202	Matt.27.22	αὐτοῖς	autos	RP:----DPM-
01272203	Matt.27.22	ὁ	ho	RA:----NSM-
01272204	Matt.27.22	Πιλᾶτος	pilatos	N-:----NSM-
01272205	Matt.27.22	Τί	tis	RI:----ASN-
01272206	Matt.27.22	οὖν	oun	C-:--------
01272207	Matt.27.22	ποιήσω	poieō	V-:1AAS-S--
01272208	Matt.27.22	Ἰησοῦν	iēsous	N-:----ASM-
01272209	Matt.27.22	τὸν	ho	RA:----ASM-
01272210	Matt.27.22	λεγόμενον	legō	V-:-PPPASM-
01272211	Matt.27.22	χριστόν	christos	N-:----ASM-
01272212	Matt.27.22	λέγουσιν	legō	V-:3PAI-P--
01272213	Matt.27.22	πάντες	pas	A-:----NPM-
01272214	Matt.27.22	Σταυρωθήτω	stauroō	V-:3APD-S--
01272301	Matt.27.23	ὁ	ho	RA:----NSM-
01272302	Matt.27.23	δὲ	de	C-:--------
01272303	Matt.27.23	ἔφη	phēmi	V-:3IAI-S--
01272304	Matt.27.23	Τί	tis	RI:----ASN-
01272305	Matt.27.23	γὰρ	gar	C-:--------
01272306	Matt.27.23	κακὸν	kakos	A-:----ASN-
01272307	Matt.27.23	ἐποίησεν	poieō	V-:3AAI-S--
01272308	Matt.27.23	οἱ	ho	RA:----NPM-
01272309	Matt.27.23	δὲ	de	C-:--------
01272310	Matt.27.23	περισσῶς	perissōs	D-:--------
01272311	Matt.27.23	ἔκραζον	krazō	V-:3IAI-P--
01272312	Matt.27.23	λέγοντες	legō	V-:-PAPNPM-
01272313	Matt.27.23	Σταυρωθήτω	stauroō	V-:3APD-S--
01272401	Matt.27.24	ἰδὼν	horaō	V-:-AAPNSM-
01272402	Matt.27.24	δὲ	de	C-:--------
01272403	Matt.27.24	ὁ	ho	RA:----NSM-
01272404	Matt.27.24	Πιλᾶτος	pilatos	N-:----NSM-
01272405	Matt.27.24	ὅτι	hoti	C-:--------
01272406	Matt.27.24	οὐδὲν	oudeis	A-:----ASN-
01272407	Matt.27.24	ὠφελεῖ	ōpheleō	V-:3PAI-S--
01272408	Matt.27.24	ἀλλὰ	alla	C-:--------
01272409	Matt.27.24	μᾶλλον	mallon	D-:--------
01272410	Matt.27.24	θόρυβος	thorybos	N-:----NSM-
01272411	Matt.27.24	γίνεται	ginomai	V-:3PMI-S--
01272412	Matt.27.24	λαβὼν	lambanō	V-:-AAPNSM-
01272413	Matt.27.24	ὕδωρ	hydōr	N-:----ASN-
01272414	Matt.27.24	ἀπενίψατο	aponiptō	V-:3AMI-S--
01272415	Matt.27.24	τὰς	ho	RA:----APF-
01272416	Matt.27.24	χεῖρας	cheir	N-:----APF-
01272417	Matt.27.24	ἀπέναντι	apenanti	P-:--------
01272418	Matt.27.24	τοῦ	ho	RA:----GSM-
01272419	Matt.27.24	ὄχλου	ochlos	N-:----GSM-
01272420	Matt.27.24	λέγων	legō	V-:-PAPNSM-
01272421	Matt.27.24	Ἀθῷός	athōos	A-:----NSM-
01272422	Matt.27.24	εἰμι	eimi	V-:1PAI-S--
01272423	Matt.27.24	ἀπὸ	apo	P-:--------
01272424	Matt.27.24	τοῦ	ho	RA:----GSN-
01272425	Matt.27.24	αἵματος	haima	N-:----GSN-
01272426	Matt.27.24	τούτου	houtos	RD:----GSM-
01272427	Matt.27.24	ὑμεῖς	sy	RP:----NP--
01272428	Matt.27.24	ὄψεσθε	horaō	V-:2FMI-P--
01272501	Matt.27.25	καὶ	kai	C-:--------
01272502	Matt.27.25	ἀποκριθεὶς	apokrinomai	V-:-APPNSM-
01272503	Matt.27.25	πᾶς	pas	A-:----NSM-
01272504	Matt.27.25	ὁ	ho	RA:----NSM-
01272505	Matt.27.25	λαὸς	laos	N-:----NSM-
01272506	Matt.27.25	εἶπεν	legō	V-:3AAI-S--
01272507	Matt.27.25	Τὸ	ho	RA:----NSN-
01272508	Matt.27.25	αἷμα	haima	N-:----NSN-
01272509	Matt.27.25	αὐτοῦ	autos	RP:----GSM-
01272510	Matt.27.25	ἐφ’	epi	P-:--------
01272511	Matt.27.25	ἡμᾶς	egō	RP:----AP--
01272512	Matt.27.25	καὶ	kai	C-:--------
01272513	Matt.27.25	ἐπὶ	epi	P-:--------
01272514	Matt.27.25	τὰ	ho	RA:----APN-
01272515	Matt.27.25	τέκνα	teknon	N-:----APN-
01272516	Matt.27.25	ἡμῶν	egō	RP:----GP--
01272601	Matt.27.26	τότε	tote	D-:--------
01272602	Matt.27.26	ἀπέλυσεν	apolyō	V-:3AAI-S--
01272603	Matt.27.26	αὐτοῖς	autos	RP:----DPM-
01272604	Matt.27.26	τὸν	ho	RA:----ASM-
01272605	Matt.27.26	Βαραββᾶν	barabbas	N-:----ASM-
01272606	Matt.27.26	τὸν	ho	RA:----ASM-
01272607	Matt.27.26	δὲ	de	C-:--------
01272608	Matt.27.26	Ἰησοῦν	iēsous	N-:----ASM-
01272609	Matt.27.26	φραγελλώσας	phragelloō	V-:-AAPNSM-
01272610	Matt.27.26	παρέδωκεν	paradidōmi	V-:3AAI-S--
01272611	Matt.27.26	ἵνα	hina	C-:--------
01272612	Matt.27.26	σταυρωθῇ	stauroō	V-:3APS-S--
01272701	Matt.27.27	Τότε	tote	D-:--------
01272702	Matt.27.27	οἱ	ho	RA:----NPM-
01272703	Matt.27.27	στρατιῶται	stratiōtēs	N-:----NPM-
01272704	Matt.27.27	τοῦ	ho	RA:----GSM-
01272705	Matt.27.27	ἡγεμόνος	hēgemōn	N-:----GSM-
01272706	Matt.27.27	παραλαβόντες	paralambanō	V-:-AAPNPM-
01272707	Matt.27.27	τὸν	ho	RA:----ASM-
01272708	Matt.27.27	Ἰησοῦν	iēsous	N-:----ASM-
01272709	Matt.27.27	εἰς	eis	P-:--------
01272710	Matt.27.27	τὸ	ho	RA:----ASN-
01272711	Matt.27.27	πραιτώριον	praitōrion	N-:----ASN-
01272712	Matt.27.27	συνήγαγον	synagō	V-:3AAI-P--
01272713	Matt.27.27	ἐπ’	epi	P-:--------
01272714	Matt.27.27	αὐτὸν	autos	RP:----ASM-
01272715	Matt.27.27	ὅλην	holos	A-:----ASF-
01272716	Matt.27.27	τὴν	ho	RA:----ASF-
01272717	Matt.27.27	σπεῖραν	speira	N-:----ASF-
01272801	Matt.27.28	καὶ	kai	C-:--------
01272802	Matt.27.28	ἐκδύσαντες	ekdyō	V-:-AAPNPM-
01272803	Matt.27.28	αὐτὸν	autos	RP:----ASM-
01272804	Matt.27.28	χλαμύδα	chlamys	N-:----ASF-
01272805	Matt.27.28	κοκκίνην	kokkinos	A-:----ASF-
01272806	Matt.27.28	περιέθηκαν	peritithēmi	V-:3AAI-P--
01272807	Matt.27.28	αὐτῷ	autos	RP:----DSM-
01272901	Matt.27.29	καὶ	kai	C-:--------
01272902	Matt.27.29	πλέξαντες	plekō	V-:-AAPNPM-
01272903	Matt.27.29	στέφανον	stephanos	N-:----ASM-
01272904	Matt.27.29	ἐξ	ek	P-:--------
01272905	Matt.27.29	ἀκανθῶν	akantha	N-:----GPF-
01272906	Matt.27.29	ἐπέθηκαν	epitithēmi	V-:3AAI-P--
01272907	Matt.27.29	ἐπὶ	epi	P-:--------
01272908	Matt.27.29	τῆς	ho	RA:----GSF-
01272909	Matt.27.29	κεφαλῆς	kephalē	N-:----GSF-
01272910	Matt.27.29	αὐτοῦ	autos	RP:----GSM-
01272911	Matt.27.29	καὶ	kai	C-:--------
01272912	Matt.27.29	κάλαμον	kalamos	N-:----ASM-
01272913	Matt.27.29	ἐν	en	P-:--------
01272914	Matt.27.29	τῇ	ho	RA:----DSF-
01272915	Matt.27.29	δεξιᾷ	dexios	A-:----DSF-
01272916	Matt.27.29	αὐτοῦ	autos	RP:----GSM-
01272917	Matt.27.29	καὶ	kai	C-:--------
01272918	Matt.27.29	γονυπετήσαντες	gonypeteō	V-:-AAPNPM-
01272919	Matt.27.29	ἔμπροσθεν	emprosthen	P-:--------
01272920	Matt.27.29	αὐτοῦ	autos	RP:----GSM-
01272921	Matt.27.29	ἐνέπαιξαν	empaizō	V-:3AAI-P--
01272922	Matt.27.29	αὐτῷ	autos	RP:----DSM-
01272923	Matt.27.29	λέγοντες	legō	V-:-PAPNPM-
01272924	Matt.27.29	Χαῖρε	chairō	V-:2PAD-S--
01272925	Matt.27.29	βασιλεῦ	basileus	N-:----VSM-
01272926	Matt.27.29	τῶν	ho	RA:----GPM-
01272927	Matt.27.29	Ἰουδαίων	ioudaios	A-:----GPM-
01273001	Matt.27.30	καὶ	kai	C-:--------
01273002	Matt.27.30	ἐμπτύσαντες	emptyō	V-:-AAPNPM-
01273003	Matt.27.30	εἰς	eis	P-:--------
01273004	Matt.27.30	αὐτὸν	autos	RP:----ASM-
01273005	Matt.27.30	ἔλαβον	lambanō	V-:3AAI-P--
01273006	Matt.27.30	τὸν	ho	RA:----ASM-
01273007	Matt.27.30	κάλαμον	kalamos	N-:----ASM-
01273008	Matt.27.30	καὶ	kai	C-:--------
01273009	Matt.27.30	ἔτυπτον	typtō	V-:3IAI-P--
01273010	Matt.27.30	εἰς	eis	P-:--------
01273011	Matt.27.30	τὴν	ho	RA:----ASF-
01273012	Matt.27.30	κεφαλὴν	kephalē	N-:----ASF-
01273013	Matt.27.30	αὐτοῦ	autos	RP:----GSM-
01273101	Matt.27.31	καὶ	kai	C-:--------
01273102	Matt.27.31	ὅτε	hote	C-:--------
01273103	Matt.27.31	ἐνέπαιξαν	empaizō	V-:3AAI-P--
01273104	Matt.27.31	αὐτῷ	autos	RP:----DSM-
01273105	Matt.27.31	ἐξέδυσαν	ekdyō	V-:3AAI-P--
01273106	Matt.27.31	αὐτὸν	autos	RP:----ASM-
01273107	Matt.27.31	τὴν	ho	RA:----ASF-
01273108	Matt.27.31	χλαμύδα	chlamys	N-:----ASF-
01273109	Matt.27.31	καὶ	kai	C-:--------
01273110	Matt.27.31	ἐνέδυσαν	endyō	V-:3AAI-P--
01273111	Matt.27.31	αὐτὸν	autos	RP:----ASM-
01273112	Matt.27.31	τὰ	ho	RA:----APN-
01273113	Matt.27.31	ἱμάτια	himation	N-:----APN-
01273114	Matt.27.31	αὐτοῦ	autos	RP:----GSM-
01273115	Matt.27.31	καὶ	kai	C-:--------
01273116	Matt.27.31	ἀπήγαγον	apagō	V-:3AAI-P--
01273117	Matt.27.31	αὐτὸν	autos	RP:----ASM-
01273118	Matt.27.31	εἰς	eis	P-:--------
01273119	Matt.27.31	τὸ	ho	RA:----ASN-
01273120	Matt.27.31	σταυρῶσαι	stauroō	V-:-AAN----
01273201	Matt.27.32	Ἐξερχόμενοι	exerchomai	V-:-PMPNPM-
01273202	Matt.27.32	δὲ	de	C-:--------
01273203	Matt.27.32	εὗρον	heuriskō	V-:3AAI-P--
01273204	Matt.27.32	ἄνθρωπον	anthrōpos	N-:----ASM-
01273205	Matt.27.32	Κυρηναῖον	kyrēnaios	N-:----ASM-
01273206	Matt.27.32	ὀνόματι	onoma	N-:----DSN-
01273207	Matt.27.32	Σίμωνα	simōn	N-:----ASM-
01273208	Matt.27.32	τοῦτον	houtos	RD:----ASM-
01273209	Matt.27.32	ἠγγάρευσαν	angareuō	V-:3AAI-P--
01273210	Matt.27.32	ἵνα	hina	C-:--------
01273211	Matt.27.32	ἄρῃ	airō	V-:3AAS-S--
01273212	Matt.27.32	τὸν	ho	RA:----ASM-
01273213	Matt.27.32	σταυρὸν	stauros	N-:----ASM-
01273214	Matt.27.32	αὐτοῦ	autos	RP:----GSM-
01273301	Matt.27.33	Καὶ	kai	C-:--------
01273302	Matt.27.33	ἐλθόντες	erchomai	V-:-AAPNPM-
01273303	Matt.27.33	εἰς	eis	P-:--------
01273304	Matt.27.33	τόπον	topos	N-:----ASM-
01273305	Matt.27.33	λεγόμενον	legō	V-:-PPPASM-
01273306	Matt.27.33	Γολγοθᾶ	golgotha	N-:----ASF-
01273307	Matt.27.33	ὅ	hos	RR:----NSN-
01273308	Matt.27.33	ἐστιν	eimi	V-:3PAI-S--
01273309	Matt.27.33	Κρανίου	kranion	N-:----GSN-
01273310	Matt.27.33	Τόπος	topos	N-:----NSM-
01273311	Matt.27.33	λεγόμενος	legō	V-:-PPPNSM-
01273401	Matt.27.34	ἔδωκαν	didōmi	V-:3AAI-P--
01273402	Matt.27.34	αὐτῷ	autos	RP:----DSM-
01273403	Matt.27.34	πιεῖν	pinō	V-:-AAN----
01273404	Matt.27.34	οἶνον	oinos	N-:----ASM-
01273405	Matt.27.34	μετὰ	meta	P-:--------
01273406	Matt.27.34	χολῆς	cholē	N-:----GSF-
01273407	Matt.27.34	μεμιγμένον	mignymi	V-:-XPPASM-
01273408	Matt.27.34	καὶ	kai	C-:--------
01273409	Matt.27.34	γευσάμενος	geuomai	V-:-AMPNSM-
01273410	Matt.27.34	οὐκ	ou	D-:--------
01273411	Matt.27.34	ἠθέλησεν	thelō	V-:3AAI-S--
01273412	Matt.27.34	πιεῖν	pinō	V-:-AAN----
01273501	Matt.27.35	σταυρώσαντες	stauroō	V-:-AAPNPM-
01273502	Matt.27.35	δὲ	de	C-:--------
01273503	Matt.27.35	αὐτὸν	autos	RP:----ASM-
01273504	Matt.27.35	διεμερίσαντο	diamerizō	V-:3AMI-P--
01273505	Matt.27.35	τὰ	ho	RA:----APN-
01273506	Matt.27.35	ἱμάτια	himation	N-:----APN-
01273507	Matt.27.35	αὐτοῦ	autos	RP:----GSM-
01273508	Matt.27.35	βάλλοντες	ballō	V-:-PAPNPM-
01273509	Matt.27.35	κλῆρον	klēros	N-:----ASM-
01273601	Matt.27.36	καὶ	kai	C-:--------
01273602	Matt.27.36	καθήμενοι	kathēmai	V-:-PMPNPM-
01273603	Matt.27.36	ἐτήρουν	tēreō	V-:3IAI-P--
01273604	Matt.27.36	αὐτὸν	autos	RP:----ASM-
01273605	Matt.27.36	ἐκεῖ	ekei	D-:--------
01273701	Matt.27.37	καὶ	kai	C-:--------
01273702	Matt.27.37	ἐπέθηκαν	epitithēmi	V-:3AAI-P--
01273703	Matt.27.37	ἐπάνω	epanō	P-:--------
01273704	Matt.27.37	τῆς	ho	RA:----GSF-
01273705	Matt.27.37	κεφαλῆς	kephalē	N-:----GSF-
01273706	Matt.27.37	αὐτοῦ	autos	RP:----GSM-
01273707	Matt.27.37	τὴν	ho	RA:----ASF-
01273708	Matt.27.37	αἰτίαν	aitia	N-:----ASF-
01273709	Matt.27.37	αὐτοῦ	autos	RP:----GSM-
01273710	Matt.27.37	γεγραμμένην	graphō	V-:-XPPASF-
01273711	Matt.27.37	Οὗτός	houtos	RD:----NSM-
01273712	Matt.27.37	ἐστιν	eimi	V-:3PAI-S--
01273713	Matt.27.37	Ἰησοῦς	iēsous	N-:----NSM-
01273714	Matt.27.37	ὁ	ho	RA:----NSM-
01273715	Matt.27.37	βασιλεὺς	basileus	N-:----NSM-
01273716	Matt.27.37	τῶν	ho	RA:----GPM-
01273717	Matt.27.37	Ἰουδαίων	ioudaios	A-:----GPM-
01273801	Matt.27.38	Τότε	tote	D-:--------
01273802	Matt.27.38	σταυροῦνται	stauroō	V-:3PPI-P--
01273803	Matt.27.38	σὺν	syn	P-:--------
01273804	Matt.27.38	αὐτῷ	autos	RP:----DSM-
01273805	Matt.27.38	δύο	dyo	A-:----NPM-
01273806	Matt.27.38	λῃσταί	lēstēs	N-:----NPM-
01273807	Matt.27.38	εἷς	heis	A-:----NSM-
01273808	Matt.27.38	ἐκ	ek	P-:--------
01273809	Matt.27.38	δεξιῶν	dexios	A-:----GPN-
01273810	Matt.27.38	καὶ	kai	C-:--------
01273811	Matt.27.38	εἷς	heis	A-:----NSM-
01273812	Matt.27.38	ἐξ	ek	P-:--------
01273813	Matt.27.38	εὐωνύμων	euōnymos	A-:----GPN-
01273901	Matt.27.39	οἱ	ho	RA:----NPM-
01273902	Matt.27.39	δὲ	de	C-:--------
01273903	Matt.27.39	παραπορευόμενοι	paraporeuomai	V-:-PMPNPM-
01273904	Matt.27.39	ἐβλασφήμουν	blasphēmeō	V-:3IAI-P--
01273905	Matt.27.39	αὐτὸν	autos	RP:----ASM-
01273906	Matt.27.39	κινοῦντες	kineō	V-:-PAPNPM-
01273907	Matt.27.39	τὰς	ho	RA:----APF-
01273908	Matt.27.39	κεφαλὰς	kephalē	N-:----APF-
01273909	Matt.27.39	αὐτῶν	autos	RP:----GPM-
01274001	Matt.27.40	καὶ	kai	C-:--------
01274002	Matt.27.40	λέγοντες	legō	V-:-PAPNPM-
01274003	Matt.27.40	Ὁ	ho	RA:----NSM-
01274004	Matt.27.40	καταλύων	katalyō	V-:-PAPNSM-
01274005	Matt.27.40	τὸν	ho	RA:----ASM-
01274006	Matt.27.40	ναὸν	naos	N-:----ASM-
01274007	Matt.27.40	καὶ	kai	C-:--------
01274008	Matt.27.40	ἐν	en	P-:--------
01274009	Matt.27.40	τρισὶν	treis	A-:----DPF-
01274010	Matt.27.40	ἡμέραις	hēmera	N-:----DPF-
01274011	Matt.27.40	οἰκοδομῶν	oikodomeō	V-:-PAPNSM-
01274012	Matt.27.40	σῶσον	sōzō	V-:2AAD-S--
01274013	Matt.27.40	σεαυτόν	seautou	RP:----ASM-
01274014	Matt.27.40	εἰ	ei	C-:--------
01274015	Matt.27.40	υἱὸς	huios	N-:----NSM-
01274016	Matt.27.40	εἶ	eimi	V-:2PAI-S--
01274017	Matt.27.40	τοῦ	ho	RA:----GSM-
01274018	Matt.27.40	θεοῦ	theos	N-:----GSM-
01274019	Matt.27.40	κατάβηθι	katabainō	V-:2AAD-S--
01274020	Matt.27.40	ἀπὸ	apo	P-:--------
01274021	Matt.27.40	τοῦ	ho	RA:----GSM-
01274022	Matt.27.40	σταυροῦ	stauros	N-:----GSM-
01274101	Matt.27.41	ὁμοίως	homoiōs	D-:--------
01274102	Matt.27.41	καὶ	kai	D-:--------
01274103	Matt.27.41	οἱ	ho	RA:----NPM-
01274104	Matt.27.41	ἀρχιερεῖς	archiereus	N-:----NPM-
01274105	Matt.27.41	ἐμπαίζοντες	empaizō	V-:-PAPNPM-
01274106	Matt.27.41	μετὰ	meta	P-:--------
01274107	Matt.27.41	τῶν	ho	RA:----GPM-
01274108	Matt.27.41	γραμματέων	grammateus	N-:----GPM-
01274109	Matt.27.41	καὶ	kai	C-:--------
01274110	Matt.27.41	πρεσβυτέρων	presbyteros	A-:----GPM-
01274111	Matt.27.41	ἔλεγον	legō	V-:3IAI-P--
01274201	Matt.27.42	Ἄλλους	allos	A-:----APM-
01274202	Matt.27.42	ἔσωσεν	sōzō	V-:3AAI-S--
01274203	Matt.27.42	ἑαυτὸν	heautou	RP:----ASM-
01274204	Matt.27.42	οὐ	ou	D-:--------
01274205	Matt.27.42	δύναται	dynamai	V-:3PMI-S--
01274206	Matt.27.42	σῶσαι	sōzō	V-:-AAN----
01274207	Matt.27.42	βασιλεὺς	basileus	N-:----NSM-
01274208	Matt.27.42	Ἰσραήλ	israēl	N-:----GSM-
01274209	Matt.27.42	ἐστιν	eimi	V-:3PAI-S--
01274210	Matt.27.42	καταβάτω	katabainō	V-:3AAD-S--
01274211	Matt.27.42	νῦν	nyn	D-:--------
01274212	Matt.27.42	ἀπὸ	apo	P-:--------
01274213	Matt.27.42	τοῦ	ho	RA:----GSM-
01274214	Matt.27.42	σταυροῦ	stauros	N-:----GSM-
01274215	Matt.27.42	καὶ	kai	C-:--------
01274216	Matt.27.42	πιστεύσομεν	pisteuō	V-:1FAI-P--
01274217	Matt.27.42	ἐπ’	epi	P-:--------
01274218	Matt.27.42	αὐτόν	autos	RP:----ASM-
01274301	Matt.27.43	πέποιθεν	peithō	V-:3XAI-S--
01274302	Matt.27.43	ἐπὶ	epi	P-:--------
01274303	Matt.27.43	τὸν	ho	RA:----ASM-
01274304	Matt.27.43	θεόν	theos	N-:----ASM-
01274305	Matt.27.43	ῥυσάσθω	rhyomai	V-:3AMD-S--
01274306	Matt.27.43	νῦν	nyn	D-:--------
01274307	Matt.27.43	εἰ	ei	C-:--------
01274308	Matt.27.43	θέλει	thelō	V-:3PAI-S--
01274309	Matt.27.43	αὐτόν	autos	RP:----ASM-
01274310	Matt.27.43	εἶπεν	legō	V-:3AAI-S--
01274311	Matt.27.43	γὰρ	gar	C-:--------
01274312	Matt.27.43	ὅτι	hoti	C-:--------
01274313	Matt.27.43	Θεοῦ	theos	N-:----GSM-
01274314	Matt.27.43	εἰμι	eimi	V-:1PAI-S--
01274315	Matt.27.43	υἱός	huios	N-:----NSM-
01274401	Matt.27.44	τὸ	ho	RA:----ASN-
01274402	Matt.27.44	δ’	de	C-:--------
01274403	Matt.27.44	αὐτὸ	autos	A-:----ASN-
01274404	Matt.27.44	καὶ	kai	D-:--------
01274405	Matt.27.44	οἱ	ho	RA:----NPM-
01274406	Matt.27.44	λῃσταὶ	lēstēs	N-:----NPM-
01274407	Matt.27.44	οἱ	ho	RA:----NPM-
01274408	Matt.27.44	συσταυρωθέντες	systauroomai	V-:-APPNPM-
01274409	Matt.27.44	σὺν	syn	P-:--------
01274410	Matt.27.44	αὐτῷ	autos	RP:----DSM-
01274411	Matt.27.44	ὠνείδιζον	oneidizō	V-:3IAI-P--
01274412	Matt.27.44	αὐτόν	autos	RP:----ASM-
01274501	Matt.27.45	Ἀπὸ	apo	P-:--------
01274502	Matt.27.45	δὲ	de	C-:--------
01274503	Matt.27.45	ἕκτης	hektos	A-:----GSF-
01274504	Matt.27.45	ὥρας	hōra	N-:----GSF-
01274505	Matt.27.45	σκότος	skotos	N-:----NSN-
01274506	Matt.27.45	ἐγένετο	ginomai	V-:3AMI-S--
01274507	Matt.27.45	ἐπὶ	epi	P-:--------
01274508	Matt.27.45	πᾶσαν	pas	A-:----ASF-
01274509	Matt.27.45	τὴν	ho	RA:----ASF-
01274510	Matt.27.45	γῆν	gē	N-:----ASF-
01274511	Matt.27.45	ἕως	heōs	P-:--------
01274512	Matt.27.45	ὥρας	hōra	N-:----GSF-
01274513	Matt.27.45	ἐνάτης	enatos	A-:----GSF-
01274601	Matt.27.46	περὶ	peri	P-:--------
01274602	Matt.27.46	δὲ	de	C-:--------
01274603	Matt.27.46	τὴν	ho	RA:----ASF-
01274604	Matt.27.46	ἐνάτην	enatos	A-:----ASF-
01274605	Matt.27.46	ὥραν	hōra	N-:----ASF-
01274606	Matt.27.46	ἀνεβόησεν	anaboaō	V-:3AAI-S--
01274607	Matt.27.46	ὁ	ho	RA:----NSM-
01274608	Matt.27.46	Ἰησοῦς	iēsous	N-:----NSM-
01274609	Matt.27.46	φωνῇ	phōnē	N-:----DSF-
01274610	Matt.27.46	μεγάλῃ	megas	A-:----DSF-
01274611	Matt.27.46	λέγων	legō	V-:-PAPNSM-
01274612	Matt.27.46	Ἠλὶ	ēli	N-:----VSM-
01274613	Matt.27.46	ἠλὶ	ēli	N-:----VSM-
01274614	Matt.27.46	λεμὰ	lema	D-:--------
01274615	Matt.27.46	σαβαχθάνι	sabachthani	V-:2AAI-S--
01274616	Matt.27.46	τοῦτ’	houtos	RD:----NSN-
01274617	Matt.27.46	ἔστιν	eimi	V-:3PAI-S--
01274618	Matt.27.46	Θεέ	theos	N-:----VSM-
01274619	Matt.27.46	μου	egō	RP:----GS--
01274620	Matt.27.46	θεέ	theos	N-:----VSM-
01274621	Matt.27.46	μου	egō	RP:----GS--
01274622	Matt.27.46	ἱνατί	hinati	D-:--------
01274623	Matt.27.46	με	egō	RP:----AS--
01274624	Matt.27.46	ἐγκατέλιπες	enkataleipō	V-:2AAI-S--
01274701	Matt.27.47	τινὲς	tis2	RI:----NPM-
01274702	Matt.27.47	δὲ	de	C-:--------
01274703	Matt.27.47	τῶν	ho	RA:----GPM-
01274704	Matt.27.47	ἐκεῖ	ekei	D-:--------
01274705	Matt.27.47	ἑστηκότων	histēmi	V-:-XAPGPM-
01274706	Matt.27.47	ἀκούσαντες	akouō	V-:-AAPNPM-
01274707	Matt.27.47	ἔλεγον	legō	V-:3IAI-P--
01274708	Matt.27.47	ὅτι	hoti	C-:--------
01274709	Matt.27.47	Ἠλίαν	ēlias	N-:----ASM-
01274710	Matt.27.47	φωνεῖ	phōneō	V-:3PAI-S--
01274711	Matt.27.47	οὗτος	houtos	RD:----NSM-
01274801	Matt.27.48	καὶ	kai	C-:--------
01274802	Matt.27.48	εὐθέως	eutheōs	D-:--------
01274803	Matt.27.48	δραμὼν	trechō	V-:-AAPNSM-
01274804	Matt.27.48	εἷς	heis	A-:----NSM-
01274805	Matt.27.48	ἐξ	ek	P-:--------
01274806	Matt.27.48	αὐτῶν	autos	RP:----GPM-
01274807	Matt.27.48	καὶ	kai	C-:--------
01274808	Matt.27.48	λαβὼν	lambanō	V-:-AAPNSM-
01274809	Matt.27.48	σπόγγον	spongos	N-:----ASM-
01274810	Matt.27.48	πλήσας	pimplēmi	V-:-AAPNSM-
01274811	Matt.27.48	τε	te	C-:--------
01274812	Matt.27.48	ὄξους	oxos	N-:----GSN-
01274813	Matt.27.48	καὶ	kai	C-:--------
01274814	Matt.27.48	περιθεὶς	peritithēmi	V-:-AAPNSM-
01274815	Matt.27.48	καλάμῳ	kalamos	N-:----DSM-
01274816	Matt.27.48	ἐπότιζεν	potizō	V-:3IAI-S--
01274817	Matt.27.48	αὐτόν	autos	RP:----ASM-
01274901	Matt.27.49	οἱ	ho	RA:----NPM-
01274902	Matt.27.49	δὲ	de	C-:--------
01274903	Matt.27.49	λοιποὶ	loipos	A-:----NPM-
01274904	Matt.27.49	ἔλεγον	legō	V-:3IAI-P--
01274905	Matt.27.49	Ἄφες	aphiēmi	V-:2AAD-S--
01274906	Matt.27.49	ἴδωμεν	horaō	V-:1AAS-P--
01274907	Matt.27.49	εἰ	ei	X-:--------
01274908	Matt.27.49	ἔρχεται	erchomai	V-:3PMI-S--
01274909	Matt.27.49	Ἠλίας	ēlias	N-:----NSM-
01274910	Matt.27.49	σώσων	sōzō	V-:-FAPNSM-
01274911	Matt.27.49	αὐτόν	autos	RP:----ASM-
01275001	Matt.27.50	ὁ	ho	RA:----NSM-
01275002	Matt.27.50	δὲ	de	C-:--------
01275003	Matt.27.50	Ἰησοῦς	iēsous	N-:----NSM-
01275004	Matt.27.50	πάλιν	palin	D-:--------
01275005	Matt.27.50	κράξας	krazō	V-:-AAPNSM-
01275006	Matt.27.50	φωνῇ	phōnē	N-:----DSF-
01275007	Matt.27.50	μεγάλῃ	megas	A-:----DSF-
01275008	Matt.27.50	ἀφῆκεν	aphiēmi	V-:3AAI-S--
01275009	Matt.27.50	τὸ	ho	RA:----ASN-
01275010	Matt.27.50	πνεῦμα	pneuma	N-:----ASN-
01275101	Matt.27.51	καὶ	kai	C-:--------
01275102	Matt.27.51	ἰδοὺ	idou	X-:--------
01275103	Matt.27.51	τὸ	ho	RA:----NSN-
01275104	Matt.27.51	καταπέτασμα	katapetasma	N-:----NSN-
01275105	Matt.27.51	τοῦ	ho	RA:----GSM-
01275106	Matt.27.51	ναοῦ	naos	N-:----GSM-
01275107	Matt.27.51	ἐσχίσθη	schizō	V-:3API-S--
01275108	Matt.27.51	ἀπ’	apo	P-:--------
01275109	Matt.27.51	ἄνωθεν	anōthen	D-:--------
01275110	Matt.27.51	ἕως	heōs	P-:--------
01275111	Matt.27.51	κάτω	katō	D-:--------
01275112	Matt.27.51	εἰς	eis	P-:--------
01275113	Matt.27.51	δύο	dyo	A-:----APN-
01275114	Matt.27.51	καὶ	kai	C-:--------
01275115	Matt.27.51	ἡ	ho	RA:----NSF-
01275116	Matt.27.51	γῆ	gē	N-:----NSF-
01275117	Matt.27.51	ἐσείσθη	seiō	V-:3API-S--
01275118	Matt.27.51	καὶ	kai	C-:--------
01275119	Matt.27.51	αἱ	ho	RA:----NPF-
01275120	Matt.27.51	πέτραι	petra	N-:----NPF-
01275121	Matt.27.51	ἐσχίσθησαν	schizō	V-:3API-P--
01275201	Matt.27.52	καὶ	kai	C-:--------
01275202	Matt.27.52	τὰ	ho	RA:----NPN-
01275203	Matt.27.52	μνημεῖα	mnēmeion	N-:----NPN-
01275204	Matt.27.52	ἀνεῴχθησαν	anoigō	V-:3API-P--
01275205	Matt.27.52	καὶ	kai	C-:--------
01275206	Matt.27.52	πολλὰ	polys	A-:----NPN-
01275207	Matt.27.52	σώματα	sōma	N-:----NPN-
01275208	Matt.27.52	τῶν	ho	RA:----GPM-
01275209	Matt.27.52	κεκοιμημένων	koimaomai	V-:-XMPGPM-
01275210	Matt.27.52	ἁγίων	hagios	A-:----GPM-
01275211	Matt.27.52	ἠγέρθησαν	egeirō	V-:3API-P--
01275301	Matt.27.53	καὶ	kai	C-:--------
01275302	Matt.27.53	ἐξελθόντες	exerchomai	V-:-AAPNPM-
01275303	Matt.27.53	ἐκ	ek	P-:--------
01275304	Matt.27.53	τῶν	ho	RA:----GPN-
01275305	Matt.27.53	μνημείων	mnēmeion	N-:----GPN-
01275306	Matt.27.53	μετὰ	meta	P-:--------
01275307	Matt.27.53	τὴν	ho	RA:----ASF-
01275308	Matt.27.53	ἔγερσιν	egersis	N-:----ASF-
01275309	Matt.27.53	αὐτοῦ	autos	RP:----GSM-
01275310	Matt.27.53	εἰσῆλθον	eiserchomai	V-:3AAI-P--
01275311	Matt.27.53	εἰς	eis	P-:--------
01275312	Matt.27.53	τὴν	ho	RA:----ASF-
01275313	Matt.27.53	ἁγίαν	hagios	A-:----ASF-
01275314	Matt.27.53	πόλιν	polis	N-:----ASF-
01275315	Matt.27.53	καὶ	kai	C-:--------
01275316	Matt.27.53	ἐνεφανίσθησαν	emphanizō	V-:3API-P--
01275317	Matt.27.53	πολλοῖς	polys	A-:----DPM-
01275401	Matt.27.54	Ὁ	ho	RA:----NSM-
01275402	Matt.27.54	δὲ	de	C-:--------
01275403	Matt.27.54	ἑκατόνταρχος	hekatontarchos	N-:----NSM-
01275404	Matt.27.54	καὶ	kai	C-:--------
01275405	Matt.27.54	οἱ	ho	RA:----NPM-
01275406	Matt.27.54	μετ’	meta	P-:--------
01275407	Matt.27.54	αὐτοῦ	autos	RP:----GSM-
01275408	Matt.27.54	τηροῦντες	tēreō	V-:-PAPNPM-
01275409	Matt.27.54	τὸν	ho	RA:----ASM-
01275410	Matt.27.54	Ἰησοῦν	iēsous	N-:----ASM-
01275411	Matt.27.54	ἰδόντες	horaō	V-:-AAPNPM-
01275412	Matt.27.54	τὸν	ho	RA:----ASM-
01275413	Matt.27.54	σεισμὸν	seismos	N-:----ASM-
01275414	Matt.27.54	καὶ	kai	C-:--------
01275415	Matt.27.54	τὰ	ho	RA:----APN-
01275416	Matt.27.54	γενόμενα	ginomai	V-:-AMPAPN-
01275417	Matt.27.54	ἐφοβήθησαν	phobeomai	V-:3API-P--
01275418	Matt.27.54	σφόδρα	sphodra	D-:--------
01275419	Matt.27.54	λέγοντες	legō	V-:-PAPNPM-
01275420	Matt.27.54	Ἀληθῶς	alēthōs	D-:--------
01275421	Matt.27.54	θεοῦ	theos	N-:----GSM-
01275422	Matt.27.54	υἱὸς	huios	N-:----NSM-
01275423	Matt.27.54	ἦν	eimi	V-:3IAI-S--
01275424	Matt.27.54	οὗτος	houtos	RD:----NSM-
01275501	Matt.27.55	Ἦσαν	eimi	V-:3IAI-P--
01275502	Matt.27.55	δὲ	de	C-:--------
01275503	Matt.27.55	ἐκεῖ	ekei	D-:--------
01275504	Matt.27.55	γυναῖκες	gynē	N-:----NPF-
01275505	Matt.27.55	πολλαὶ	polys	A-:----NPF-
01275506	Matt.27.55	ἀπὸ	apo	P-:--------
01275507	Matt.27.55	μακρόθεν	makrothen	D-:--------
01275508	Matt.27.55	θεωροῦσαι	theōreō	V-:-PAPNPF-
01275509	Matt.27.55	αἵτινες	hostis	RR:----NPF-
01275510	Matt.27.55	ἠκολούθησαν	akoloutheō	V-:3AAI-P--
01275511	Matt.27.55	τῷ	ho	RA:----DSM-
01275512	Matt.27.55	Ἰησοῦ	iēsous	N-:----DSM-
01275513	Matt.27.55	ἀπὸ	apo	P-:--------
01275514	Matt.27.55	τῆς	ho	RA:----GSF-
01275515	Matt.27.55	Γαλιλαίας	galilaia	N-:----GSF-
01275516	Matt.27.55	διακονοῦσαι	diakoneō	V-:-PAPNPF-
01275517	Matt.27.55	αὐτῷ	autos	RP:----DSM-
01275601	Matt.27.56	ἐν	en	P-:--------
01275602	Matt.27.56	αἷς	hos	RR:----DPF-
01275603	Matt.27.56	ἦν	eimi	V-:3IAI-S--
01275604	Matt.27.56	Μαρία	maria	N-:----NSF-
01275605	Matt.27.56	ἡ	ho	RA:----NSF-
01275606	Matt.27.56	Μαγδαληνὴ	magdalēnē	N-:----NSF-
01275607	Matt.27.56	καὶ	kai	C-:--------
01275608	Matt.27.56	Μαρία	maria	N-:----NSF-
01275609	Matt.27.56	ἡ	ho	RA:----NSF-
01275610	Matt.27.56	τοῦ	ho	RA:----GSM-
01275611	Matt.27.56	Ἰακώβου	iakōbos	N-:----GSM-
01275612	Matt.27.56	καὶ	kai	C-:--------
01275613	Matt.27.56	Ἰωσὴφ	iōsēph	N-:----GSM-
01275614	Matt.27.56	μήτηρ	mētēr	N-:----NSF-
01275615	Matt.27.56	καὶ	kai	C-:--------
01275616	Matt.27.56	ἡ	ho	RA:----NSF-
01275617	Matt.27.56	μήτηρ	mētēr	N-:----NSF-
01275618	Matt.27.56	τῶν	ho	RA:----GPM-
01275619	Matt.27.56	υἱῶν	huios	N-:----GPM-
01275620	Matt.27.56	Ζεβεδαίου	zebedaios	N-:----GSM-
01275701	Matt.27.57	Ὀψίας	opsia	A-:----GSF-
01275702	Matt.27.57	δὲ	de	C-:--------
01275703	Matt.27.57	γενομένης	ginomai	V-:-AMPGSF-
01275704	Matt.27.57	ἦλθεν	erchomai	V-:3AAI-S--
01275705	Matt.27.57	ἄνθρωπος	anthrōpos	N-:----NSM-
01275706	Matt.27.57	πλούσιος	plousios	A-:----NSM-
01275707	Matt.27.57	ἀπὸ	apo	P-:--------
01275708	Matt.27.57	Ἁριμαθαίας	harimathaia	N-:----GSF-
01275709	Matt.27.57	τοὔνομα	tounoma	N-:----ASN-
01275710	Matt.27.57	Ἰωσήφ	iōsēph	N-:----NSM-
01275711	Matt.27.57	ὃς	hos	RR:----NSM-
01275712	Matt.27.57	καὶ	kai	D-:--------
01275713	Matt.27.57	αὐτὸς	autos	RP:----NSM-
01275714	Matt.27.57	ἐμαθητεύθη	mathēteuō	V-:3API-S--
01275715	Matt.27.57	τῷ	ho	RA:----DSM-
01275716	Matt.27.57	Ἰησοῦ	iēsous	N-:----DSM-
01275801	Matt.27.58	οὗτος	houtos	RD:----NSM-
01275802	Matt.27.58	προσελθὼν	proserchomai	V-:-AAPNSM-
01275803	Matt.27.58	τῷ	ho	RA:----DSM-
01275804	Matt.27.58	Πιλάτῳ	pilatos	N-:----DSM-
01275805	Matt.27.58	ᾐτήσατο	aiteō	V-:3AMI-S--
01275806	Matt.27.58	τὸ	ho	RA:----ASN-
01275807	Matt.27.58	σῶμα	sōma	N-:----ASN-
01275808	Matt.27.58	τοῦ	ho	RA:----GSM-
01275809	Matt.27.58	Ἰησοῦ	iēsous	N-:----GSM-
01275810	Matt.27.58	τότε	tote	D-:--------
01275811	Matt.27.58	ὁ	ho	RA:----NSM-
01275812	Matt.27.58	Πιλᾶτος	pilatos	N-:----NSM-
01275813	Matt.27.58	ἐκέλευσεν	keleuō	V-:3AAI-S--
01275814	Matt.27.58	ἀποδοθῆναι	apodidōmi	V-:-APN----
01275901	Matt.27.59	καὶ	kai	C-:--------
01275902	Matt.27.59	λαβὼν	lambanō	V-:-AAPNSM-
01275903	Matt.27.59	τὸ	ho	RA:----ASN-
01275904	Matt.27.59	σῶμα	sōma	N-:----ASN-
01275905	Matt.27.59	ὁ	ho	RA:----NSM-
01275906	Matt.27.59	Ἰωσὴφ	iōsēph	N-:----NSM-
01275907	Matt.27.59	ἐνετύλιξεν	entylissō	V-:3AAI-S--
01275908	Matt.27.59	αὐτὸ	autos	RP:----ASN-
01275909	Matt.27.59	σινδόνι	sindōn	N-:----DSF-
01275910	Matt.27.59	καθαρᾷ	katharos	A-:----DSF-
01276001	Matt.27.60	καὶ	kai	C-:--------
01276002	Matt.27.60	ἔθηκεν	tithēmi	V-:3AAI-S--
01276003	Matt.27.60	αὐτὸ	autos	RP:----ASN-
01276004	Matt.27.60	ἐν	en	P-:--------
01276005	Matt.27.60	τῷ	ho	RA:----DSN-
01276006	Matt.27.60	καινῷ	kainos	A-:----DSN-
01276007	Matt.27.60	αὐτοῦ	autos	RP:----GSM-
01276008	Matt.27.60	μνημείῳ	mnēmeion	N-:----DSN-
01276009	Matt.27.60	ὃ	hos	RR:----ASN-
01276010	Matt.27.60	ἐλατόμησεν	latomeō	V-:3AAI-S--
01276011	Matt.27.60	ἐν	en	P-:--------
01276012	Matt.27.60	τῇ	ho	RA:----DSF-
01276013	Matt.27.60	πέτρᾳ	petra	N-:----DSF-
01276014	Matt.27.60	καὶ	kai	C-:--------
01276015	Matt.27.60	προσκυλίσας	proskyliō	V-:-AAPNSM-
01276016	Matt.27.60	λίθον	lithos	N-:----ASM-
01276017	Matt.27.60	μέγαν	megas	A-:----ASM-
01276018	Matt.27.60	τῇ	ho	RA:----DSF-
01276019	Matt.27.60	θύρᾳ	thyra	N-:----DSF-
01276020	Matt.27.60	τοῦ	ho	RA:----GSN-
01276021	Matt.27.60	μνημείου	mnēmeion	N-:----GSN-
01276022	Matt.27.60	ἀπῆλθεν	aperchomai	V-:3AAI-S--
01276101	Matt.27.61	ἦν	eimi	V-:3IAI-S--
01276102	Matt.27.61	δὲ	de	C-:--------
01276103	Matt.27.61	ἐκεῖ	ekei	D-:--------
01276104	Matt.27.61	Μαριὰμ	mariam	N-:----NSF-
01276105	Matt.27.61	ἡ	ho	RA:----NSF-
01276106	Matt.27.61	Μαγδαληνὴ	magdalēnē	N-:----NSF-
01276107	Matt.27.61	καὶ	kai	C-:--------
01276108	Matt.27.61	ἡ	ho	RA:----NSF-
01276109	Matt.27.61	ἄλλη	allos	A-:----NSF-
01276110	Matt.27.61	Μαρία	maria	N-:----NSF-
01276111	Matt.27.61	καθήμεναι	kathēmai	V-:-PMPNPF-
01276112	Matt.27.61	ἀπέναντι	apenanti	P-:--------
01276113	Matt.27.61	τοῦ	ho	RA:----GSM-
01276114	Matt.27.61	τάφου	taphos	N-:----GSM-
01276201	Matt.27.62	Τῇ	ho	RA:----DSF-
01276202	Matt.27.62	δὲ	de	C-:--------
01276203	Matt.27.62	ἐπαύριον	epaurion	D-:--------
01276204	Matt.27.62	ἥτις	hostis	RR:----NSF-
01276205	Matt.27.62	ἐστὶν	eimi	V-:3PAI-S--
01276206	Matt.27.62	μετὰ	meta	P-:--------
01276207	Matt.27.62	τὴν	ho	RA:----ASF-
01276208	Matt.27.62	παρασκευήν	paraskeuē	N-:----ASF-
01276209	Matt.27.62	συνήχθησαν	synagō	V-:3API-P--
01276210	Matt.27.62	οἱ	ho	RA:----NPM-
01276211	Matt.27.62	ἀρχιερεῖς	archiereus	N-:----NPM-
01276212	Matt.27.62	καὶ	kai	C-:--------
01276213	Matt.27.62	οἱ	ho	RA:----NPM-
01276214	Matt.27.62	Φαρισαῖοι	pharisaios	N-:----NPM-
01276215	Matt.27.62	πρὸς	pros	P-:--------
01276216	Matt.27.62	Πιλᾶτον	pilatos	N-:----ASM-
01276301	Matt.27.63	λέγοντες	legō	V-:-PAPNPM-
01276302	Matt.27.63	Κύριε	kyrios	N-:----VSM-
01276303	Matt.27.63	ἐμνήσθημεν	mimnēskomai	V-:1API-P--
01276304	Matt.27.63	ὅτι	hoti	C-:--------
01276305	Matt.27.63	ἐκεῖνος	ekeinos	RD:----NSM-
01276306	Matt.27.63	ὁ	ho	RA:----NSM-
01276307	Matt.27.63	πλάνος	planos	A-:----NSM-
01276308	Matt.27.63	εἶπεν	legō	V-:3AAI-S--
01276309	Matt.27.63	ἔτι	eti	D-:--------
01276310	Matt.27.63	ζῶν	zaō	V-:-PAPNSM-
01276311	Matt.27.63	Μετὰ	meta	P-:--------
01276312	Matt.27.63	τρεῖς	treis	A-:----APF-
01276313	Matt.27.63	ἡμέρας	hēmera	N-:----APF-
01276314	Matt.27.63	ἐγείρομαι	egeirō	V-:1PPI-S--
01276401	Matt.27.64	κέλευσον	keleuō	V-:2AAD-S--
01276402	Matt.27.64	οὖν	oun	C-:--------
01276403	Matt.27.64	ἀσφαλισθῆναι	asphalizō	V-:-APN----
01276404	Matt.27.64	τὸν	ho	RA:----ASM-
01276405	Matt.27.64	τάφον	taphos	N-:----ASM-
01276406	Matt.27.64	ἕως	heōs	P-:--------
01276407	Matt.27.64	τῆς	ho	RA:----GSF-
01276408	Matt.27.64	τρίτης	tritos	A-:----GSF-
01276409	Matt.27.64	ἡμέρας	hēmera	N-:----GSF-
01276410	Matt.27.64	μήποτε	mēpote	C-:--------
01276411	Matt.27.64	ἐλθόντες	erchomai	V-:-AAPNPM-
01276412	Matt.27.64	οἱ	ho	RA:----NPM-
01276413	Matt.27.64	μαθηταὶ	mathētēs	N-:----NPM-
01276414	Matt.27.64	αὐτοῦ	autos	RP:----GSM-
01276415	Matt.27.64	κλέψωσιν	kleptō	V-:3AAS-P--
01276416	Matt.27.64	αὐτὸν	autos	RP:----ASM-
01276417	Matt.27.64	καὶ	kai	C-:--------
01276418	Matt.27.64	εἴπωσιν	legō	V-:3AAS-P--
01276419	Matt.27.64	τῷ	ho	RA:----DSM-
01276420	Matt.27.64	λαῷ	laos	N-:----DSM-
01276421	Matt.27.64	Ἠγέρθη	egeirō	V-:3API-S--
01276422	Matt.27.64	ἀπὸ	apo	P-:--------
01276423	Matt.27.64	τῶν	ho	RA:----GPM-
01276424	Matt.27.64	νεκρῶν	nekros	A-:----GPM-
01276425	Matt.27.64	καὶ	kai	C-:--------
01276426	Matt.27.64	ἔσται	eimi	V-:3FMI-S--
01276427	Matt.27.64	ἡ	ho	RA:----NSF-
01276428	Matt.27.64	ἐσχάτη	eschatos	A-:----NSF-
01276429	Matt.27.64	πλάνη	planē	N-:----NSF-
01276430	Matt.27.64	χείρων	cheirōn	A-:----NSFC
01276431	Matt.27.64	τῆς	ho	RA:----GSF-
01276432	Matt.27.64	πρώτης	prōtos	A-:----GSF-
01276501	Matt.27.65	ἔφη	phēmi	V-:3IAI-S--
01276502	Matt.27.65	αὐτοῖς	autos	RP:----DPM-
01276503	Matt.27.65	ὁ	ho	RA:----NSM-
01276504	Matt.27.65	Πιλᾶτος	pilatos	N-:----NSM-
01276505	Matt.27.65	Ἔχετε	echō	V-:2PAI-P--
01276506	Matt.27.65	κουστωδίαν	koustōdia	N-:----ASF-
01276507	Matt.27.65	ὑπάγετε	hypagō	V-:2PAD-P--
01276508	Matt.27.65	ἀσφαλίσασθε	asphalizō	V-:2AMD-P--
01276509	Matt.27.65	ὡς	hōs	C-:--------
01276510	Matt.27.65	οἴδατε	oida	V-:2XAI-P--
01276601	Matt.27.66	οἱ	ho	RA:----NPM-
01276602	Matt.27.66	δὲ	de	C-:--------
01276603	Matt.27.66	πορευθέντες	poreuomai	V-:-APPNPM-
01276604	Matt.27.66	ἠσφαλίσαντο	asphalizō	V-:3AMI-P--
01276605	Matt.27.66	τὸν	ho	RA:----ASM-
01276606	Matt.27.66	τάφον	taphos	N-:----ASM-
01276607	Matt.27.66	σφραγίσαντες	sphragizō	V-:-AAPNPM-
01276608	Matt.27.66	τὸν	ho	RA:----ASM-
01276609	Matt.27.66	λίθον	lithos	N-:----ASM-
01276610	Matt.27.66	μετὰ	meta	P-:--------
01276611	Matt.27.66	τῆς	ho	RA:----GSF-
01276612	Matt.27.66	κουστωδίας	koustōdia	N-:----GSF-
01280101	Matt.28.1	Ὀψὲ	opse	P-:--------
01280102	Matt.28.1	δὲ	de	C-:--------
01280103	Matt.28.1	σαββάτων	sabbaton	N-:----GPN-
01280104	Matt.28.1	τῇ	ho	RA:----DSF-
01280105	Matt.28.1	ἐπιφωσκούσῃ	epiphōskō	V-:-PAPDSF-
01280106	Matt.28.1	εἰς	eis	P-:--------
01280107	Matt.28.1	μίαν	heis	A-:----ASF-
01280108	Matt.28.1	σαββάτων	sabbaton	N-:----GPN-
01280109	Matt.28.1	ἦλθεν	erchomai	V-:3AAI-S--
01280110	Matt.28.1	Μαριὰμ	mariam	N-:----NSF-
01280111	Matt.28.1	ἡ	ho	RA:----NSF-
01280112	Matt.28.1	Μαγδαληνὴ	magdalēnē	N-:----NSF-
01280113	Matt.28.1	καὶ	kai	C-:--------
01280114	Matt.28.1	ἡ	ho	RA:----NSF-
01280115	Matt.28.1	ἄλλη	allos	A-:----NSF-
01280116	Matt.28.1	Μαρία	maria	N-:----NSF-
01280117	Matt.28.1	θεωρῆσαι	theōreō	V-:-AAN----
01280118	Matt.28.1	τὸν	ho	RA:----ASM-
01280119	Matt.28.1	τάφον	taphos	N-:----ASM-
01280201	Matt.28.2	καὶ	kai	C-:--------
01280202	Matt.28.2	ἰδοὺ	idou	X-:--------
01280203	Matt.28.2	σεισμὸς	seismos	N-:----NSM-
01280204	Matt.28.2	ἐγένετο	ginomai	V-:3AMI-S--
01280205	Matt.28.2	μέγας	megas	A-:----NSM-
01280206	Matt.28.2	ἄγγελος	angelos	N-:----NSM-
01280207	Matt.28.2	γὰρ	gar	C-:--------
01280208	Matt.28.2	κυρίου	kyrios	N-:----GSM-
01280209	Matt.28.2	καταβὰς	katabainō	V-:-AAPNSM-
01280210	Matt.28.2	ἐξ	ek	P-:--------
01280211	Matt.28.2	οὐρανοῦ	ouranos	N-:----GSM-
01280212	Matt.28.2	καὶ	kai	C-:--------
01280213	Matt.28.2	προσελθὼν	proserchomai	V-:-AAPNSM-
01280214	Matt.28.2	ἀπεκύλισε	apokyliō	V-:3AAI-S--
01280215	Matt.28.2	τὸν	ho	RA:----ASM-
01280216	Matt.28.2	λίθον	lithos	N-:----ASM-
01280217	Matt.28.2	καὶ	kai	C-:--------
01280218	Matt.28.2	ἐκάθητο	kathēmai	V-:3IMI-S--
01280219	Matt.28.2	ἐπάνω	epanō	P-:--------
01280220	Matt.28.2	αὐτοῦ	autos	RP:----GSM-
01280301	Matt.28.3	ἦν	eimi	V-:3IAI-S--
01280302	Matt.28.3	δὲ	de	C-:--------
01280303	Matt.28.3	ἡ	ho	RA:----NSF-
01280304	Matt.28.3	εἰδέα	eidea	N-:----NSF-
01280305	Matt.28.3	αὐτοῦ	autos	RP:----GSM-
01280306	Matt.28.3	ὡς	hōs	C-:--------
01280307	Matt.28.3	ἀστραπὴ	astrapē	N-:----NSF-
01280308	Matt.28.3	καὶ	kai	C-:--------
01280309	Matt.28.3	τὸ	ho	RA:----NSN-
01280310	Matt.28.3	ἔνδυμα	endyma	N-:----NSN-
01280311	Matt.28.3	αὐτοῦ	autos	RP:----GSM-
01280312	Matt.28.3	λευκὸν	leukos	A-:----NSN-
01280313	Matt.28.3	ὡς	hōs	C-:--------
01280314	Matt.28.3	χιών	chiōn	N-:----NSF-
01280401	Matt.28.4	ἀπὸ	apo	P-:--------
01280402	Matt.28.4	δὲ	de	C-:--------
01280403	Matt.28.4	τοῦ	ho	RA:----GSM-
01280404	Matt.28.4	φόβου	phobos	N-:----GSM-
01280405	Matt.28.4	αὐτοῦ	autos	RP:----GSM-
01280406	Matt.28.4	ἐσείσθησαν	seiō	V-:3API-P--
01280407	Matt.28.4	οἱ	ho	RA:----NPM-
01280408	Matt.28.4	τηροῦντες	tēreō	V-:-PAPNPM-
01280409	Matt.28.4	καὶ	kai	C-:--------
01280410	Matt.28.4	ἐγενήθησαν	ginomai	V-:3API-P--
01280411	Matt.28.4	ὡς	hōs	C-:--------
01280412	Matt.28.4	νεκροί	nekros	A-:----NPM-
01280501	Matt.28.5	ἀποκριθεὶς	apokrinomai	V-:-APPNSM-
01280502	Matt.28.5	δὲ	de	C-:--------
01280503	Matt.28.5	ὁ	ho	RA:----NSM-
01280504	Matt.28.5	ἄγγελος	angelos	N-:----NSM-
01280505	Matt.28.5	εἶπεν	legō	V-:3AAI-S--
01280506	Matt.28.5	ταῖς	ho	RA:----DPF-
01280507	Matt.28.5	γυναιξίν	gynē	N-:----DPF-
01280508	Matt.28.5	Μὴ	mē	D-:--------
01280509	Matt.28.5	φοβεῖσθε	phobeomai	V-:2PMD-P--
01280510	Matt.28.5	ὑμεῖς	sy	RP:----NP--
01280511	Matt.28.5	οἶδα	oida	V-:1XAI-S--
01280512	Matt.28.5	γὰρ	gar	C-:--------
01280513	Matt.28.5	ὅτι	hoti	C-:--------
01280514	Matt.28.5	Ἰησοῦν	iēsous	N-:----ASM-
01280515	Matt.28.5	τὸν	ho	RA:----ASM-
01280516	Matt.28.5	ἐσταυρωμένον	stauroō	V-:-XPPASM-
01280517	Matt.28.5	ζητεῖτε	zēteō	V-:2PAI-P--
01280601	Matt.28.6	οὐκ	ou	D-:--------
01280602	Matt.28.6	ἔστιν	eimi	V-:3PAI-S--
01280603	Matt.28.6	ὧδε	hōde	D-:--------
01280604	Matt.28.6	ἠγέρθη	egeirō	V-:3API-S--
01280605	Matt.28.6	γὰρ	gar	C-:--------
01280606	Matt.28.6	καθὼς	kathōs	C-:--------
01280607	Matt.28.6	εἶπεν	legō	V-:3AAI-S--
01280608	Matt.28.6	δεῦτε	deute	D-:--------
01280609	Matt.28.6	ἴδετε	horaō	V-:2AAD-P--
01280610	Matt.28.6	τὸν	ho	RA:----ASM-
01280611	Matt.28.6	τόπον	topos	N-:----ASM-
01280612	Matt.28.6	ὅπου	hopou	D-:--------
01280613	Matt.28.6	ἔκειτο	keimai	V-:3IMI-S--
01280701	Matt.28.7	καὶ	kai	C-:--------
01280702	Matt.28.7	ταχὺ	tachy	A-:----ASN-
01280703	Matt.28.7	πορευθεῖσαι	poreuomai	V-:-APPNPF-
01280704	Matt.28.7	εἴπατε	legō	V-:2AAD-P--
01280705	Matt.28.7	τοῖς	ho	RA:----DPM-
01280706	Matt.28.7	μαθηταῖς	mathētēs	N-:----DPM-
01280707	Matt.28.7	αὐτοῦ	autos	RP:----GSM-
01280708	Matt.28.7	ὅτι	hoti	C-:--------
01280709	Matt.28.7	Ἠγέρθη	egeirō	V-:3API-S--
01280710	Matt.28.7	ἀπὸ	apo	P-:--------
01280711	Matt.28.7	τῶν	ho	RA:----GPM-
01280712	Matt.28.7	νεκρῶν	nekros	A-:----GPM-
01280713	Matt.28.7	καὶ	kai	C-:--------
01280714	Matt.28.7	ἰδοὺ	idou	X-:--------
01280715	Matt.28.7	προάγει	proagō	V-:3PAI-S--
01280716	Matt.28.7	ὑμᾶς	sy	RP:----AP--
01280717	Matt.28.7	εἰς	eis	P-:--------
01280718	Matt.28.7	τὴν	ho	RA:----ASF-
01280719	Matt.28.7	Γαλιλαίαν	galilaia	N-:----ASF-
01280720	Matt.28.7	ἐκεῖ	ekei	D-:--------
01280721	Matt.28.7	αὐτὸν	autos	RP:----ASM-
01280722	Matt.28.7	ὄψεσθε	horaō	V-:2FMI-P--
01280723	Matt.28.7	ἰδοὺ	idou	X-:--------
01280724	Matt.28.7	εἶπον	legō	V-:1AAI-S--
01280725	Matt.28.7	ὑμῖν	sy	RP:----DP--
01280801	Matt.28.8	καὶ	kai	C-:--------
01280802	Matt.28.8	ἀπελθοῦσαι	aperchomai	V-:-AAPNPF-
01280803	Matt.28.8	ταχὺ	tachy	A-:----ASN-
01280804	Matt.28.8	ἀπὸ	apo	P-:--------
01280805	Matt.28.8	τοῦ	ho	RA:----GSN-
01280806	Matt.28.8	μνημείου	mnēmeion	N-:----GSN-
01280807	Matt.28.8	μετὰ	meta	P-:--------
01280808	Matt.28.8	φόβου	phobos	N-:----GSM-
01280809	Matt.28.8	καὶ	kai	C-:--------
01280810	Matt.28.8	χαρᾶς	chara	N-:----GSF-
01280811	Matt.28.8	μεγάλης	megas	A-:----GSF-
01280812	Matt.28.8	ἔδραμον	trechō	V-:3AAI-P--
01280813	Matt.28.8	ἀπαγγεῖλαι	apangellō	V-:-AAN----
01280814	Matt.28.8	τοῖς	ho	RA:----DPM-
01280815	Matt.28.8	μαθηταῖς	mathētēs	N-:----DPM-
01280816	Matt.28.8	αὐτοῦ	autos	RP:----GSM-
01280901	Matt.28.9	καὶ	kai	C-:--------
01280902	Matt.28.9	ἰδοὺ	idou	X-:--------
01280903	Matt.28.9	Ἰησοῦς	iēsous	N-:----NSM-
01280904	Matt.28.9	ὑπήντησεν	hypantaō	V-:3AAI-S--
01280905	Matt.28.9	αὐταῖς	autos	RP:----DPF-
01280906	Matt.28.9	λέγων	legō	V-:-PAPNSM-
01280907	Matt.28.9	Χαίρετε	chairō	V-:2PAD-P--
01280908	Matt.28.9	αἱ	ho	RA:----NPF-
01280909	Matt.28.9	δὲ	de	C-:--------
01280910	Matt.28.9	προσελθοῦσαι	proserchomai	V-:-AAPNPF-
01280911	Matt.28.9	ἐκράτησαν	krateō	V-:3AAI-P--
01280912	Matt.28.9	αὐτοῦ	autos	RP:----GSM-
01280913	Matt.28.9	τοὺς	ho	RA:----APM-
01280914	Matt.28.9	πόδας	pous	N-:----APM-
01280915	Matt.28.9	καὶ	kai	C-:--------
01280916	Matt.28.9	προσεκύνησαν	proskyneō	V-:3AAI-P--
01280917	Matt.28.9	αὐτῷ	autos	RP:----DSM-
01281001	Matt.28.10	τότε	tote	D-:--------
01281002	Matt.28.10	λέγει	legō	V-:3PAI-S--
01281003	Matt.28.10	αὐταῖς	autos	RP:----DPF-
01281004	Matt.28.10	ὁ	ho	RA:----NSM-
01281005	Matt.28.10	Ἰησοῦς	iēsous	N-:----NSM-
01281006	Matt.28.10	Μὴ	mē	D-:--------
01281007	Matt.28.10	φοβεῖσθε	phobeomai	V-:2PMD-P--
01281008	Matt.28.10	ὑπάγετε	hypagō	V-:2PAD-P--
01281009	Matt.28.10	ἀπαγγείλατε	apangellō	V-:2AAD-P--
01281010	Matt.28.10	τοῖς	ho	RA:----DPM-
01281011	Matt.28.10	ἀδελφοῖς	adelphos	N-:----DPM-
01281012	Matt.28.10	μου	egō	RP:----GS--
01281013	Matt.28.10	ἵνα	hina	C-:--------
01281014	Matt.28.10	ἀπέλθωσιν	aperchomai	V-:3AAS-P--
01281015	Matt.28.10	εἰς	eis	P-:--------
01281016	Matt.28.10	τὴν	ho	RA:----ASF-
01281017	Matt.28.10	Γαλιλαίαν	galilaia	N-:----ASF-
01281018	Matt.28.10	κἀκεῖ	kakei	C-:--------
01281019	Matt.28.10	με	egō	RP:----AS--
01281020	Matt.28.10	ὄψονται	horaō	V-:3FMI-P--
01281101	Matt.28.11	Πορευομένων	poreuomai	V-:-PMPGPM-
01281102	Matt.28.11	δὲ	de	C-:--------
01281103	Matt.28.11	αὐτῶν	autos	RP:----GPF-
01281104	Matt.28.11	ἰδού	idou	I-:--------
01281105	Matt.28.11	τινες	tis2	RI:----NPM-
01281106	Matt.28.11	τῆς	ho	RA:----GSF-
01281107	Matt.28.11	κουστωδίας	koustōdia	N-:----GSF-
01281108	Matt.28.11	ἐλθόντες	erchomai	V-:-AAPNPM-
01281109	Matt.28.11	εἰς	eis	P-:--------
01281110	Matt.28.11	τὴν	ho	RA:----ASF-
01281111	Matt.28.11	πόλιν	polis	N-:----ASF-
01281112	Matt.28.11	ἀπήγγειλαν	apangellō	V-:3AAI-P--
01281113	Matt.28.11	τοῖς	ho	RA:----DPM-
01281114	Matt.28.11	ἀρχιερεῦσιν	archiereus	N-:----DPM-
01281115	Matt.28.11	ἅπαντα	hapas	A-:----APN-
01281116	Matt.28.11	τὰ	ho	RA:----APN-
01281117	Matt.28.11	γενόμενα	ginomai	V-:-AMPAPN-
01281201	Matt.28.12	καὶ	kai	C-:--------
01281202	Matt.28.12	συναχθέντες	synagō	V-:-APPNPM-
01281203	Matt.28.12	μετὰ	meta	P-:--------
01281204	Matt.28.12	τῶν	ho	RA:----GPM-
01281205	Matt.28.12	πρεσβυτέρων	presbyteros	A-:----GPM-
01281206	Matt.28.12	συμβούλιόν	symboulion	N-:----ASN-
01281207	Matt.28.12	τε	te	C-:--------
01281208	Matt.28.12	λαβόντες	lambanō	V-:-AAPNPM-
01281209	Matt.28.12	ἀργύρια	argyrion	N-:----APN-
01281210	Matt.28.12	ἱκανὰ	hikanos	A-:----APN-
01281211	Matt.28.12	ἔδωκαν	didōmi	V-:3AAI-P--
01281212	Matt.28.12	τοῖς	ho	RA:----DPM-
01281213	Matt.28.12	στρατιώταις	stratiōtēs	N-:----DPM-
01281301	Matt.28.13	λέγοντες	legō	V-:-PAPNPM-
01281302	Matt.28.13	Εἴπατε	legō	V-:2AAD-P--
01281303	Matt.28.13	ὅτι	hoti	C-:--------
01281304	Matt.28.13	Οἱ	ho	RA:----NPM-
01281305	Matt.28.13	μαθηταὶ	mathētēs	N-:----NPM-
01281306	Matt.28.13	αὐτοῦ	autos	RP:----GSM-
01281307	Matt.28.13	νυκτὸς	nyx	N-:----GSF-
01281308	Matt.28.13	ἐλθόντες	erchomai	V-:-AAPNPM-
01281309	Matt.28.13	ἔκλεψαν	kleptō	V-:3AAI-P--
01281310	Matt.28.13	αὐτὸν	autos	RP:----ASM-
01281311	Matt.28.13	ἡμῶν	egō	RP:----GP--
01281312	Matt.28.13	κοιμωμένων	koimaomai	V-:-PMPGPM-
01281401	Matt.28.14	καὶ	kai	C-:--------
01281402	Matt.28.14	ἐὰν	ean	C-:--------
01281403	Matt.28.14	ἀκουσθῇ	akouō	V-:3APS-S--
01281404	Matt.28.14	τοῦτο	houtos	RD:----NSN-
01281405	Matt.28.14	ἐπὶ	epi	P-:--------
01281406	Matt.28.14	τοῦ	ho	RA:----GSM-
01281407	Matt.28.14	ἡγεμόνος	hēgemōn	N-:----GSM-
01281408	Matt.28.14	ἡμεῖς	egō	RP:----NP--
01281409	Matt.28.14	πείσομεν	peithō	V-:1FAI-P--
01281410	Matt.28.14	αὐτὸν	autos	RP:----ASM-
01281411	Matt.28.14	καὶ	kai	C-:--------
01281412	Matt.28.14	ὑμᾶς	sy	RP:----AP--
01281413	Matt.28.14	ἀμερίμνους	amerimnos	A-:----APM-
01281414	Matt.28.14	ποιήσομεν	poieō	V-:1FAI-P--
01281501	Matt.28.15	οἱ	ho	RA:----NPM-
01281502	Matt.28.15	δὲ	de	C-:--------
01281503	Matt.28.15	λαβόντες	lambanō	V-:-AAPNPM-
01281504	Matt.28.15	τὰ	ho	RA:----APN-
01281505	Matt.28.15	ἀργύρια	argyrion	N-:----APN-
01281506	Matt.28.15	ἐποίησαν	poieō	V-:3AAI-P--
01281507	Matt.28.15	ὡς	hōs	C-:--------
01281508	Matt.28.15	ἐδιδάχθησαν	didaskō	V-:3API-P--
01281509	Matt.28.15	Καὶ	kai	C-:--------
01281510	Matt.28.15	διεφημίσθη	diaphēmizō	V-:3API-S--
01281511	Matt.28.15	ὁ	ho	RA:----NSM-
01281512	Matt.28.15	λόγος	logos	N-:----NSM-
01281513	Matt.28.15	οὗτος	houtos	RD:----NSM-
01281514	Matt.28.15	παρὰ	para	P-:--------
01281515	Matt.28.15	Ἰουδαίοις	ioudaios	A-:----DPM-
01281516	Matt.28.15	μέχρι	mechri(s)	P-:--------
01281517	Matt.28.15	τῆς	ho	RA:----GSF-
01281518	Matt.28.15	σήμερον	sēmeron	D-:--------
01281519	Matt.28.15	ἡμέρας	hēmera	N-:----GSF-
01281601	Matt.28.16	Οἱ	ho	RA:----NPM-
01281602	Matt.28.16	δὲ	de	C-:--------
01281603	Matt.28.16	ἕνδεκα	hendeka	A-:----NPM-
01281604	Matt.28.16	μαθηταὶ	mathētēs	N-:----NPM-
01281605	Matt.28.16	ἐπορεύθησαν	poreuomai	V-:3API-P--
01281606	Matt.28.16	εἰς	eis	P-:--------
01281607	Matt.28.16	τὴν	ho	RA:----ASF-
01281608	Matt.28.16	Γαλιλαίαν	galilaia	N-:----ASF-
01281609	Matt.28.16	εἰς	eis	P-:--------
01281610	Matt.28.16	τὸ	ho	RA:----ASN-
01281611	Matt.28.16	ὄρος	oros	N-:----ASN-
01281612	Matt.28.16	οὗ	hou	D-:--------
01281613	Matt.28.16	ἐτάξατο	tassō	V-:3AMI-S--
01281614	Matt.28.16	αὐτοῖς	autos	RP:----DPM-
01281615	Matt.28.16	ὁ	ho	RA:----NSM-
01281616	Matt.28.16	Ἰησοῦς	iēsous	N-:----NSM-
01281701	Matt.28.17	καὶ	kai	C-:--------
01281702	Matt.28.17	ἰδόντες	horaō	V-:-AAPNPM-
01281703	Matt.28.17	αὐτὸν	autos	RP:----ASM-
01281704	Matt.28.17	προσεκύνησαν	proskyneō	V-:3AAI-P--
01281705	Matt.28.17	οἱ	ho	RA:----NPM-
01281706	Matt.28.17	δὲ	de	C-:--------
01281707	Matt.28.17	ἐδίστασαν	distazō	V-:3AAI-P--
01281801	Matt.28.18	καὶ	kai	C-:--------
01281802	Matt.28.18	προσελθὼν	proserchomai	V-:-AAPNSM-
01281803	Matt.28.18	ὁ	ho	RA:----NSM-
01281804	Matt.28.18	Ἰησοῦς	iēsous	N-:----NSM-
01281805	Matt.28.18	ἐλάλησεν	laleō	V-:3AAI-S--
01281806	Matt.28.18	αὐτοῖς	autos	RP:----DPM-
01281807	Matt.28.18	λέγων	legō	V-:-PAPNSM-
01281808	Matt.28.18	Ἐδόθη	didōmi	V-:3API-S--
01281809	Matt.28.18	μοι	egō	RP:----DS--
01281810	Matt.28.18	πᾶσα	pas	A-:----NSF-
01281811	Matt.28.18	ἐξουσία	exousia	N-:----NSF-
01281812	Matt.28.18	ἐν	en	P-:--------
01281813	Matt.28.18	οὐρανῷ	ouranos	N-:----DSM-
01281814	Matt.28.18	καὶ	kai	C-:--------
01281815	Matt.28.18	ἐπὶ	epi	P-:--------
01281816	Matt.28.18	τῆς	ho	RA:----GSF-
01281817	Matt.28.18	γῆς	gē	N-:----GSF-
01281901	Matt.28.19	πορευθέντες	poreuomai	V-:-APPNPM-
01281902	Matt.28.19	οὖν	oun	C-:--------
01281903	Matt.28.19	μαθητεύσατε	mathēteuō	V-:2AAD-P--
01281904	Matt.28.19	πάντα	pas	A-:----APN-
01281905	Matt.28.19	τὰ	ho	RA:----APN-
01281906	Matt.28.19	ἔθνη	ethnos	N-:----APN-
01281907	Matt.28.19	βαπτίζοντες	baptizō	V-:-PAPNPM-
01281908	Matt.28.19	αὐτοὺς	autos	RP:----APM-
01281909	Matt.28.19	εἰς	eis	P-:--------
01281910	Matt.28.19	τὸ	ho	RA:----ASN-
01281911	Matt.28.19	ὄνομα	onoma	N-:----ASN-
01281912	Matt.28.19	τοῦ	ho	RA:----GSM-
01281913	Matt.28.19	πατρὸς	patēr	N-:----GSM-
01281914	Matt.28.19	καὶ	kai	C-:--------
01281915	Matt.28.19	τοῦ	ho	RA:----GSM-
01281916	Matt.28.19	υἱοῦ	huios	N-:----GSM-
01281917	Matt.28.19	καὶ	kai	C-:--------
01281918	Matt.28.19	τοῦ	ho	RA:----GSN-
01281919	Matt.28.19	ἁγίου	hagios	A-:----GSN-
01281920	Matt.28.19	πνεύματος	pneuma	N-:----GSN-
01282001	Matt.28.20	διδάσκοντες	didaskō	V-:-PAPNPM-
01282002	Matt.28.20	αὐτοὺς	autos	RP:----APM-
01282003	Matt.28.20	τηρεῖν	tēreō	V-:-PAN----
01282004	Matt.28.20	πάντα	pas	A-:----APN-
01282005	Matt.28.20	ὅσα	hosos	RR:----APN-
01282006	Matt.28.20	ἐνετειλάμην	entellomai	V-:1AMI-S--
01282007	Matt.28.20	ὑμῖν	sy	RP:----DP--
01282008	Matt.28.20	καὶ	kai	C-:--------
01282009	Matt.28.20	ἰδοὺ	idou	X-:--------
01282010	Matt.28.20	ἐγὼ	egō	RP:----NS--
01282011	Matt.28.20	μεθ’	meta	P-:--------
01282012	Matt.28.20	ὑμῶν	sy	RP:----GP--
01282013	Matt.28.20	εἰμι	eimi	V-:1PAI-S--
01282014	Matt.28.20	πάσας	pas	A-:----APF-
01282015	Matt.28.20	τὰς	ho	RA:----APF-
01282016	Matt.28.20	ἡμέρας	hēmera	N-:----APF-
01282017	Matt.28.20	ἕως	heōs	P-:--------
01282018	Matt.28.20	τῆς	ho	RA:----GSF-
01282019	Matt.28.20	συντελείας	synteleia	N-:----GSF-
01282020	Matt.28.20	τοῦ	ho	RA:----GSM-
01282021	Matt.28.20	αἰῶνος	aiōn	N-:----GSM-
